experiment,func,dim,elimination_rate,evolution_points,rep,fopt
4,Rastrigin,10,0.1,"(0.5,)",0,371.3624391388082
4,Rastrigin,10,0.1,"(0.5,)",1,377.3832734879798
4,Rastrigin,10,0.1,"(0.5,)",2,369.3466494979565
4,Rastrigin,10,0.1,"(0.5,)",3,385.4347867558598
4,Rastrigin,10,0.1,"(0.5,)",4,387.4422105511234
4,Rastrigin,10,0.1,"(0.5,)",5,379.39887804726095
4,Rastrigin,10,0.1,"(0.5,)",6,385.4296982794847
4,Rastrigin,10,0.1,"(0.5,)",7,357.2938623360459
4,Rastrigin,10,0.1,"(0.5,)",8,375.3754375341593
4,Rastrigin,10,0.1,"(0.5,)",9,379.3947062964785
4,Rastrigin,10,0.1,"(0.5,)",10,403.51874412264465
4,Rastrigin,10,0.1,"(0.5,)",11,389.4527855323677
4,Rastrigin,10,0.1,"(0.5,)",12,373.3703440476349
4,Rastrigin,10,0.1,"(0.5,)",13,377.3893982835351
4,Rastrigin,10,0.1,"(0.5,)",14,371.36034498069796
4,Rastrigin,10,0.1,"(0.5,)",15,395.4764371255313
4,Rastrigin,10,0.1,"(0.5,)",16,389.443782074424
4,Rastrigin,10,0.1,"(0.5,)",17,371.36236773306746
4,Rastrigin,10,0.1,"(0.5,)",18,403.50973040285174
4,Rastrigin,10,0.1,"(0.5,)",19,363.3224225960281
4,Rastrigin,10,0.1,"(0.5,)",20,395.482932075314
4,Rastrigin,10,0.1,"(0.5,)",21,387.44022433800325
4,Rastrigin,10,0.1,"(0.5,)",22,387.4470777453192
4,Rastrigin,10,0.1,"(0.5,)",23,373.36587017641455
4,Rastrigin,10,0.1,"(0.5,)",24,395.483949519783
4,Rastrigin,10,0.1,"(0.5,)",25,379.3982430416277
4,Rastrigin,10,0.1,"(0.5,)",26,377.382899686169
4,Rastrigin,10,0.1,"(0.5,)",27,385.4276463999547
4,Rastrigin,10,0.1,"(0.5,)",28,371.36089222199905
4,Rastrigin,10,0.1,"(0.5,)",29,395.4828306267822
4,Rastrigin,10,0.1,"(0.5, 0.75)",0,363.32047303983927
4,Rastrigin,10,0.1,"(0.5, 0.75)",1,345.22513962841816
4,Rastrigin,10,0.1,"(0.5, 0.75)",2,403.5142782198429
4,Rastrigin,10,0.1,"(0.5, 0.75)",3,389.4530620948325
4,Rastrigin,10,0.1,"(0.5, 0.75)",4,395.4761963462728
4,Rastrigin,10,0.1,"(0.5, 0.75)",5,375.37820353537876
4,Rastrigin,10,0.1,"(0.5, 0.75)",6,381.410072424271
4,Rastrigin,10,0.1,"(0.5, 0.75)",7,403.5223235623636
4,Rastrigin,10,0.1,"(0.5, 0.75)",8,377.3947108423263
4,Rastrigin,10,0.1,"(0.5, 0.75)",9,395.47906027034196
4,Rastrigin,10,0.1,"(0.5, 0.75)",10,395.4822680322666
4,Rastrigin,10,0.1,"(0.5, 0.75)",11,389.45031099542194
4,Rastrigin,10,0.1,"(0.5, 0.75)",12,353.26482411532703
4,Rastrigin,10,0.1,"(0.5, 0.75)",13,395.4766687062137
4,Rastrigin,10,0.1,"(0.5, 0.75)",14,381.4114458839814
4,Rastrigin,10,0.1,"(0.5, 0.75)",15,387.43858658101055
4,Rastrigin,10,0.1,"(0.5, 0.75)",16,381.4077692733185
4,Rastrigin,10,0.1,"(0.5, 0.75)",17,385.4262276799924
4,Rastrigin,10,0.1,"(0.5, 0.75)",18,395.4770546244029
4,Rastrigin,10,0.1,"(0.5, 0.75)",19,403.51117789196854
4,Rastrigin,10,0.1,"(0.5, 0.75)",20,395.48623482340656
4,Rastrigin,10,0.1,"(0.5, 0.75)",21,373.3671314911797
4,Rastrigin,10,0.1,"(0.5, 0.75)",22,377.38338695217294
4,Rastrigin,10,0.1,"(0.5, 0.75)",23,387.43965939118794
4,Rastrigin,10,0.1,"(0.5, 0.75)",24,395.4803791185882
4,Rastrigin,10,0.1,"(0.5, 0.75)",25,377.3915746019539
4,Rastrigin,10,0.1,"(0.5, 0.75)",26,385.4256726093023
4,Rastrigin,10,0.1,"(0.5, 0.75)",27,373.36920817537606
4,Rastrigin,10,0.1,"(0.5, 0.75)",28,375.3785499112889
4,Rastrigin,10,0.1,"(0.5, 0.75)",29,385.42491300517355
4,Rastrigin,10,0.1,"(0.33, 0.66)",0,353.2718352387178
4,Rastrigin,10,0.1,"(0.33, 0.66)",1,389.44845675378406
4,Rastrigin,10,0.1,"(0.33, 0.66)",2,387.43870572332264
4,Rastrigin,10,0.1,"(0.33, 0.66)",3,375.37873045526175
4,Rastrigin,10,0.1,"(0.33, 0.66)",4,379.3956591901138
4,Rastrigin,10,0.1,"(0.33, 0.66)",5,361.3088767120663
4,Rastrigin,10,0.1,"(0.33, 0.66)",6,377.39182089708316
4,Rastrigin,10,0.1,"(0.33, 0.66)",7,371.36297147562857
4,Rastrigin,10,0.1,"(0.33, 0.66)",8,385.4264434652517
4,Rastrigin,10,0.1,"(0.33, 0.66)",9,403.51746250810277
4,Rastrigin,10,0.1,"(0.33, 0.66)",10,381.40934091068044
4,Rastrigin,10,0.1,"(0.33, 0.66)",11,385.4302853165393
4,Rastrigin,10,0.1,"(0.33, 0.66)",12,395.477489708665
4,Rastrigin,10,0.1,"(0.33, 0.66)",13,377.385368050552
4,Rastrigin,10,0.1,"(0.33, 0.66)",14,395.4782185236908
4,Rastrigin,10,0.1,"(0.33, 0.66)",15,385.42138711523205
4,Rastrigin,10,0.1,"(0.33, 0.66)",16,377.38500137591586
4,Rastrigin,10,0.1,"(0.33, 0.66)",17,387.44330977226264
4,Rastrigin,10,0.1,"(0.33, 0.66)",18,379.39463595745764
4,Rastrigin,10,0.1,"(0.33, 0.66)",19,389.453335917417
4,Rastrigin,10,0.1,"(0.33, 0.66)",20,381.40590229944644
4,Rastrigin,10,0.1,"(0.33, 0.66)",21,381.4141391617769
4,Rastrigin,10,0.1,"(0.33, 0.66)",22,375.37866038203475
4,Rastrigin,10,0.1,"(0.33, 0.66)",23,385.42175885207183
4,Rastrigin,10,0.1,"(0.33, 0.66)",24,353.26715416322713
4,Rastrigin,10,0.1,"(0.33, 0.66)",25,389.45329980028094
4,Rastrigin,10,0.1,"(0.33, 0.66)",26,389.45248720170173
4,Rastrigin,10,0.1,"(0.33, 0.66)",27,377.38932464971737
4,Rastrigin,10,0.1,"(0.33, 0.66)",28,361.30759134776025
4,Rastrigin,10,0.1,"(0.33, 0.66)",29,389.44827201697467
4,Rastrigin,10,0.1,"(0.25, 0.5, 0.75)",0,373.3730338606228
4,Rastrigin,10,0.1,"(0.25, 0.5, 0.75)",1,355.27755473197396
4,Rastrigin,10,0.1,"(0.25, 0.5, 0.75)",2,385.4236174270515
4,Rastrigin,10,0.1,"(0.25, 0.5, 0.75)",3,387.4410710386098
4,Rastrigin,10,0.1,"(0.25, 0.5, 0.75)",4,385.42280528121785
4,Rastrigin,10,0.1,"(0.25, 0.5, 0.75)",5,371.3550060490055
4,Rastrigin,10,0.1,"(0.25, 0.5, 0.75)",6,395.47908061172336
4,Rastrigin,10,0.1,"(0.25, 0.5, 0.75)",7,389.4510208351685
4,Rastrigin,10,0.1,"(0.25, 0.5, 0.75)",8,377.38503567214684
4,Rastrigin,10,0.1,"(0.25, 0.5, 0.75)",9,381.4083716062815
4,Rastrigin,10,0.1,"(0.25, 0.5, 0.75)",10,377.3892453431289
4,Rastrigin,10,0.1,"(0.25, 0.5, 0.75)",11,385.4339863466095
4,Rastrigin,10,0.1,"(0.25, 0.5, 0.75)",12,355.27319458296233
4,Rastrigin,10,0.1,"(0.25, 0.5, 0.75)",13,385.4205108727211
4,Rastrigin,10,0.1,"(0.25, 0.5, 0.75)",14,375.38292667671567
4,Rastrigin,10,0.1,"(0.25, 0.5, 0.75)",15,381.4090885176158
4,Rastrigin,10,0.1,"(0.25, 0.5, 0.75)",16,387.44194452900354
4,Rastrigin,10,0.1,"(0.25, 0.5, 0.75)",17,403.525179983492
4,Rastrigin,10,0.1,"(0.25, 0.5, 0.75)",18,377.3850300335267
4,Rastrigin,10,0.1,"(0.25, 0.5, 0.75)",19,369.35003200068024
4,Rastrigin,10,0.1,"(0.25, 0.5, 0.75)",20,381.4096897460964
4,Rastrigin,10,0.1,"(0.25, 0.5, 0.75)",21,387.43699918132114
4,Rastrigin,10,0.1,"(0.25, 0.5, 0.75)",22,377.3880326359259
4,Rastrigin,10,0.1,"(0.25, 0.5, 0.75)",23,359.2968481775866
4,Rastrigin,10,0.1,"(0.25, 0.5, 0.75)",24,403.51637961876526
4,Rastrigin,10,0.1,"(0.25, 0.5, 0.75)",25,359.30158435551306
4,Rastrigin,10,0.1,"(0.25, 0.5, 0.75)",26,395.4745091887999
4,Rastrigin,10,0.1,"(0.25, 0.5, 0.75)",27,381.4072978285484
4,Rastrigin,10,0.1,"(0.25, 0.5, 0.75)",28,377.39259213618794
4,Rastrigin,10,0.1,"(0.25, 0.5, 0.75)",29,389.44259793473424
4,Rastrigin,10,0.25,"(0.5,)",0,381.4124169961131
4,Rastrigin,10,0.25,"(0.5,)",1,395.4779332018406
4,Rastrigin,10,0.25,"(0.5,)",2,363.31468940657254
4,Rastrigin,10,0.25,"(0.5,)",3,377.38880794310813
4,Rastrigin,10,0.25,"(0.5,)",4,389.4484058153774
4,Rastrigin,10,0.25,"(0.5,)",5,385.42823979402925
4,Rastrigin,10,0.25,"(0.5,)",6,389.4501178261955
4,Rastrigin,10,0.25,"(0.5,)",7,395.4820495586382
4,Rastrigin,10,0.25,"(0.5,)",8,367.33609041329805
4,Rastrigin,10,0.25,"(0.5,)",9,377.39035891046916
4,Rastrigin,10,0.25,"(0.5,)",10,385.43261853837623
4,Rastrigin,10,0.25,"(0.5,)",11,387.43710985567316
4,Rastrigin,10,0.25,"(0.5,)",12,395.4833314808072
4,Rastrigin,10,0.25,"(0.5,)",13,377.390092464071
4,Rastrigin,10,0.25,"(0.5,)",14,387.44504963872555
4,Rastrigin,10,0.25,"(0.5,)",15,377.3886750893916
4,Rastrigin,10,0.25,"(0.5,)",16,385.43352638549675
4,Rastrigin,10,0.25,"(0.5,)",17,367.3301738766136
4,Rastrigin,10,0.25,"(0.5,)",18,381.412723676578
4,Rastrigin,10,0.25,"(0.5,)",19,395.47545429339067
4,Rastrigin,10,0.25,"(0.5,)",20,369.35035615922254
4,Rastrigin,10,0.25,"(0.5,)",21,389.45440683458094
4,Rastrigin,10,0.25,"(0.5,)",22,389.44818350073416
4,Rastrigin,10,0.25,"(0.5,)",23,381.41102209359326
4,Rastrigin,10,0.25,"(0.5,)",24,351.2524602728333
4,Rastrigin,10,0.25,"(0.5,)",25,381.41127661434945
4,Rastrigin,10,0.25,"(0.5,)",26,367.33367982052744
4,Rastrigin,10,0.25,"(0.5,)",27,377.3933675968667
4,Rastrigin,10,0.25,"(0.5,)",28,395.4849606104708
4,Rastrigin,10,0.25,"(0.5,)",29,395.4770280436327
4,Rastrigin,10,0.25,"(0.5, 0.75)",0,357.28623196579946
4,Rastrigin,10,0.25,"(0.5, 0.75)",1,377.39219566719214
4,Rastrigin,10,0.25,"(0.5, 0.75)",2,387.43228453982783
4,Rastrigin,10,0.25,"(0.5, 0.75)",3,387.4384939271453
4,Rastrigin,10,0.25,"(0.5, 0.75)",4,367.3378352950011
4,Rastrigin,10,0.25,"(0.5, 0.75)",5,371.35933517661306
4,Rastrigin,10,0.25,"(0.5, 0.75)",6,385.4293267826932
4,Rastrigin,10,0.25,"(0.5, 0.75)",7,371.36312740250503
4,Rastrigin,10,0.25,"(0.5, 0.75)",8,395.47646893141183
4,Rastrigin,10,0.25,"(0.5, 0.75)",9,377.38598735323103
4,Rastrigin,10,0.25,"(0.5, 0.75)",10,395.47708977279075
4,Rastrigin,10,0.25,"(0.5, 0.75)",11,381.4032348977621
4,Rastrigin,10,0.25,"(0.5, 0.75)",12,403.5121417891642
4,Rastrigin,10,0.25,"(0.5, 0.75)",13,387.4393747551049
4,Rastrigin,10,0.25,"(0.5, 0.75)",14,387.433632205087
4,Rastrigin,10,0.25,"(0.5, 0.75)",15,377.38236498435333
4,Rastrigin,10,0.25,"(0.5, 0.75)",16,359.2941739876957
4,Rastrigin,10,0.25,"(0.5, 0.75)",17,385.43063332459093
4,Rastrigin,10,0.25,"(0.5, 0.75)",18,371.3521290490636
4,Rastrigin,10,0.25,"(0.5, 0.75)",19,379.4019834224182
4,Rastrigin,10,0.25,"(0.5, 0.75)",20,367.33233432088105
4,Rastrigin,10,0.25,"(0.5, 0.75)",21,389.4528725207621
4,Rastrigin,10,0.25,"(0.5, 0.75)",22,385.4322339509713
4,Rastrigin,10,0.25,"(0.5, 0.75)",23,403.5230599289406
4,Rastrigin,10,0.25,"(0.5, 0.75)",24,389.4474002430818
4,Rastrigin,10,0.25,"(0.5, 0.75)",25,403.51391192245245
4,Rastrigin,10,0.25,"(0.5, 0.75)",26,377.38561086594035
4,Rastrigin,10,0.25,"(0.5, 0.75)",27,381.40942983731236
4,Rastrigin,10,0.25,"(0.5, 0.75)",28,403.5216942249296
4,Rastrigin,10,0.25,"(0.5, 0.75)",29,357.2883786275482
4,Rastrigin,10,0.25,"(0.33, 0.66)",0,377.3913627864431
4,Rastrigin,10,0.25,"(0.33, 0.66)",1,357.29027568884976
4,Rastrigin,10,0.25,"(0.33, 0.66)",2,389.449324517496
4,Rastrigin,10,0.25,"(0.33, 0.66)",3,403.5187262566557
4,Rastrigin,10,0.25,"(0.33, 0.66)",4,385.43043145126944
4,Rastrigin,10,0.25,"(0.33, 0.66)",5,403.5157453757393
4,Rastrigin,10,0.25,"(0.33, 0.66)",6,395.48028295332654
4,Rastrigin,10,0.25,"(0.33, 0.66)",7,395.47869835088085
4,Rastrigin,10,0.25,"(0.33, 0.66)",8,379.402252756538
4,Rastrigin,10,0.25,"(0.33, 0.66)",9,381.4087589223294
4,Rastrigin,10,0.25,"(0.33, 0.66)",10,389.4493366039735
4,Rastrigin,10,0.25,"(0.33, 0.66)",11,369.3505839945048
4,Rastrigin,10,0.25,"(0.33, 0.66)",12,363.3174177359305
4,Rastrigin,10,0.25,"(0.33, 0.66)",13,385.42622421659456
4,Rastrigin,10,0.25,"(0.33, 0.66)",14,403.52140970677425
4,Rastrigin,10,0.25,"(0.33, 0.66)",15,363.3196094478367
4,Rastrigin,10,0.25,"(0.33, 0.66)",16,381.4145403972673
4,Rastrigin,10,0.25,"(0.33, 0.66)",17,385.42205252188955
4,Rastrigin,10,0.25,"(0.33, 0.66)",18,395.48437694976684
4,Rastrigin,10,0.25,"(0.33, 0.66)",19,385.4247423358343
4,Rastrigin,10,0.25,"(0.33, 0.66)",20,389.4492375665197
4,Rastrigin,10,0.25,"(0.33, 0.66)",21,379.3949473665975
4,Rastrigin,10,0.25,"(0.33, 0.66)",22,403.5167597775265
4,Rastrigin,10,0.25,"(0.33, 0.66)",23,389.44627798778885
4,Rastrigin,10,0.25,"(0.33, 0.66)",24,377.3927355450587
4,Rastrigin,10,0.25,"(0.33, 0.66)",25,381.41073905469807
4,Rastrigin,10,0.25,"(0.33, 0.66)",26,389.44531647753246
4,Rastrigin,10,0.25,"(0.33, 0.66)",27,375.37908011357865
4,Rastrigin,10,0.25,"(0.33, 0.66)",28,385.429511390665
4,Rastrigin,10,0.25,"(0.33, 0.66)",29,367.33391551951445
4,Rastrigin,10,0.25,"(0.25, 0.5, 0.75)",0,387.4380532043592
4,Rastrigin,10,0.25,"(0.25, 0.5, 0.75)",1,395.48290625795045
4,Rastrigin,10,0.25,"(0.25, 0.5, 0.75)",2,367.34311415218286
4,Rastrigin,10,0.25,"(0.25, 0.5, 0.75)",3,381.4068381195514
4,Rastrigin,10,0.25,"(0.25, 0.5, 0.75)",4,377.38792765110514
4,Rastrigin,10,0.25,"(0.25, 0.5, 0.75)",5,387.4357527794669
4,Rastrigin,10,0.25,"(0.25, 0.5, 0.75)",6,377.3845065545616
4,Rastrigin,10,0.25,"(0.25, 0.5, 0.75)",7,377.384591911548
4,Rastrigin,10,0.25,"(0.25, 0.5, 0.75)",8,379.4018398603421
4,Rastrigin,10,0.25,"(0.25, 0.5, 0.75)",9,387.4481591331519
4,Rastrigin,10,0.25,"(0.25, 0.5, 0.75)",10,377.3886899073193
4,Rastrigin,10,0.25,"(0.25, 0.5, 0.75)",11,389.44417729257344
4,Rastrigin,10,0.25,"(0.25, 0.5, 0.75)",12,371.36309494814645
4,Rastrigin,10,0.25,"(0.25, 0.5, 0.75)",13,385.4329562277988
4,Rastrigin,10,0.25,"(0.25, 0.5, 0.75)",14,371.3580252703249
4,Rastrigin,10,0.25,"(0.25, 0.5, 0.75)",15,381.40526761940583
4,Rastrigin,10,0.25,"(0.25, 0.5, 0.75)",16,395.4768873083641
4,Rastrigin,10,0.25,"(0.25, 0.5, 0.75)",17,377.38626003604463
4,Rastrigin,10,0.25,"(0.25, 0.5, 0.75)",18,389.4505306254585
4,Rastrigin,10,0.25,"(0.25, 0.5, 0.75)",19,379.40362041856616
4,Rastrigin,10,0.25,"(0.25, 0.5, 0.75)",20,377.392234368581
4,Rastrigin,10,0.25,"(0.25, 0.5, 0.75)",21,395.4785733737299
4,Rastrigin,10,0.25,"(0.25, 0.5, 0.75)",22,375.3805979483042
4,Rastrigin,10,0.25,"(0.25, 0.5, 0.75)",23,403.5107520801371
4,Rastrigin,10,0.25,"(0.25, 0.5, 0.75)",24,359.3059234123149
4,Rastrigin,10,0.25,"(0.25, 0.5, 0.75)",25,389.44205892780235
4,Rastrigin,10,0.25,"(0.25, 0.5, 0.75)",26,377.38909900646524
4,Rastrigin,10,0.25,"(0.25, 0.5, 0.75)",27,395.47666777692393
4,Rastrigin,10,0.25,"(0.25, 0.5, 0.75)",28,377.3882737461518
4,Rastrigin,10,0.25,"(0.25, 0.5, 0.75)",29,365.32850439138025
4,Rastrigin,10,0.4,"(0.5,)",0,395.47286599372893
4,Rastrigin,10,0.4,"(0.5,)",1,389.4484253816818
4,Rastrigin,10,0.4,"(0.5,)",2,377.39127069158883
4,Rastrigin,10,0.4,"(0.5,)",3,385.4296476296006
4,Rastrigin,10,0.4,"(0.5,)",4,395.48811852826816
4,Rastrigin,10,0.4,"(0.5,)",5,377.38947861755474
4,Rastrigin,10,0.4,"(0.5,)",6,403.51483576048724
4,Rastrigin,10,0.4,"(0.5,)",7,389.44352320599126
4,Rastrigin,10,0.4,"(0.5,)",8,375.3833928856662
4,Rastrigin,10,0.4,"(0.5,)",9,371.3594827918894
4,Rastrigin,10,0.4,"(0.5,)",10,389.44902352346236
4,Rastrigin,10,0.4,"(0.5,)",11,395.4787264795386
4,Rastrigin,10,0.4,"(0.5,)",12,387.4424519889785
4,Rastrigin,10,0.4,"(0.5,)",13,403.515429231649
4,Rastrigin,10,0.4,"(0.5,)",14,371.36041087361315
4,Rastrigin,10,0.4,"(0.5,)",15,367.33401822259583
4,Rastrigin,10,0.4,"(0.5,)",16,377.3957671907299
4,Rastrigin,10,0.4,"(0.5,)",17,385.4293601950146
4,Rastrigin,10,0.4,"(0.5,)",18,381.41013068571345
4,Rastrigin,10,0.4,"(0.5,)",19,385.43352928406756
4,Rastrigin,10,0.4,"(0.5,)",20,375.3811818820525
4,Rastrigin,10,0.4,"(0.5,)",21,403.5123492793028
4,Rastrigin,10,0.4,"(0.5,)",22,373.37391467342087
4,Rastrigin,10,0.4,"(0.5,)",23,395.4756646129657
4,Rastrigin,10,0.4,"(0.5,)",24,395.48331496097944
4,Rastrigin,10,0.4,"(0.5,)",25,371.36186932050765
4,Rastrigin,10,0.4,"(0.5,)",26,381.4040721957465
4,Rastrigin,10,0.4,"(0.5,)",27,377.38298318427496
4,Rastrigin,10,0.4,"(0.5,)",28,403.5163558591618
4,Rastrigin,10,0.4,"(0.5,)",29,379.3996988278635
4,Rastrigin,10,0.4,"(0.5, 0.75)",0,387.43471235767987
4,Rastrigin,10,0.4,"(0.5, 0.75)",1,367.3431611539443
4,Rastrigin,10,0.4,"(0.5, 0.75)",2,381.402677100925
4,Rastrigin,10,0.4,"(0.5, 0.75)",3,395.48759205893344
4,Rastrigin,10,0.4,"(0.5, 0.75)",4,385.4331914888221
4,Rastrigin,10,0.4,"(0.5, 0.75)",5,367.3310034499058
4,Rastrigin,10,0.4,"(0.5, 0.75)",6,387.43555136380365
4,Rastrigin,10,0.4,"(0.5, 0.75)",7,395.4711364542404
4,Rastrigin,10,0.4,"(0.5, 0.75)",8,387.4431253166236
4,Rastrigin,10,0.4,"(0.5, 0.75)",9,377.39244411449516
4,Rastrigin,10,0.4,"(0.5, 0.75)",10,359.2929176276373
4,Rastrigin,10,0.4,"(0.5, 0.75)",11,395.47544798592463
4,Rastrigin,10,0.4,"(0.5, 0.75)",12,369.350324119287
4,Rastrigin,10,0.4,"(0.5, 0.75)",13,371.35867038646904
4,Rastrigin,10,0.4,"(0.5, 0.75)",14,387.44090831418333
4,Rastrigin,10,0.4,"(0.5, 0.75)",15,387.43812073149604
4,Rastrigin,10,0.4,"(0.5, 0.75)",16,385.42453019737263
4,Rastrigin,10,0.4,"(0.5, 0.75)",17,359.30249916054305
4,Rastrigin,10,0.4,"(0.5, 0.75)",18,377.3915710925168
4,Rastrigin,10,0.4,"(0.5, 0.75)",19,381.4152116324765
4,Rastrigin,10,0.4,"(0.5, 0.75)",20,395.48358207219144
4,Rastrigin,10,0.4,"(0.5, 0.75)",21,367.33821812948287
4,Rastrigin,10,0.4,"(0.5, 0.75)",22,369.34252915674244
4,Rastrigin,10,0.4,"(0.5, 0.75)",23,377.389023854374
4,Rastrigin,10,0.4,"(0.5, 0.75)",24,385.4333489675278
4,Rastrigin,10,0.4,"(0.5, 0.75)",25,395.4784292912323
4,Rastrigin,10,0.4,"(0.5, 0.75)",26,395.4734352341477
4,Rastrigin,10,0.4,"(0.5, 0.75)",27,381.4089917594629
4,Rastrigin,10,0.4,"(0.5, 0.75)",28,377.38910150833215
4,Rastrigin,10,0.4,"(0.5, 0.75)",29,381.4029175368965
4,Rastrigin,10,0.4,"(0.33, 0.66)",0,359.297869282135
4,Rastrigin,10,0.4,"(0.33, 0.66)",1,403.51616327768835
4,Rastrigin,10,0.4,"(0.33, 0.66)",2,385.43157026594736
4,Rastrigin,10,0.4,"(0.33, 0.66)",3,373.36336852228635
4,Rastrigin,10,0.4,"(0.33, 0.66)",4,351.2563085640394
4,Rastrigin,10,0.4,"(0.33, 0.66)",5,403.5177128769925
4,Rastrigin,10,0.4,"(0.33, 0.66)",6,377.3917317653622
4,Rastrigin,10,0.4,"(0.33, 0.66)",7,389.45415326593013
4,Rastrigin,10,0.4,"(0.33, 0.66)",8,385.42803130241845
4,Rastrigin,10,0.4,"(0.33, 0.66)",9,349.24836943647284
4,Rastrigin,10,0.4,"(0.33, 0.66)",10,343.2176871498404
4,Rastrigin,10,0.4,"(0.33, 0.66)",11,395.47847253584524
4,Rastrigin,10,0.4,"(0.33, 0.66)",12,385.42643249677946
4,Rastrigin,10,0.4,"(0.33, 0.66)",13,389.45036829096637
4,Rastrigin,10,0.4,"(0.33, 0.66)",14,403.5210986006646
4,Rastrigin,10,0.4,"(0.33, 0.66)",15,389.4523181750222
4,Rastrigin,10,0.4,"(0.33, 0.66)",16,369.34430421764614
4,Rastrigin,10,0.4,"(0.33, 0.66)",17,385.43236649780897
4,Rastrigin,10,0.4,"(0.33, 0.66)",18,371.3601521111948
4,Rastrigin,10,0.4,"(0.33, 0.66)",19,377.3873922738292
4,Rastrigin,10,0.4,"(0.33, 0.66)",20,367.3389405469017
4,Rastrigin,10,0.4,"(0.33, 0.66)",21,351.25742184610704
4,Rastrigin,10,0.4,"(0.33, 0.66)",22,377.387100259467
4,Rastrigin,10,0.4,"(0.33, 0.66)",23,377.3866899154451
4,Rastrigin,10,0.4,"(0.33, 0.66)",24,377.39183573738035
4,Rastrigin,10,0.4,"(0.33, 0.66)",25,389.44765277494434
4,Rastrigin,10,0.4,"(0.33, 0.66)",26,395.4746619355958
4,Rastrigin,10,0.4,"(0.33, 0.66)",27,403.512417293912
4,Rastrigin,10,0.4,"(0.33, 0.66)",28,387.43576843304356
4,Rastrigin,10,0.4,"(0.33, 0.66)",29,395.47767703483123
4,Rastrigin,10,0.4,"(0.25, 0.5, 0.75)",0,395.47778353612466
4,Rastrigin,10,0.4,"(0.25, 0.5, 0.75)",1,395.47355377182896
4,Rastrigin,10,0.4,"(0.25, 0.5, 0.75)",2,371.35656234543285
4,Rastrigin,10,0.4,"(0.25, 0.5, 0.75)",3,381.41381879611515
4,Rastrigin,10,0.4,"(0.25, 0.5, 0.75)",4,369.34272203418044
4,Rastrigin,10,0.4,"(0.25, 0.5, 0.75)",5,381.4107997778082
4,Rastrigin,10,0.4,"(0.25, 0.5, 0.75)",6,403.5167718683459
4,Rastrigin,10,0.4,"(0.25, 0.5, 0.75)",7,389.44885671895804
4,Rastrigin,10,0.4,"(0.25, 0.5, 0.75)",8,351.2564027273649
4,Rastrigin,10,0.4,"(0.25, 0.5, 0.75)",9,377.39306492228576
4,Rastrigin,10,0.4,"(0.25, 0.5, 0.75)",10,403.5220104803495
4,Rastrigin,10,0.4,"(0.25, 0.5, 0.75)",11,349.24960995667504
4,Rastrigin,10,0.4,"(0.25, 0.5, 0.75)",12,389.44620420623954
4,Rastrigin,10,0.4,"(0.25, 0.5, 0.75)",13,403.5180537107754
4,Rastrigin,10,0.4,"(0.25, 0.5, 0.75)",14,385.4224442449838
4,Rastrigin,10,0.4,"(0.25, 0.5, 0.75)",15,403.5183593908234
4,Rastrigin,10,0.4,"(0.25, 0.5, 0.75)",16,371.3624453514414
4,Rastrigin,10,0.4,"(0.25, 0.5, 0.75)",17,381.4054766618219
4,Rastrigin,10,0.4,"(0.25, 0.5, 0.75)",18,395.4793130566828
4,Rastrigin,10,0.4,"(0.25, 0.5, 0.75)",19,403.52329234095214
4,Rastrigin,10,0.4,"(0.25, 0.5, 0.75)",20,395.4780965551637
4,Rastrigin,10,0.4,"(0.25, 0.5, 0.75)",21,403.51570121106374
4,Rastrigin,10,0.4,"(0.25, 0.5, 0.75)",22,387.4393677915665
4,Rastrigin,10,0.4,"(0.25, 0.5, 0.75)",23,385.4348463540749
4,Rastrigin,10,0.4,"(0.25, 0.5, 0.75)",24,381.4063707216505
4,Rastrigin,10,0.4,"(0.25, 0.5, 0.75)",25,379.39888754573684
4,Rastrigin,10,0.4,"(0.25, 0.5, 0.75)",26,403.5209589833516
4,Rastrigin,10,0.4,"(0.25, 0.5, 0.75)",27,395.47389943014446
4,Rastrigin,10,0.4,"(0.25, 0.5, 0.75)",28,395.47504254954265
4,Rastrigin,10,0.4,"(0.25, 0.5, 0.75)",29,385.4292116554338
4,Rastrigin,10,0.5,"(0.5,)",0,379.400112619097
4,Rastrigin,10,0.5,"(0.5,)",1,377.3924896406652
4,Rastrigin,10,0.5,"(0.5,)",2,387.43698352555674
4,Rastrigin,10,0.5,"(0.5,)",3,371.35817988343115
4,Rastrigin,10,0.5,"(0.5,)",4,395.47355651726906
4,Rastrigin,10,0.5,"(0.5,)",5,395.4802707420595
4,Rastrigin,10,0.5,"(0.5,)",6,385.4262531164391
4,Rastrigin,10,0.5,"(0.5,)",7,377.38822233402243
4,Rastrigin,10,0.5,"(0.5,)",8,363.3190796204341
4,Rastrigin,10,0.5,"(0.5,)",9,379.39261214269646
4,Rastrigin,10,0.5,"(0.5,)",10,395.4774876598993
4,Rastrigin,10,0.5,"(0.5,)",11,395.48037047031175
4,Rastrigin,10,0.5,"(0.5,)",12,371.36198997070477
4,Rastrigin,10,0.5,"(0.5,)",13,375.37456573535616
4,Rastrigin,10,0.5,"(0.5,)",14,377.38845417828253
4,Rastrigin,10,0.5,"(0.5,)",15,395.4764059303638
4,Rastrigin,10,0.5,"(0.5,)",16,387.4432272355193
4,Rastrigin,10,0.5,"(0.5,)",17,375.38071428534727
4,Rastrigin,10,0.5,"(0.5,)",18,387.4367713117881
4,Rastrigin,10,0.5,"(0.5,)",19,377.38681638011855
4,Rastrigin,10,0.5,"(0.5,)",20,385.42723690708885
4,Rastrigin,10,0.5,"(0.5,)",21,371.3579045829364
4,Rastrigin,10,0.5,"(0.5,)",22,359.30006521514593
4,Rastrigin,10,0.5,"(0.5,)",23,381.4091851052283
4,Rastrigin,10,0.5,"(0.5,)",24,385.42724925952996
4,Rastrigin,10,0.5,"(0.5,)",25,389.4466572679954
4,Rastrigin,10,0.5,"(0.5,)",26,371.358958000924
4,Rastrigin,10,0.5,"(0.5,)",27,369.35391435116674
4,Rastrigin,10,0.5,"(0.5,)",28,381.40830561467556
4,Rastrigin,10,0.5,"(0.5,)",29,329.14471870955254
4,Rastrigin,10,0.5,"(0.5, 0.75)",0,381.4091873084071
4,Rastrigin,10,0.5,"(0.5, 0.75)",1,359.301709908898
4,Rastrigin,10,0.5,"(0.5, 0.75)",2,367.34240784046483
4,Rastrigin,10,0.5,"(0.5, 0.75)",3,371.35687172584767
4,Rastrigin,10,0.5,"(0.5, 0.75)",4,351.2626017082002
4,Rastrigin,10,0.5,"(0.5, 0.75)",5,389.44344114686083
4,Rastrigin,10,0.5,"(0.5, 0.75)",6,395.47653041046175
4,Rastrigin,10,0.5,"(0.5, 0.75)",7,371.35605512837384
4,Rastrigin,10,0.5,"(0.5, 0.75)",8,363.31836094065756
4,Rastrigin,10,0.5,"(0.5, 0.75)",9,385.43028829635546
4,Rastrigin,10,0.5,"(0.5, 0.75)",10,389.4553052258322
4,Rastrigin,10,0.5,"(0.5, 0.75)",11,403.5220492125047
4,Rastrigin,10,0.5,"(0.5, 0.75)",12,389.4452328418632
4,Rastrigin,10,0.5,"(0.5, 0.75)",13,395.47531468803464
4,Rastrigin,10,0.5,"(0.5, 0.75)",14,389.444842910228
4,Rastrigin,10,0.5,"(0.5, 0.75)",15,377.38908344457946
4,Rastrigin,10,0.5,"(0.5, 0.75)",16,377.3944325214393
4,Rastrigin,10,0.5,"(0.5, 0.75)",17,367.3374268953115
4,Rastrigin,10,0.5,"(0.5, 0.75)",18,359.2978430534754
4,Rastrigin,10,0.5,"(0.5, 0.75)",19,367.3390726797025
4,Rastrigin,10,0.5,"(0.5, 0.75)",20,371.3629424180086
4,Rastrigin,10,0.5,"(0.5, 0.75)",21,359.29913245440457
4,Rastrigin,10,0.5,"(0.5, 0.75)",22,367.34110048385566
4,Rastrigin,10,0.5,"(0.5, 0.75)",23,385.4278618436285
4,Rastrigin,10,0.5,"(0.5, 0.75)",24,387.4399678067068
4,Rastrigin,10,0.5,"(0.5, 0.75)",25,387.4438928432983
4,Rastrigin,10,0.5,"(0.5, 0.75)",26,363.32714375951275
4,Rastrigin,10,0.5,"(0.5, 0.75)",27,359.29390138326175
4,Rastrigin,10,0.5,"(0.5, 0.75)",28,375.37661893808144
4,Rastrigin,10,0.5,"(0.5, 0.75)",29,381.4064610445768
4,Rastrigin,10,0.5,"(0.33, 0.66)",0,389.4456718723612
4,Rastrigin,10,0.5,"(0.33, 0.66)",1,363.3208652992147
4,Rastrigin,10,0.5,"(0.33, 0.66)",2,363.3242972553587
4,Rastrigin,10,0.5,"(0.33, 0.66)",3,367.3357608626097
4,Rastrigin,10,0.5,"(0.33, 0.66)",4,395.4788586080541
4,Rastrigin,10,0.5,"(0.33, 0.66)",5,395.47505894184457
4,Rastrigin,10,0.5,"(0.33, 0.66)",6,353.26858446638835
4,Rastrigin,10,0.5,"(0.33, 0.66)",7,373.3651929013189
4,Rastrigin,10,0.5,"(0.33, 0.66)",8,381.4105645354446
4,Rastrigin,10,0.5,"(0.33, 0.66)",9,381.4057595363082
4,Rastrigin,10,0.5,"(0.33, 0.66)",10,359.2948750459729
4,Rastrigin,10,0.5,"(0.33, 0.66)",11,367.34153642713494
4,Rastrigin,10,0.5,"(0.33, 0.66)",12,385.42384052567843
4,Rastrigin,10,0.5,"(0.33, 0.66)",13,395.4827257895952
4,Rastrigin,10,0.5,"(0.33, 0.66)",14,395.47882978851015
4,Rastrigin,10,0.5,"(0.33, 0.66)",15,373.3707675012903
4,Rastrigin,10,0.5,"(0.33, 0.66)",16,395.4805688588715
4,Rastrigin,10,0.5,"(0.33, 0.66)",17,395.4778929278339
4,Rastrigin,10,0.5,"(0.33, 0.66)",18,395.4840335589116
4,Rastrigin,10,0.5,"(0.33, 0.66)",19,385.42817706840964
4,Rastrigin,10,0.5,"(0.33, 0.66)",20,369.35257758019145
4,Rastrigin,10,0.5,"(0.33, 0.66)",21,395.4754691957411
4,Rastrigin,10,0.5,"(0.33, 0.66)",22,377.38313295821894
4,Rastrigin,10,0.5,"(0.33, 0.66)",23,367.3337805377644
4,Rastrigin,10,0.5,"(0.33, 0.66)",24,373.36817983564225
4,Rastrigin,10,0.5,"(0.33, 0.66)",25,367.3401011127933
4,Rastrigin,10,0.5,"(0.33, 0.66)",26,389.4515571335747
4,Rastrigin,10,0.5,"(0.33, 0.66)",27,395.4745718967153
4,Rastrigin,10,0.5,"(0.33, 0.66)",28,373.36871324601424
4,Rastrigin,10,0.5,"(0.33, 0.66)",29,389.4467863311012
4,Rastrigin,10,0.5,"(0.25, 0.5, 0.75)",0,385.4247206305062
4,Rastrigin,10,0.5,"(0.25, 0.5, 0.75)",1,367.34361536540524
4,Rastrigin,10,0.5,"(0.25, 0.5, 0.75)",2,387.4474363467637
4,Rastrigin,10,0.5,"(0.25, 0.5, 0.75)",3,377.3874528201107
4,Rastrigin,10,0.5,"(0.25, 0.5, 0.75)",4,377.3931486719289
4,Rastrigin,10,0.5,"(0.25, 0.5, 0.75)",5,377.38886447873773
4,Rastrigin,10,0.5,"(0.25, 0.5, 0.75)",6,381.406893072831
4,Rastrigin,10,0.5,"(0.25, 0.5, 0.75)",7,385.4235241234759
4,Rastrigin,10,0.5,"(0.25, 0.5, 0.75)",8,383.412663921672
4,Rastrigin,10,0.5,"(0.25, 0.5, 0.75)",9,377.3881058098031
4,Rastrigin,10,0.5,"(0.25, 0.5, 0.75)",10,389.443550876603
4,Rastrigin,10,0.5,"(0.25, 0.5, 0.75)",11,381.40693947336683
4,Rastrigin,10,0.5,"(0.25, 0.5, 0.75)",12,377.3889396507239
4,Rastrigin,10,0.5,"(0.25, 0.5, 0.75)",13,363.31560057118344
4,Rastrigin,10,0.5,"(0.25, 0.5, 0.75)",14,375.38258775106794
4,Rastrigin,10,0.5,"(0.25, 0.5, 0.75)",15,369.3456926915445
4,Rastrigin,10,0.5,"(0.25, 0.5, 0.75)",16,367.33529219662967
4,Rastrigin,10,0.5,"(0.25, 0.5, 0.75)",17,381.4048736435835
4,Rastrigin,10,0.5,"(0.25, 0.5, 0.75)",18,367.3432459992613
4,Rastrigin,10,0.5,"(0.25, 0.5, 0.75)",19,403.51037839618033
4,Rastrigin,10,0.5,"(0.25, 0.5, 0.75)",20,355.2812007092408
4,Rastrigin,10,0.5,"(0.25, 0.5, 0.75)",21,377.38765488662216
4,Rastrigin,10,0.5,"(0.25, 0.5, 0.75)",22,367.3305266062149
4,Rastrigin,10,0.5,"(0.25, 0.5, 0.75)",23,385.432298512702
4,Rastrigin,10,0.5,"(0.25, 0.5, 0.75)",24,385.42372096169544
4,Rastrigin,10,0.5,"(0.25, 0.5, 0.75)",25,373.36730882042116
4,Rastrigin,10,0.5,"(0.25, 0.5, 0.75)",26,385.4301660216638
4,Rastrigin,10,0.5,"(0.25, 0.5, 0.75)",27,381.4048872982456
4,Rastrigin,10,0.5,"(0.25, 0.5, 0.75)",28,375.3831237859312
4,Rastrigin,10,0.5,"(0.25, 0.5, 0.75)",29,389.44770394958994
4,Ackley,10,0.1,"(0.5,)",0,22.132768736518184
4,Ackley,10,0.1,"(0.5,)",1,22.131008899733818
4,Ackley,10,0.1,"(0.5,)",2,22.112307331332833
4,Ackley,10,0.1,"(0.5,)",3,22.092360661763973
4,Ackley,10,0.1,"(0.5,)",4,22.10482075301864
4,Ackley,10,0.1,"(0.5,)",5,22.11656426382474
4,Ackley,10,0.1,"(0.5,)",6,22.146385843822898
4,Ackley,10,0.1,"(0.5,)",7,22.1164781627792
4,Ackley,10,0.1,"(0.5,)",8,22.11958361455119
4,Ackley,10,0.1,"(0.5,)",9,22.168013396440784
4,Ackley,10,0.1,"(0.5,)",10,22.220048787582865
4,Ackley,10,0.1,"(0.5,)",11,22.158986124233444
4,Ackley,10,0.1,"(0.5,)",12,22.11089396282248
4,Ackley,10,0.1,"(0.5,)",13,22.153003635040886
4,Ackley,10,0.1,"(0.5,)",14,22.143396051658783
4,Ackley,10,0.1,"(0.5,)",15,22.07358064075462
4,Ackley,10,0.1,"(0.5,)",16,22.054160987311025
4,Ackley,10,0.1,"(0.5,)",17,22.1485056878303
4,Ackley,10,0.1,"(0.5,)",18,22.186012984618884
4,Ackley,10,0.1,"(0.5,)",19,22.121117439796507
4,Ackley,10,0.1,"(0.5,)",20,22.189003192645938
4,Ackley,10,0.1,"(0.5,)",21,22.158550813157742
4,Ackley,10,0.1,"(0.5,)",22,22.126054282567036
4,Ackley,10,0.1,"(0.5,)",23,22.14557554341149
4,Ackley,10,0.1,"(0.5,)",24,22.175615072986684
4,Ackley,10,0.1,"(0.5,)",25,22.144056049013503
4,Ackley,10,0.1,"(0.5,)",26,22.161891685823072
4,Ackley,10,0.1,"(0.5,)",27,22.14144963841635
4,Ackley,10,0.1,"(0.5,)",28,22.088319811762442
4,Ackley,10,0.1,"(0.5,)",29,22.112566487647033
4,Ackley,10,0.1,"(0.5, 0.75)",0,22.18831321416785
4,Ackley,10,0.1,"(0.5, 0.75)",1,22.06516097283401
4,Ackley,10,0.1,"(0.5, 0.75)",2,22.081425621637337
4,Ackley,10,0.1,"(0.5, 0.75)",3,22.144588330241177
4,Ackley,10,0.1,"(0.5, 0.75)",4,22.14091547345039
4,Ackley,10,0.1,"(0.5, 0.75)",5,22.159493328223693
4,Ackley,10,0.1,"(0.5, 0.75)",6,22.11538865229897
4,Ackley,10,0.1,"(0.5, 0.75)",7,22.14045644554847
4,Ackley,10,0.1,"(0.5, 0.75)",8,22.160271331275677
4,Ackley,10,0.1,"(0.5, 0.75)",9,22.194130558827833
4,Ackley,10,0.1,"(0.5, 0.75)",10,22.1426446801271
4,Ackley,10,0.1,"(0.5, 0.75)",11,22.165447624394847
4,Ackley,10,0.1,"(0.5, 0.75)",12,22.15776444615509
4,Ackley,10,0.1,"(0.5, 0.75)",13,22.195845352041008
4,Ackley,10,0.1,"(0.5, 0.75)",14,22.114999841207553
4,Ackley,10,0.1,"(0.5, 0.75)",15,22.165889148997096
4,Ackley,10,0.1,"(0.5, 0.75)",16,22.158786244281274
4,Ackley,10,0.1,"(0.5, 0.75)",17,22.1518198966261
4,Ackley,10,0.1,"(0.5, 0.75)",18,22.24260787147854
4,Ackley,10,0.1,"(0.5, 0.75)",19,22.18712773937777
4,Ackley,10,0.1,"(0.5, 0.75)",20,22.13127517188829
4,Ackley,10,0.1,"(0.5, 0.75)",21,22.136671972809843
4,Ackley,10,0.1,"(0.5, 0.75)",22,22.089532142932836
4,Ackley,10,0.1,"(0.5, 0.75)",23,22.16372633893242
4,Ackley,10,0.1,"(0.5, 0.75)",24,22.11222719113281
4,Ackley,10,0.1,"(0.5, 0.75)",25,22.178483506761346
4,Ackley,10,0.1,"(0.5, 0.75)",26,22.1335566760827
4,Ackley,10,0.1,"(0.5, 0.75)",27,22.19281293473155
4,Ackley,10,0.1,"(0.5, 0.75)",28,22.17523119372158
4,Ackley,10,0.1,"(0.5, 0.75)",29,22.167089893115467
4,Ackley,10,0.1,"(0.33, 0.66)",0,22.107323520383787
4,Ackley,10,0.1,"(0.33, 0.66)",1,22.129281478944083
4,Ackley,10,0.1,"(0.33, 0.66)",2,22.1751456163511
4,Ackley,10,0.1,"(0.33, 0.66)",3,22.183200343751665
4,Ackley,10,0.1,"(0.33, 0.66)",4,22.13691275615671
4,Ackley,10,0.1,"(0.33, 0.66)",5,22.09838254488578
4,Ackley,10,0.1,"(0.33, 0.66)",6,22.177934274681718
4,Ackley,10,0.1,"(0.33, 0.66)",7,22.238060721156007
4,Ackley,10,0.1,"(0.33, 0.66)",8,22.116314556264832
4,Ackley,10,0.1,"(0.33, 0.66)",9,22.14343107476026
4,Ackley,10,0.1,"(0.33, 0.66)",10,22.128305064526113
4,Ackley,10,0.1,"(0.33, 0.66)",11,22.18812897649324
4,Ackley,10,0.1,"(0.33, 0.66)",12,22.13417117102608
4,Ackley,10,0.1,"(0.33, 0.66)",13,22.095749442260352
4,Ackley,10,0.1,"(0.33, 0.66)",14,22.059089722396656
4,Ackley,10,0.1,"(0.33, 0.66)",15,22.08402483602803
4,Ackley,10,0.1,"(0.33, 0.66)",16,22.19064892288561
4,Ackley,10,0.1,"(0.33, 0.66)",17,22.098664284433312
4,Ackley,10,0.1,"(0.33, 0.66)",18,22.11279854494297
4,Ackley,10,0.1,"(0.33, 0.66)",19,22.196630336407463
4,Ackley,10,0.1,"(0.33, 0.66)",20,22.174371943377526
4,Ackley,10,0.1,"(0.33, 0.66)",21,22.14251187322248
4,Ackley,10,0.1,"(0.33, 0.66)",22,22.078029892186464
4,Ackley,10,0.1,"(0.33, 0.66)",23,22.158333104506056
4,Ackley,10,0.1,"(0.33, 0.66)",24,22.18874536660048
4,Ackley,10,0.1,"(0.33, 0.66)",25,22.17312003799183
4,Ackley,10,0.1,"(0.33, 0.66)",26,22.140927335426497
4,Ackley,10,0.1,"(0.33, 0.66)",27,22.165926535954153
4,Ackley,10,0.1,"(0.33, 0.66)",28,22.115025366729498
4,Ackley,10,0.1,"(0.33, 0.66)",29,22.15412265089423
4,Ackley,10,0.1,"(0.25, 0.5, 0.75)",0,22.077001870358757
4,Ackley,10,0.1,"(0.25, 0.5, 0.75)",1,22.14350144037969
4,Ackley,10,0.1,"(0.25, 0.5, 0.75)",2,22.159892291681995
4,Ackley,10,0.1,"(0.25, 0.5, 0.75)",3,22.10493911255171
4,Ackley,10,0.1,"(0.25, 0.5, 0.75)",4,22.11710008990729
4,Ackley,10,0.1,"(0.25, 0.5, 0.75)",5,22.09614028366569
4,Ackley,10,0.1,"(0.25, 0.5, 0.75)",6,22.104923777206455
4,Ackley,10,0.1,"(0.25, 0.5, 0.75)",7,22.110627301876896
4,Ackley,10,0.1,"(0.25, 0.5, 0.75)",8,22.184674013054988
4,Ackley,10,0.1,"(0.25, 0.5, 0.75)",9,22.140675315030556
4,Ackley,10,0.1,"(0.25, 0.5, 0.75)",10,22.12795819692186
4,Ackley,10,0.1,"(0.25, 0.5, 0.75)",11,22.11542031854086
4,Ackley,10,0.1,"(0.25, 0.5, 0.75)",12,22.07813269751491
4,Ackley,10,0.1,"(0.25, 0.5, 0.75)",13,22.111038829871617
4,Ackley,10,0.1,"(0.25, 0.5, 0.75)",14,22.137049254874
4,Ackley,10,0.1,"(0.25, 0.5, 0.75)",15,22.138139934587187
4,Ackley,10,0.1,"(0.25, 0.5, 0.75)",16,22.10092673260402
4,Ackley,10,0.1,"(0.25, 0.5, 0.75)",17,22.191496979840732
4,Ackley,10,0.1,"(0.25, 0.5, 0.75)",18,22.098516350002523
4,Ackley,10,0.1,"(0.25, 0.5, 0.75)",19,22.106131272348716
4,Ackley,10,0.1,"(0.25, 0.5, 0.75)",20,22.1559078988073
4,Ackley,10,0.1,"(0.25, 0.5, 0.75)",21,22.16001346711716
4,Ackley,10,0.1,"(0.25, 0.5, 0.75)",22,22.117620794535217
4,Ackley,10,0.1,"(0.25, 0.5, 0.75)",23,22.155384761474597
4,Ackley,10,0.1,"(0.25, 0.5, 0.75)",24,22.13974971941811
4,Ackley,10,0.1,"(0.25, 0.5, 0.75)",25,22.11851518154222
4,Ackley,10,0.1,"(0.25, 0.5, 0.75)",26,22.136584801126997
4,Ackley,10,0.1,"(0.25, 0.5, 0.75)",27,22.17700847558486
4,Ackley,10,0.1,"(0.25, 0.5, 0.75)",28,22.157483755648418
4,Ackley,10,0.1,"(0.25, 0.5, 0.75)",29,22.13894556920063
4,Ackley,10,0.25,"(0.5,)",0,22.10911621969357
4,Ackley,10,0.25,"(0.5,)",1,22.125378008618387
4,Ackley,10,0.25,"(0.5,)",2,22.138274124872993
4,Ackley,10,0.25,"(0.5,)",3,22.118067657871716
4,Ackley,10,0.25,"(0.5,)",4,22.145239750357813
4,Ackley,10,0.25,"(0.5,)",5,22.23502608262759
4,Ackley,10,0.25,"(0.5,)",6,22.102343747540914
4,Ackley,10,0.25,"(0.5,)",7,22.15554030804771
4,Ackley,10,0.25,"(0.5,)",8,22.075214115336966
4,Ackley,10,0.25,"(0.5,)",9,22.129614656843906
4,Ackley,10,0.25,"(0.5,)",10,22.110973082930837
4,Ackley,10,0.25,"(0.5,)",11,22.1425176030379
4,Ackley,10,0.25,"(0.5,)",12,22.15141122550418
4,Ackley,10,0.25,"(0.5,)",13,22.126706136183323
4,Ackley,10,0.25,"(0.5,)",14,22.181802031197694
4,Ackley,10,0.25,"(0.5,)",15,22.178813330433215
4,Ackley,10,0.25,"(0.5,)",16,22.10367137686688
4,Ackley,10,0.25,"(0.5,)",17,22.19335052173391
4,Ackley,10,0.25,"(0.5,)",18,22.15746385531949
4,Ackley,10,0.25,"(0.5,)",19,22.197178565765018
4,Ackley,10,0.25,"(0.5,)",20,22.14483308880829
4,Ackley,10,0.25,"(0.5,)",21,22.13067457030026
4,Ackley,10,0.25,"(0.5,)",22,22.09433371026203
4,Ackley,10,0.25,"(0.5,)",23,22.22050253489082
4,Ackley,10,0.25,"(0.5,)",24,22.15300780101147
4,Ackley,10,0.25,"(0.5,)",25,22.124071304783218
4,Ackley,10,0.25,"(0.5,)",26,22.149288613360003
4,Ackley,10,0.25,"(0.5,)",27,22.19176325409934
4,Ackley,10,0.25,"(0.5,)",28,22.11157740321429
4,Ackley,10,0.25,"(0.5,)",29,22.123341122795246
4,Ackley,10,0.25,"(0.5, 0.75)",0,22.129064802834822
4,Ackley,10,0.25,"(0.5, 0.75)",1,22.164658480708635
4,Ackley,10,0.25,"(0.5, 0.75)",2,22.002202755976345
4,Ackley,10,0.25,"(0.5, 0.75)",3,22.164855190563596
4,Ackley,10,0.25,"(0.5, 0.75)",4,22.116949162579616
4,Ackley,10,0.25,"(0.5, 0.75)",5,22.092481157821403
4,Ackley,10,0.25,"(0.5, 0.75)",6,22.16832808390668
4,Ackley,10,0.25,"(0.5, 0.75)",7,22.123394912963438
4,Ackley,10,0.25,"(0.5, 0.75)",8,22.114113403997244
4,Ackley,10,0.25,"(0.5, 0.75)",9,22.120396367418827
4,Ackley,10,0.25,"(0.5, 0.75)",10,22.14394924986893
4,Ackley,10,0.25,"(0.5, 0.75)",11,22.16597100043591
4,Ackley,10,0.25,"(0.5, 0.75)",12,22.085004304112967
4,Ackley,10,0.25,"(0.5, 0.75)",13,22.111222412922228
4,Ackley,10,0.25,"(0.5, 0.75)",14,22.18032949627536
4,Ackley,10,0.25,"(0.5, 0.75)",15,22.21479528984685
4,Ackley,10,0.25,"(0.5, 0.75)",16,22.09613257168487
4,Ackley,10,0.25,"(0.5, 0.75)",17,22.171621194194895
4,Ackley,10,0.25,"(0.5, 0.75)",18,22.149973345278603
4,Ackley,10,0.25,"(0.5, 0.75)",19,22.14287194574591
4,Ackley,10,0.25,"(0.5, 0.75)",20,22.15684437693595
4,Ackley,10,0.25,"(0.5, 0.75)",21,22.18917330007698
4,Ackley,10,0.25,"(0.5, 0.75)",22,22.098534200821728
4,Ackley,10,0.25,"(0.5, 0.75)",23,22.110644161464784
4,Ackley,10,0.25,"(0.5, 0.75)",24,22.15397495477469
4,Ackley,10,0.25,"(0.5, 0.75)",25,22.12694183537651
4,Ackley,10,0.25,"(0.5, 0.75)",26,22.163369000225835
4,Ackley,10,0.25,"(0.5, 0.75)",27,22.13481209060595
4,Ackley,10,0.25,"(0.5, 0.75)",28,22.110395852951264
4,Ackley,10,0.25,"(0.5, 0.75)",29,22.1850921301191
4,Ackley,10,0.25,"(0.33, 0.66)",0,22.142685287076066
4,Ackley,10,0.25,"(0.33, 0.66)",1,22.15044150991931
4,Ackley,10,0.25,"(0.33, 0.66)",2,22.105935296825454
4,Ackley,10,0.25,"(0.33, 0.66)",3,22.114984806322287
4,Ackley,10,0.25,"(0.33, 0.66)",4,22.177904971710472
4,Ackley,10,0.25,"(0.33, 0.66)",5,22.123511655366393
4,Ackley,10,0.25,"(0.33, 0.66)",6,22.145879340792913
4,Ackley,10,0.25,"(0.33, 0.66)",7,22.176078939653877
4,Ackley,10,0.25,"(0.33, 0.66)",8,22.074759917163384
4,Ackley,10,0.25,"(0.33, 0.66)",9,22.212029094950953
4,Ackley,10,0.25,"(0.33, 0.66)",10,22.214130640598707
4,Ackley,10,0.25,"(0.33, 0.66)",11,22.17286724985828
4,Ackley,10,0.25,"(0.33, 0.66)",12,22.16401867328648
4,Ackley,10,0.25,"(0.33, 0.66)",13,22.161572161731502
4,Ackley,10,0.25,"(0.33, 0.66)",14,22.10830719546288
4,Ackley,10,0.25,"(0.33, 0.66)",15,22.098113287132158
4,Ackley,10,0.25,"(0.33, 0.66)",16,22.11331448980557
4,Ackley,10,0.25,"(0.33, 0.66)",17,22.097626038187872
4,Ackley,10,0.25,"(0.33, 0.66)",18,22.20829228164284
4,Ackley,10,0.25,"(0.33, 0.66)",19,22.11938776335745
4,Ackley,10,0.25,"(0.33, 0.66)",20,22.13595405384048
4,Ackley,10,0.25,"(0.33, 0.66)",21,22.181350918701426
4,Ackley,10,0.25,"(0.33, 0.66)",22,22.132134918179876
4,Ackley,10,0.25,"(0.33, 0.66)",23,22.168780208157074
4,Ackley,10,0.25,"(0.33, 0.66)",24,22.158620672759916
4,Ackley,10,0.25,"(0.33, 0.66)",25,22.15136242345911
4,Ackley,10,0.25,"(0.33, 0.66)",26,22.127621592720633
4,Ackley,10,0.25,"(0.33, 0.66)",27,22.137889093450237
4,Ackley,10,0.25,"(0.33, 0.66)",28,22.165266754204175
4,Ackley,10,0.25,"(0.33, 0.66)",29,22.180030674082932
4,Ackley,10,0.25,"(0.25, 0.5, 0.75)",0,22.16395561470362
4,Ackley,10,0.25,"(0.25, 0.5, 0.75)",1,22.148260125936627
4,Ackley,10,0.25,"(0.25, 0.5, 0.75)",2,22.170014185413727
4,Ackley,10,0.25,"(0.25, 0.5, 0.75)",3,22.116345338258643
4,Ackley,10,0.25,"(0.25, 0.5, 0.75)",4,22.143823133477316
4,Ackley,10,0.25,"(0.25, 0.5, 0.75)",5,22.199686532002875
4,Ackley,10,0.25,"(0.25, 0.5, 0.75)",6,22.1473247015092
4,Ackley,10,0.25,"(0.25, 0.5, 0.75)",7,22.145314333124634
4,Ackley,10,0.25,"(0.25, 0.5, 0.75)",8,22.15469055454896
4,Ackley,10,0.25,"(0.25, 0.5, 0.75)",9,22.12486287636266
4,Ackley,10,0.25,"(0.25, 0.5, 0.75)",10,22.187301836423064
4,Ackley,10,0.25,"(0.25, 0.5, 0.75)",11,22.20940271551448
4,Ackley,10,0.25,"(0.25, 0.5, 0.75)",12,22.12269126370948
4,Ackley,10,0.25,"(0.25, 0.5, 0.75)",13,22.188421910357597
4,Ackley,10,0.25,"(0.25, 0.5, 0.75)",14,22.13940170759649
4,Ackley,10,0.25,"(0.25, 0.5, 0.75)",15,22.096197260912383
4,Ackley,10,0.25,"(0.25, 0.5, 0.75)",16,22.189623950024803
4,Ackley,10,0.25,"(0.25, 0.5, 0.75)",17,22.096077620357523
4,Ackley,10,0.25,"(0.25, 0.5, 0.75)",18,22.17792540056143
4,Ackley,10,0.25,"(0.25, 0.5, 0.75)",19,22.157272624507108
4,Ackley,10,0.25,"(0.25, 0.5, 0.75)",20,22.113167276840596
4,Ackley,10,0.25,"(0.25, 0.5, 0.75)",21,22.130619414704192
4,Ackley,10,0.25,"(0.25, 0.5, 0.75)",22,22.126306762509987
4,Ackley,10,0.25,"(0.25, 0.5, 0.75)",23,22.154989358324467
4,Ackley,10,0.25,"(0.25, 0.5, 0.75)",24,22.13327382521552
4,Ackley,10,0.25,"(0.25, 0.5, 0.75)",25,22.138701679221246
4,Ackley,10,0.25,"(0.25, 0.5, 0.75)",26,22.09170958078482
4,Ackley,10,0.25,"(0.25, 0.5, 0.75)",27,22.150424374872035
4,Ackley,10,0.25,"(0.25, 0.5, 0.75)",28,22.18910505045711
4,Ackley,10,0.25,"(0.25, 0.5, 0.75)",29,22.101692127709367
4,Ackley,10,0.4,"(0.5,)",0,22.176844416882922
4,Ackley,10,0.4,"(0.5,)",1,22.13331348685131
4,Ackley,10,0.4,"(0.5,)",2,22.11954303604809
4,Ackley,10,0.4,"(0.5,)",3,22.07786748427721
4,Ackley,10,0.4,"(0.5,)",4,22.165886685912074
4,Ackley,10,0.4,"(0.5,)",5,22.11555546086444
4,Ackley,10,0.4,"(0.5,)",6,22.15764300704421
4,Ackley,10,0.4,"(0.5,)",7,22.089205045552273
4,Ackley,10,0.4,"(0.5,)",8,22.216528128361084
4,Ackley,10,0.4,"(0.5,)",9,22.121125107376837
4,Ackley,10,0.4,"(0.5,)",10,22.21464489361606
4,Ackley,10,0.4,"(0.5,)",11,22.042009841098846
4,Ackley,10,0.4,"(0.5,)",12,22.187211316159154
4,Ackley,10,0.4,"(0.5,)",13,22.079108501352877
4,Ackley,10,0.4,"(0.5,)",14,22.022491945552293
4,Ackley,10,0.4,"(0.5,)",15,22.18633611801554
4,Ackley,10,0.4,"(0.5,)",16,22.152045543958472
4,Ackley,10,0.4,"(0.5,)",17,22.143292191299498
4,Ackley,10,0.4,"(0.5,)",18,22.146107636567468
4,Ackley,10,0.4,"(0.5,)",19,22.13354046448777
4,Ackley,10,0.4,"(0.5,)",20,22.173825885977546
4,Ackley,10,0.4,"(0.5,)",21,22.098110598205782
4,Ackley,10,0.4,"(0.5,)",22,22.15093401967946
4,Ackley,10,0.4,"(0.5,)",23,22.130764425768824
4,Ackley,10,0.4,"(0.5,)",24,22.153014501946974
4,Ackley,10,0.4,"(0.5,)",25,22.15264536190815
4,Ackley,10,0.4,"(0.5,)",26,22.13218606364184
4,Ackley,10,0.4,"(0.5,)",27,22.177467079286846
4,Ackley,10,0.4,"(0.5,)",28,22.151768984781643
4,Ackley,10,0.4,"(0.5,)",29,22.13549377393468
4,Ackley,10,0.4,"(0.5, 0.75)",0,22.128859468384366
4,Ackley,10,0.4,"(0.5, 0.75)",1,22.147093621823803
4,Ackley,10,0.4,"(0.5, 0.75)",2,22.17469257783565
4,Ackley,10,0.4,"(0.5, 0.75)",3,22.13149320111179
4,Ackley,10,0.4,"(0.5, 0.75)",4,22.142334273024645
4,Ackley,10,0.4,"(0.5, 0.75)",5,22.11133109305072
4,Ackley,10,0.4,"(0.5, 0.75)",6,22.1970600361952
4,Ackley,10,0.4,"(0.5, 0.75)",7,22.12222005292529
4,Ackley,10,0.4,"(0.5, 0.75)",8,22.175215249861928
4,Ackley,10,0.4,"(0.5, 0.75)",9,22.148378813362093
4,Ackley,10,0.4,"(0.5, 0.75)",10,22.186060534488202
4,Ackley,10,0.4,"(0.5, 0.75)",11,22.156312367744093
4,Ackley,10,0.4,"(0.5, 0.75)",12,22.14522549516434
4,Ackley,10,0.4,"(0.5, 0.75)",13,22.07687520989087
4,Ackley,10,0.4,"(0.5, 0.75)",14,22.126530856886987
4,Ackley,10,0.4,"(0.5, 0.75)",15,22.158664462696006
4,Ackley,10,0.4,"(0.5, 0.75)",16,22.091413003361378
4,Ackley,10,0.4,"(0.5, 0.75)",17,22.148287066612504
4,Ackley,10,0.4,"(0.5, 0.75)",18,22.167453949092064
4,Ackley,10,0.4,"(0.5, 0.75)",19,22.057156814604998
4,Ackley,10,0.4,"(0.5, 0.75)",20,22.144497456475904
4,Ackley,10,0.4,"(0.5, 0.75)",21,22.176641097672903
4,Ackley,10,0.4,"(0.5, 0.75)",22,22.099650149944477
4,Ackley,10,0.4,"(0.5, 0.75)",23,22.127909650459895
4,Ackley,10,0.4,"(0.5, 0.75)",24,22.12815376021854
4,Ackley,10,0.4,"(0.5, 0.75)",25,22.11597476822498
4,Ackley,10,0.4,"(0.5, 0.75)",26,22.13097008441409
4,Ackley,10,0.4,"(0.5, 0.75)",27,22.100255817334606
4,Ackley,10,0.4,"(0.5, 0.75)",28,22.21699871649301
4,Ackley,10,0.4,"(0.5, 0.75)",29,22.08874808215876
4,Ackley,10,0.4,"(0.33, 0.66)",0,22.177894184312017
4,Ackley,10,0.4,"(0.33, 0.66)",1,22.14417292278094
4,Ackley,10,0.4,"(0.33, 0.66)",2,22.19664588669483
4,Ackley,10,0.4,"(0.33, 0.66)",3,22.11399223777749
4,Ackley,10,0.4,"(0.33, 0.66)",4,22.128129466131394
4,Ackley,10,0.4,"(0.33, 0.66)",5,22.18054701504137
4,Ackley,10,0.4,"(0.33, 0.66)",6,22.1603641387107
4,Ackley,10,0.4,"(0.33, 0.66)",7,22.117840460953126
4,Ackley,10,0.4,"(0.33, 0.66)",8,22.095659376068802
4,Ackley,10,0.4,"(0.33, 0.66)",9,22.154154144999357
4,Ackley,10,0.4,"(0.33, 0.66)",10,22.19027179114115
4,Ackley,10,0.4,"(0.33, 0.66)",11,22.099622224429496
4,Ackley,10,0.4,"(0.33, 0.66)",12,22.11041371292799
4,Ackley,10,0.4,"(0.33, 0.66)",13,22.165193801901093
4,Ackley,10,0.4,"(0.33, 0.66)",14,22.170749888534193
4,Ackley,10,0.4,"(0.33, 0.66)",15,22.14248040911894
4,Ackley,10,0.4,"(0.33, 0.66)",16,22.182753185423334
4,Ackley,10,0.4,"(0.33, 0.66)",17,22.174716994438796
4,Ackley,10,0.4,"(0.33, 0.66)",18,22.15033877982595
4,Ackley,10,0.4,"(0.33, 0.66)",19,22.170504830470545
4,Ackley,10,0.4,"(0.33, 0.66)",20,22.141176393073046
4,Ackley,10,0.4,"(0.33, 0.66)",21,22.11022232234499
4,Ackley,10,0.4,"(0.33, 0.66)",22,22.146125278023348
4,Ackley,10,0.4,"(0.33, 0.66)",23,22.14437006610056
4,Ackley,10,0.4,"(0.33, 0.66)",24,22.079728436802785
4,Ackley,10,0.4,"(0.33, 0.66)",25,22.192262496303695
4,Ackley,10,0.4,"(0.33, 0.66)",26,22.099340723892073
4,Ackley,10,0.4,"(0.33, 0.66)",27,22.149981138216415
4,Ackley,10,0.4,"(0.33, 0.66)",28,22.135703397247685
4,Ackley,10,0.4,"(0.33, 0.66)",29,22.15460292135016
4,Ackley,10,0.4,"(0.25, 0.5, 0.75)",0,22.163185877622414
4,Ackley,10,0.4,"(0.25, 0.5, 0.75)",1,22.159399543692338
4,Ackley,10,0.4,"(0.25, 0.5, 0.75)",2,22.161545253595165
4,Ackley,10,0.4,"(0.25, 0.5, 0.75)",3,22.188052698359407
4,Ackley,10,0.4,"(0.25, 0.5, 0.75)",4,22.134786904089136
4,Ackley,10,0.4,"(0.25, 0.5, 0.75)",5,22.07518682162123
4,Ackley,10,0.4,"(0.25, 0.5, 0.75)",6,22.149886093309497
4,Ackley,10,0.4,"(0.25, 0.5, 0.75)",7,22.105411783560232
4,Ackley,10,0.4,"(0.25, 0.5, 0.75)",8,22.14192471089216
4,Ackley,10,0.4,"(0.25, 0.5, 0.75)",9,22.035455261265557
4,Ackley,10,0.4,"(0.25, 0.5, 0.75)",10,22.178936201141372
4,Ackley,10,0.4,"(0.25, 0.5, 0.75)",11,22.11304794202712
4,Ackley,10,0.4,"(0.25, 0.5, 0.75)",12,22.108544864060708
4,Ackley,10,0.4,"(0.25, 0.5, 0.75)",13,22.166463906781633
4,Ackley,10,0.4,"(0.25, 0.5, 0.75)",14,22.12771628506388
4,Ackley,10,0.4,"(0.25, 0.5, 0.75)",15,22.118449013884465
4,Ackley,10,0.4,"(0.25, 0.5, 0.75)",16,22.09563313269216
4,Ackley,10,0.4,"(0.25, 0.5, 0.75)",17,22.15731132890215
4,Ackley,10,0.4,"(0.25, 0.5, 0.75)",18,22.189921608037906
4,Ackley,10,0.4,"(0.25, 0.5, 0.75)",19,22.165047822352076
4,Ackley,10,0.4,"(0.25, 0.5, 0.75)",20,22.144104451128598
4,Ackley,10,0.4,"(0.25, 0.5, 0.75)",21,22.123658122760343
4,Ackley,10,0.4,"(0.25, 0.5, 0.75)",22,22.12216013145819
4,Ackley,10,0.4,"(0.25, 0.5, 0.75)",23,22.136948792706
4,Ackley,10,0.4,"(0.25, 0.5, 0.75)",24,22.159187209412842
4,Ackley,10,0.4,"(0.25, 0.5, 0.75)",25,22.146536622035057
4,Ackley,10,0.4,"(0.25, 0.5, 0.75)",26,22.211997934365918
4,Ackley,10,0.4,"(0.25, 0.5, 0.75)",27,22.09899186507747
4,Ackley,10,0.4,"(0.25, 0.5, 0.75)",28,22.14596268939394
4,Ackley,10,0.4,"(0.25, 0.5, 0.75)",29,22.156788822236198
4,Ackley,10,0.5,"(0.5,)",0,22.148700404663018
4,Ackley,10,0.5,"(0.5,)",1,22.138963350404364
4,Ackley,10,0.5,"(0.5,)",2,22.16789477389511
4,Ackley,10,0.5,"(0.5,)",3,22.168522713111027
4,Ackley,10,0.5,"(0.5,)",4,22.163603394550172
4,Ackley,10,0.5,"(0.5,)",5,22.13241706222552
4,Ackley,10,0.5,"(0.5,)",6,22.1061474746559
4,Ackley,10,0.5,"(0.5,)",7,22.188297552017154
4,Ackley,10,0.5,"(0.5,)",8,22.135794798416832
4,Ackley,10,0.5,"(0.5,)",9,22.109882983014735
4,Ackley,10,0.5,"(0.5,)",10,22.108080572541784
4,Ackley,10,0.5,"(0.5,)",11,22.114476101550114
4,Ackley,10,0.5,"(0.5,)",12,22.243171311253345
4,Ackley,10,0.5,"(0.5,)",13,22.174801452693956
4,Ackley,10,0.5,"(0.5,)",14,22.125087799777504
4,Ackley,10,0.5,"(0.5,)",15,22.098441300444993
4,Ackley,10,0.5,"(0.5,)",16,22.16773050407487
4,Ackley,10,0.5,"(0.5,)",17,22.146461959041645
4,Ackley,10,0.5,"(0.5,)",18,22.169531761197945
4,Ackley,10,0.5,"(0.5,)",19,22.15708360346858
4,Ackley,10,0.5,"(0.5,)",20,22.17348189947222
4,Ackley,10,0.5,"(0.5,)",21,22.11301481179463
4,Ackley,10,0.5,"(0.5,)",22,22.091587704313078
4,Ackley,10,0.5,"(0.5,)",23,22.11711927021661
4,Ackley,10,0.5,"(0.5,)",24,22.141940017761836
4,Ackley,10,0.5,"(0.5,)",25,22.068369677233342
4,Ackley,10,0.5,"(0.5,)",26,22.095273951507846
4,Ackley,10,0.5,"(0.5,)",27,22.17755836726642
4,Ackley,10,0.5,"(0.5,)",28,22.132997187425058
4,Ackley,10,0.5,"(0.5,)",29,22.08638749748224
4,Ackley,10,0.5,"(0.5, 0.75)",0,22.12662438215903
4,Ackley,10,0.5,"(0.5, 0.75)",1,22.171319860593474
4,Ackley,10,0.5,"(0.5, 0.75)",2,22.170565776367155
4,Ackley,10,0.5,"(0.5, 0.75)",3,22.12976477759971
4,Ackley,10,0.5,"(0.5, 0.75)",4,22.070295942993056
4,Ackley,10,0.5,"(0.5, 0.75)",5,22.237928153922866
4,Ackley,10,0.5,"(0.5, 0.75)",6,22.080609973210564
4,Ackley,10,0.5,"(0.5, 0.75)",7,22.12872408496963
4,Ackley,10,0.5,"(0.5, 0.75)",8,22.123054566040384
4,Ackley,10,0.5,"(0.5, 0.75)",9,22.124437764634262
4,Ackley,10,0.5,"(0.5, 0.75)",10,22.114363249045898
4,Ackley,10,0.5,"(0.5, 0.75)",11,22.089828607923568
4,Ackley,10,0.5,"(0.5, 0.75)",12,22.18525076237806
4,Ackley,10,0.5,"(0.5, 0.75)",13,22.091635758359836
4,Ackley,10,0.5,"(0.5, 0.75)",14,22.15575363954906
4,Ackley,10,0.5,"(0.5, 0.75)",15,22.125484458141912
4,Ackley,10,0.5,"(0.5, 0.75)",16,22.143126226322217
4,Ackley,10,0.5,"(0.5, 0.75)",17,22.09498919903598
4,Ackley,10,0.5,"(0.5, 0.75)",18,22.14917515507051
4,Ackley,10,0.5,"(0.5, 0.75)",19,22.070632715799896
4,Ackley,10,0.5,"(0.5, 0.75)",20,22.150374619183665
4,Ackley,10,0.5,"(0.5, 0.75)",21,22.174017465971755
4,Ackley,10,0.5,"(0.5, 0.75)",22,22.155804488615555
4,Ackley,10,0.5,"(0.5, 0.75)",23,22.130845628016733
4,Ackley,10,0.5,"(0.5, 0.75)",24,22.15387750599344
4,Ackley,10,0.5,"(0.5, 0.75)",25,22.17321093466113
4,Ackley,10,0.5,"(0.5, 0.75)",26,22.102441923991904
4,Ackley,10,0.5,"(0.5, 0.75)",27,22.108252694675393
4,Ackley,10,0.5,"(0.5, 0.75)",28,22.149335505041467
4,Ackley,10,0.5,"(0.5, 0.75)",29,22.167510219733533
4,Ackley,10,0.5,"(0.33, 0.66)",0,22.10532879426897
4,Ackley,10,0.5,"(0.33, 0.66)",1,22.101091260890062
4,Ackley,10,0.5,"(0.33, 0.66)",2,22.14437825880637
4,Ackley,10,0.5,"(0.33, 0.66)",3,22.084167903024216
4,Ackley,10,0.5,"(0.33, 0.66)",4,22.15703833800351
4,Ackley,10,0.5,"(0.33, 0.66)",5,22.086137896804555
4,Ackley,10,0.5,"(0.33, 0.66)",6,22.114502877030827
4,Ackley,10,0.5,"(0.33, 0.66)",7,22.098096282774623
4,Ackley,10,0.5,"(0.33, 0.66)",8,22.139238340793003
4,Ackley,10,0.5,"(0.33, 0.66)",9,22.109961850427563
4,Ackley,10,0.5,"(0.33, 0.66)",10,22.169435779008214
4,Ackley,10,0.5,"(0.33, 0.66)",11,22.10407451115489
4,Ackley,10,0.5,"(0.33, 0.66)",12,22.127360530314093
4,Ackley,10,0.5,"(0.33, 0.66)",13,22.170174209823255
4,Ackley,10,0.5,"(0.33, 0.66)",14,22.173973876266192
4,Ackley,10,0.5,"(0.33, 0.66)",15,22.118076109039084
4,Ackley,10,0.5,"(0.33, 0.66)",16,22.122149315480616
4,Ackley,10,0.5,"(0.33, 0.66)",17,22.053534608180794
4,Ackley,10,0.5,"(0.33, 0.66)",18,22.115613213672134
4,Ackley,10,0.5,"(0.33, 0.66)",19,22.120437750409344
4,Ackley,10,0.5,"(0.33, 0.66)",20,22.170261427610612
4,Ackley,10,0.5,"(0.33, 0.66)",21,22.143668850142546
4,Ackley,10,0.5,"(0.33, 0.66)",22,22.10739033948589
4,Ackley,10,0.5,"(0.33, 0.66)",23,22.16506282089427
4,Ackley,10,0.5,"(0.33, 0.66)",24,22.13256388342053
4,Ackley,10,0.5,"(0.33, 0.66)",25,22.118007918485272
4,Ackley,10,0.5,"(0.33, 0.66)",26,22.11627247959874
4,Ackley,10,0.5,"(0.33, 0.66)",27,22.121115342779028
4,Ackley,10,0.5,"(0.33, 0.66)",28,22.158204976539583
4,Ackley,10,0.5,"(0.33, 0.66)",29,22.11352921793159
4,Ackley,10,0.5,"(0.25, 0.5, 0.75)",0,22.14564566706068
4,Ackley,10,0.5,"(0.25, 0.5, 0.75)",1,22.05149073757465
4,Ackley,10,0.5,"(0.25, 0.5, 0.75)",2,22.122086005587132
4,Ackley,10,0.5,"(0.25, 0.5, 0.75)",3,22.15795689414264
4,Ackley,10,0.5,"(0.25, 0.5, 0.75)",4,22.18032031933829
4,Ackley,10,0.5,"(0.25, 0.5, 0.75)",5,22.146915773148805
4,Ackley,10,0.5,"(0.25, 0.5, 0.75)",6,22.08063955254062
4,Ackley,10,0.5,"(0.25, 0.5, 0.75)",7,22.166101414471175
4,Ackley,10,0.5,"(0.25, 0.5, 0.75)",8,22.139141074968677
4,Ackley,10,0.5,"(0.25, 0.5, 0.75)",9,22.121371118895638
4,Ackley,10,0.5,"(0.25, 0.5, 0.75)",10,22.199270514751724
4,Ackley,10,0.5,"(0.25, 0.5, 0.75)",11,22.081613515727618
4,Ackley,10,0.5,"(0.25, 0.5, 0.75)",12,22.145357268261186
4,Ackley,10,0.5,"(0.25, 0.5, 0.75)",13,22.140143963406008
4,Ackley,10,0.5,"(0.25, 0.5, 0.75)",14,22.19473980408693
4,Ackley,10,0.5,"(0.25, 0.5, 0.75)",15,22.015089562321865
4,Ackley,10,0.5,"(0.25, 0.5, 0.75)",16,22.143294263991972
4,Ackley,10,0.5,"(0.25, 0.5, 0.75)",17,22.16646698235488
4,Ackley,10,0.5,"(0.25, 0.5, 0.75)",18,22.170131325691717
4,Ackley,10,0.5,"(0.25, 0.5, 0.75)",19,22.224599589433673
4,Ackley,10,0.5,"(0.25, 0.5, 0.75)",20,22.073631012848416
4,Ackley,10,0.5,"(0.25, 0.5, 0.75)",21,22.178864978326263
4,Ackley,10,0.5,"(0.25, 0.5, 0.75)",22,22.172039359960596
4,Ackley,10,0.5,"(0.25, 0.5, 0.75)",23,22.140338905252218
4,Ackley,10,0.5,"(0.25, 0.5, 0.75)",24,22.195956738999325
4,Ackley,10,0.5,"(0.25, 0.5, 0.75)",25,22.037495026675767
4,Ackley,10,0.5,"(0.25, 0.5, 0.75)",26,22.150817388614616
4,Ackley,10,0.5,"(0.25, 0.5, 0.75)",27,22.16596193329394
4,Ackley,10,0.5,"(0.25, 0.5, 0.75)",28,22.15497463121842
4,Ackley,10,0.5,"(0.25, 0.5, 0.75)",29,22.161215536425814
4,Rosenbrock,10,0.1,"(0.5,)",0,6064195.407143727
4,Rosenbrock,10,0.1,"(0.5,)",1,6659614.242816674
4,Rosenbrock,10,0.1,"(0.5,)",2,6864949.269331896
4,Rosenbrock,10,0.1,"(0.5,)",3,6409008.100336432
4,Rosenbrock,10,0.1,"(0.5,)",4,6069927.042135649
4,Rosenbrock,10,0.1,"(0.5,)",5,6316013.996562985
4,Rosenbrock,10,0.1,"(0.5,)",6,5945952.2748271525
4,Rosenbrock,10,0.1,"(0.5,)",7,5731126.207404655
4,Rosenbrock,10,0.1,"(0.5,)",8,6426729.172242358
4,Rosenbrock,10,0.1,"(0.5,)",9,5158860.330736616
4,Rosenbrock,10,0.1,"(0.5,)",10,5681431.397830458
4,Rosenbrock,10,0.1,"(0.5,)",11,5446440.810082989
4,Rosenbrock,10,0.1,"(0.5,)",12,6830947.7439861335
4,Rosenbrock,10,0.1,"(0.5,)",13,6773182.433728889
4,Rosenbrock,10,0.1,"(0.5,)",14,6348253.364431438
4,Rosenbrock,10,0.1,"(0.5,)",15,6823420.309348103
4,Rosenbrock,10,0.1,"(0.5,)",16,5738605.180714497
4,Rosenbrock,10,0.1,"(0.5,)",17,6665277.9728399515
4,Rosenbrock,10,0.1,"(0.5,)",18,6208826.251195601
4,Rosenbrock,10,0.1,"(0.5,)",19,6800396.124316435
4,Rosenbrock,10,0.1,"(0.5,)",20,5225943.180917295
4,Rosenbrock,10,0.1,"(0.5,)",21,6085801.789529038
4,Rosenbrock,10,0.1,"(0.5,)",22,7261335.168167194
4,Rosenbrock,10,0.1,"(0.5,)",23,5493121.152145715
4,Rosenbrock,10,0.1,"(0.5,)",24,5241933.226055846
4,Rosenbrock,10,0.1,"(0.5,)",25,5970897.030133607
4,Rosenbrock,10,0.1,"(0.5,)",26,6019903.2688193
4,Rosenbrock,10,0.1,"(0.5,)",27,5820886.787369653
4,Rosenbrock,10,0.1,"(0.5,)",28,6299001.06790016
4,Rosenbrock,10,0.1,"(0.5,)",29,5746650.946505156
4,Rosenbrock,10,0.1,"(0.5, 0.75)",0,6376359.8021220025
4,Rosenbrock,10,0.1,"(0.5, 0.75)",1,5637765.181568748
4,Rosenbrock,10,0.1,"(0.5, 0.75)",2,7507578.693617385
4,Rosenbrock,10,0.1,"(0.5, 0.75)",3,6831706.262153623
4,Rosenbrock,10,0.1,"(0.5, 0.75)",4,5423364.30026196
4,Rosenbrock,10,0.1,"(0.5, 0.75)",5,5689401.677981491
4,Rosenbrock,10,0.1,"(0.5, 0.75)",6,5352259.172517224
4,Rosenbrock,10,0.1,"(0.5, 0.75)",7,5670638.607137455
4,Rosenbrock,10,0.1,"(0.5, 0.75)",8,4954348.979193419
4,Rosenbrock,10,0.1,"(0.5, 0.75)",9,6461798.691296713
4,Rosenbrock,10,0.1,"(0.5, 0.75)",10,5745372.136878207
4,Rosenbrock,10,0.1,"(0.5, 0.75)",11,5531166.120876569
4,Rosenbrock,10,0.1,"(0.5, 0.75)",12,5702871.788293988
4,Rosenbrock,10,0.1,"(0.5, 0.75)",13,5578750.479168159
4,Rosenbrock,10,0.1,"(0.5, 0.75)",14,6217858.529504101
4,Rosenbrock,10,0.1,"(0.5, 0.75)",15,5752198.578775496
4,Rosenbrock,10,0.1,"(0.5, 0.75)",16,6899990.356161076
4,Rosenbrock,10,0.1,"(0.5, 0.75)",17,5738796.627196338
4,Rosenbrock,10,0.1,"(0.5, 0.75)",18,5778069.534680236
4,Rosenbrock,10,0.1,"(0.5, 0.75)",19,5757202.888389426
4,Rosenbrock,10,0.1,"(0.5, 0.75)",20,6405467.923671266
4,Rosenbrock,10,0.1,"(0.5, 0.75)",21,6115051.692178901
4,Rosenbrock,10,0.1,"(0.5, 0.75)",22,6164238.175870312
4,Rosenbrock,10,0.1,"(0.5, 0.75)",23,5903526.938641361
4,Rosenbrock,10,0.1,"(0.5, 0.75)",24,5874760.128422486
4,Rosenbrock,10,0.1,"(0.5, 0.75)",25,5737986.099854912
4,Rosenbrock,10,0.1,"(0.5, 0.75)",26,5753282.387916698
4,Rosenbrock,10,0.1,"(0.5, 0.75)",27,6848031.164876511
4,Rosenbrock,10,0.1,"(0.5, 0.75)",28,6353356.801777929
4,Rosenbrock,10,0.1,"(0.5, 0.75)",29,6790278.005393829
4,Rosenbrock,10,0.1,"(0.33, 0.66)",0,5599444.818101163
4,Rosenbrock,10,0.1,"(0.33, 0.66)",1,5717006.43317736
4,Rosenbrock,10,0.1,"(0.33, 0.66)",2,6359474.110272384
4,Rosenbrock,10,0.1,"(0.33, 0.66)",3,5697435.76201923
4,Rosenbrock,10,0.1,"(0.33, 0.66)",4,5813621.088261049
4,Rosenbrock,10,0.1,"(0.33, 0.66)",5,6521037.519089159
4,Rosenbrock,10,0.1,"(0.33, 0.66)",6,5407882.734208167
4,Rosenbrock,10,0.1,"(0.33, 0.66)",7,6312181.744521814
4,Rosenbrock,10,0.1,"(0.33, 0.66)",8,6864992.286127536
4,Rosenbrock,10,0.1,"(0.33, 0.66)",9,5592138.688183817
4,Rosenbrock,10,0.1,"(0.33, 0.66)",10,5863266.765794499
4,Rosenbrock,10,0.1,"(0.33, 0.66)",11,5685824.656225035
4,Rosenbrock,10,0.1,"(0.33, 0.66)",12,6002712.007562184
4,Rosenbrock,10,0.1,"(0.33, 0.66)",13,6410800.618831406
4,Rosenbrock,10,0.1,"(0.33, 0.66)",14,6233267.621819928
4,Rosenbrock,10,0.1,"(0.33, 0.66)",15,6208559.324085047
4,Rosenbrock,10,0.1,"(0.33, 0.66)",16,6171662.794923132
4,Rosenbrock,10,0.1,"(0.33, 0.66)",17,6714628.083013799
4,Rosenbrock,10,0.1,"(0.33, 0.66)",18,5572360.27856762
4,Rosenbrock,10,0.1,"(0.33, 0.66)",19,6406374.708072162
4,Rosenbrock,10,0.1,"(0.33, 0.66)",20,5891765.163719639
4,Rosenbrock,10,0.1,"(0.33, 0.66)",21,6198445.537552659
4,Rosenbrock,10,0.1,"(0.33, 0.66)",22,6770366.654761207
4,Rosenbrock,10,0.1,"(0.33, 0.66)",23,6427665.236500485
4,Rosenbrock,10,0.1,"(0.33, 0.66)",24,5629882.389777738
4,Rosenbrock,10,0.1,"(0.33, 0.66)",25,5070274.830139279
4,Rosenbrock,10,0.1,"(0.33, 0.66)",26,6782701.978840264
4,Rosenbrock,10,0.1,"(0.33, 0.66)",27,5692992.644269761
4,Rosenbrock,10,0.1,"(0.33, 0.66)",28,6864294.701251161
4,Rosenbrock,10,0.1,"(0.33, 0.66)",29,5759462.436017931
4,Rosenbrock,10,0.1,"(0.25, 0.5, 0.75)",0,5963451.774809587
4,Rosenbrock,10,0.1,"(0.25, 0.5, 0.75)",1,6352696.01844959
4,Rosenbrock,10,0.1,"(0.25, 0.5, 0.75)",2,5485488.5137324175
4,Rosenbrock,10,0.1,"(0.25, 0.5, 0.75)",3,6416119.5477661295
4,Rosenbrock,10,0.1,"(0.25, 0.5, 0.75)",4,5578898.579279276
4,Rosenbrock,10,0.1,"(0.25, 0.5, 0.75)",5,6315619.811879383
4,Rosenbrock,10,0.1,"(0.25, 0.5, 0.75)",6,6221897.575969138
4,Rosenbrock,10,0.1,"(0.25, 0.5, 0.75)",7,5729260.361757847
4,Rosenbrock,10,0.1,"(0.25, 0.5, 0.75)",8,5988161.742410343
4,Rosenbrock,10,0.1,"(0.25, 0.5, 0.75)",9,6168634.536486928
4,Rosenbrock,10,0.1,"(0.25, 0.5, 0.75)",10,6610773.727260647
4,Rosenbrock,10,0.1,"(0.25, 0.5, 0.75)",11,5524370.266176177
4,Rosenbrock,10,0.1,"(0.25, 0.5, 0.75)",12,7314365.509063321
4,Rosenbrock,10,0.1,"(0.25, 0.5, 0.75)",13,6390633.921314957
4,Rosenbrock,10,0.1,"(0.25, 0.5, 0.75)",14,5931807.700763414
4,Rosenbrock,10,0.1,"(0.25, 0.5, 0.75)",15,5643583.932731716
4,Rosenbrock,10,0.1,"(0.25, 0.5, 0.75)",16,6369241.190596033
4,Rosenbrock,10,0.1,"(0.25, 0.5, 0.75)",17,5507590.21166752
4,Rosenbrock,10,0.1,"(0.25, 0.5, 0.75)",18,6176293.954897518
4,Rosenbrock,10,0.1,"(0.25, 0.5, 0.75)",19,6879646.105683393
4,Rosenbrock,10,0.1,"(0.25, 0.5, 0.75)",20,7219921.2508175885
4,Rosenbrock,10,0.1,"(0.25, 0.5, 0.75)",21,6448184.649164675
4,Rosenbrock,10,0.1,"(0.25, 0.5, 0.75)",22,6254212.221280087
4,Rosenbrock,10,0.1,"(0.25, 0.5, 0.75)",23,6175052.513280062
4,Rosenbrock,10,0.1,"(0.25, 0.5, 0.75)",24,6221215.111926214
4,Rosenbrock,10,0.1,"(0.25, 0.5, 0.75)",25,6768998.628567064
4,Rosenbrock,10,0.1,"(0.25, 0.5, 0.75)",26,5739490.397908141
4,Rosenbrock,10,0.1,"(0.25, 0.5, 0.75)",27,6387946.767211768
4,Rosenbrock,10,0.1,"(0.25, 0.5, 0.75)",28,6122211.391905819
4,Rosenbrock,10,0.1,"(0.25, 0.5, 0.75)",29,6800304.870777846
4,Rosenbrock,10,0.25,"(0.5,)",0,6349721.231818778
4,Rosenbrock,10,0.25,"(0.5,)",1,5822532.271737335
4,Rosenbrock,10,0.25,"(0.5,)",2,6525939.017637591
4,Rosenbrock,10,0.25,"(0.5,)",3,6363646.236028448
4,Rosenbrock,10,0.25,"(0.5,)",4,5367709.986683123
4,Rosenbrock,10,0.25,"(0.5,)",5,6423236.676084414
4,Rosenbrock,10,0.25,"(0.5,)",6,5753375.634138627
4,Rosenbrock,10,0.25,"(0.5,)",7,6041326.900394302
4,Rosenbrock,10,0.25,"(0.5,)",8,6094439.6265172195
4,Rosenbrock,10,0.25,"(0.5,)",9,6332450.002418861
4,Rosenbrock,10,0.25,"(0.5,)",10,7309320.600628252
4,Rosenbrock,10,0.25,"(0.5,)",11,5777062.496965455
4,Rosenbrock,10,0.25,"(0.5,)",12,5687139.2909735115
4,Rosenbrock,10,0.25,"(0.5,)",13,5701568.244330267
4,Rosenbrock,10,0.25,"(0.5,)",14,5813917.134622319
4,Rosenbrock,10,0.25,"(0.5,)",15,4975639.9686315395
4,Rosenbrock,10,0.25,"(0.5,)",16,5870362.508363968
4,Rosenbrock,10,0.25,"(0.5,)",17,6369272.197784354
4,Rosenbrock,10,0.25,"(0.5,)",18,6122620.156641515
4,Rosenbrock,10,0.25,"(0.5,)",19,5679721.192434092
4,Rosenbrock,10,0.25,"(0.5,)",20,6375357.3853381695
4,Rosenbrock,10,0.25,"(0.5,)",21,6824675.782167588
4,Rosenbrock,10,0.25,"(0.5,)",22,6110812.464136274
4,Rosenbrock,10,0.25,"(0.5,)",23,5581530.993618274
4,Rosenbrock,10,0.25,"(0.5,)",24,5507506.600388857
4,Rosenbrock,10,0.25,"(0.5,)",25,5931783.52684441
4,Rosenbrock,10,0.25,"(0.5,)",26,6388624.464215431
4,Rosenbrock,10,0.25,"(0.5,)",27,6866303.04677508
4,Rosenbrock,10,0.25,"(0.5,)",28,6754410.704342959
4,Rosenbrock,10,0.25,"(0.5,)",29,6986156.700396789
4,Rosenbrock,10,0.25,"(0.5, 0.75)",0,6320300.1879628915
4,Rosenbrock,10,0.25,"(0.5, 0.75)",1,6367598.419692465
4,Rosenbrock,10,0.25,"(0.5, 0.75)",2,6001129.131772833
4,Rosenbrock,10,0.25,"(0.5, 0.75)",3,6780093.476893246
4,Rosenbrock,10,0.25,"(0.5, 0.75)",4,6052712.167636803
4,Rosenbrock,10,0.25,"(0.5, 0.75)",5,5705636.219004877
4,Rosenbrock,10,0.25,"(0.5, 0.75)",6,6346261.400904138
4,Rosenbrock,10,0.25,"(0.5, 0.75)",7,5699926.5355015
4,Rosenbrock,10,0.25,"(0.5, 0.75)",8,5164448.015285202
4,Rosenbrock,10,0.25,"(0.5, 0.75)",9,6115809.598837838
4,Rosenbrock,10,0.25,"(0.5, 0.75)",10,5516473.95578588
4,Rosenbrock,10,0.25,"(0.5, 0.75)",11,6323276.6933093835
4,Rosenbrock,10,0.25,"(0.5, 0.75)",12,7295507.168252317
4,Rosenbrock,10,0.25,"(0.5, 0.75)",13,5726768.534348308
4,Rosenbrock,10,0.25,"(0.5, 0.75)",14,5981113.211704098
4,Rosenbrock,10,0.25,"(0.5, 0.75)",15,6386955.5630199835
4,Rosenbrock,10,0.25,"(0.5, 0.75)",16,6862099.397987373
4,Rosenbrock,10,0.25,"(0.5, 0.75)",17,6355256.884500266
4,Rosenbrock,10,0.25,"(0.5, 0.75)",18,6398759.472610133
4,Rosenbrock,10,0.25,"(0.5, 0.75)",19,5866040.693314367
4,Rosenbrock,10,0.25,"(0.5, 0.75)",20,7268631.013354009
4,Rosenbrock,10,0.25,"(0.5, 0.75)",21,6298519.301033575
4,Rosenbrock,10,0.25,"(0.5, 0.75)",22,6003206.38603959
4,Rosenbrock,10,0.25,"(0.5, 0.75)",23,4927652.208844338
4,Rosenbrock,10,0.25,"(0.5, 0.75)",24,5683858.749595065
4,Rosenbrock,10,0.25,"(0.5, 0.75)",25,5612412.869469873
4,Rosenbrock,10,0.25,"(0.5, 0.75)",26,5031210.017277117
4,Rosenbrock,10,0.25,"(0.5, 0.75)",27,5846326.468954413
4,Rosenbrock,10,0.25,"(0.5, 0.75)",28,6461872.120088997
4,Rosenbrock,10,0.25,"(0.5, 0.75)",29,6032330.958715808
4,Rosenbrock,10,0.25,"(0.33, 0.66)",0,6406434.765740104
4,Rosenbrock,10,0.25,"(0.33, 0.66)",1,6133485.810439481
4,Rosenbrock,10,0.25,"(0.33, 0.66)",2,5168684.236304891
4,Rosenbrock,10,0.25,"(0.33, 0.66)",3,5435172.598351241
4,Rosenbrock,10,0.25,"(0.33, 0.66)",4,5166433.25921203
4,Rosenbrock,10,0.25,"(0.33, 0.66)",5,5354622.1673229365
4,Rosenbrock,10,0.25,"(0.33, 0.66)",6,5448124.40845786
4,Rosenbrock,10,0.25,"(0.33, 0.66)",7,6717582.882630447
4,Rosenbrock,10,0.25,"(0.33, 0.66)",8,5775239.448485186
4,Rosenbrock,10,0.25,"(0.33, 0.66)",9,5689478.0447913585
4,Rosenbrock,10,0.25,"(0.33, 0.66)",10,6130311.736977978
4,Rosenbrock,10,0.25,"(0.33, 0.66)",11,5957062.2653903635
4,Rosenbrock,10,0.25,"(0.33, 0.66)",12,5490883.251660332
4,Rosenbrock,10,0.25,"(0.33, 0.66)",13,6086550.801563217
4,Rosenbrock,10,0.25,"(0.33, 0.66)",14,6388725.700022006
4,Rosenbrock,10,0.25,"(0.33, 0.66)",15,6186275.208133518
4,Rosenbrock,10,0.25,"(0.33, 0.66)",16,6265845.24700339
4,Rosenbrock,10,0.25,"(0.33, 0.66)",17,5868957.0078879595
4,Rosenbrock,10,0.25,"(0.33, 0.66)",18,5501499.041328587
4,Rosenbrock,10,0.25,"(0.33, 0.66)",19,6854598.3497993825
4,Rosenbrock,10,0.25,"(0.33, 0.66)",20,6369640.857587019
4,Rosenbrock,10,0.25,"(0.33, 0.66)",21,6935959.120489139
4,Rosenbrock,10,0.25,"(0.33, 0.66)",22,6438252.166513834
4,Rosenbrock,10,0.25,"(0.33, 0.66)",23,6476489.181295376
4,Rosenbrock,10,0.25,"(0.33, 0.66)",24,5816929.730932718
4,Rosenbrock,10,0.25,"(0.33, 0.66)",25,6595007.491136374
4,Rosenbrock,10,0.25,"(0.33, 0.66)",26,6811228.82221349
4,Rosenbrock,10,0.25,"(0.33, 0.66)",27,6834822.422392864
4,Rosenbrock,10,0.25,"(0.33, 0.66)",28,6781615.599914409
4,Rosenbrock,10,0.25,"(0.33, 0.66)",29,5899299.905133429
4,Rosenbrock,10,0.25,"(0.25, 0.5, 0.75)",0,6811589.001777982
4,Rosenbrock,10,0.25,"(0.25, 0.5, 0.75)",1,6028236.625219004
4,Rosenbrock,10,0.25,"(0.25, 0.5, 0.75)",2,5595295.749621083
4,Rosenbrock,10,0.25,"(0.25, 0.5, 0.75)",3,6163617.541118894
4,Rosenbrock,10,0.25,"(0.25, 0.5, 0.75)",4,6285003.093431819
4,Rosenbrock,10,0.25,"(0.25, 0.5, 0.75)",5,6362988.933827502
4,Rosenbrock,10,0.25,"(0.25, 0.5, 0.75)",6,6363915.573050144
4,Rosenbrock,10,0.25,"(0.25, 0.5, 0.75)",7,5699612.986298535
4,Rosenbrock,10,0.25,"(0.25, 0.5, 0.75)",8,6397576.008125832
4,Rosenbrock,10,0.25,"(0.25, 0.5, 0.75)",9,5734278.985283618
4,Rosenbrock,10,0.25,"(0.25, 0.5, 0.75)",10,6590002.653722046
4,Rosenbrock,10,0.25,"(0.25, 0.5, 0.75)",11,6914999.154608335
4,Rosenbrock,10,0.25,"(0.25, 0.5, 0.75)",12,5693358.970765702
4,Rosenbrock,10,0.25,"(0.25, 0.5, 0.75)",13,6413575.447780534
4,Rosenbrock,10,0.25,"(0.25, 0.5, 0.75)",14,6802112.4827303225
4,Rosenbrock,10,0.25,"(0.25, 0.5, 0.75)",15,6119112.16209839
4,Rosenbrock,10,0.25,"(0.25, 0.5, 0.75)",16,6421516.121826609
4,Rosenbrock,10,0.25,"(0.25, 0.5, 0.75)",17,6334302.393695547
4,Rosenbrock,10,0.25,"(0.25, 0.5, 0.75)",18,6644014.0568342935
4,Rosenbrock,10,0.25,"(0.25, 0.5, 0.75)",19,5219610.083895553
4,Rosenbrock,10,0.25,"(0.25, 0.5, 0.75)",20,5796372.610136476
4,Rosenbrock,10,0.25,"(0.25, 0.5, 0.75)",21,6341704.987101375
4,Rosenbrock,10,0.25,"(0.25, 0.5, 0.75)",22,5944125.448299846
4,Rosenbrock,10,0.25,"(0.25, 0.5, 0.75)",23,5966980.283094962
4,Rosenbrock,10,0.25,"(0.25, 0.5, 0.75)",24,6399375.486761898
4,Rosenbrock,10,0.25,"(0.25, 0.5, 0.75)",25,6918416.934050341
4,Rosenbrock,10,0.25,"(0.25, 0.5, 0.75)",26,5849127.83319003
4,Rosenbrock,10,0.25,"(0.25, 0.5, 0.75)",27,5393437.15636526
4,Rosenbrock,10,0.25,"(0.25, 0.5, 0.75)",28,6182354.867491794
4,Rosenbrock,10,0.25,"(0.25, 0.5, 0.75)",29,6196083.14020224
4,Rosenbrock,10,0.4,"(0.5,)",0,6412737.799769669
4,Rosenbrock,10,0.4,"(0.5,)",1,5787722.339785995
4,Rosenbrock,10,0.4,"(0.5,)",2,5795789.225677964
4,Rosenbrock,10,0.4,"(0.5,)",3,6892140.185810514
4,Rosenbrock,10,0.4,"(0.5,)",4,5707282.139769368
4,Rosenbrock,10,0.4,"(0.5,)",5,6223142.427613802
4,Rosenbrock,10,0.4,"(0.5,)",6,5480465.3186829975
4,Rosenbrock,10,0.4,"(0.5,)",7,5684930.896506949
4,Rosenbrock,10,0.4,"(0.5,)",8,5510837.793273259
4,Rosenbrock,10,0.4,"(0.5,)",9,6351016.055698356
4,Rosenbrock,10,0.4,"(0.5,)",10,4261036.166442152
4,Rosenbrock,10,0.4,"(0.5,)",11,6325248.770343
4,Rosenbrock,10,0.4,"(0.5,)",12,6546388.909239084
4,Rosenbrock,10,0.4,"(0.5,)",13,6347319.727099453
4,Rosenbrock,10,0.4,"(0.5,)",14,5759471.974854783
4,Rosenbrock,10,0.4,"(0.5,)",15,6413585.583476173
4,Rosenbrock,10,0.4,"(0.5,)",16,5845795.271705523
4,Rosenbrock,10,0.4,"(0.5,)",17,5959964.05036351
4,Rosenbrock,10,0.4,"(0.5,)",18,6949094.802670726
4,Rosenbrock,10,0.4,"(0.5,)",19,6839148.4708269425
4,Rosenbrock,10,0.4,"(0.5,)",20,4740971.109322515
4,Rosenbrock,10,0.4,"(0.5,)",21,6763361.969427129
4,Rosenbrock,10,0.4,"(0.5,)",22,6327388.489578068
4,Rosenbrock,10,0.4,"(0.5,)",23,5935860.013522245
4,Rosenbrock,10,0.4,"(0.5,)",24,5682620.765081924
4,Rosenbrock,10,0.4,"(0.5,)",25,5887272.198778988
4,Rosenbrock,10,0.4,"(0.5,)",26,4938042.413664537
4,Rosenbrock,10,0.4,"(0.5,)",27,6482275.356684849
4,Rosenbrock,10,0.4,"(0.5,)",28,6800561.134497929
4,Rosenbrock,10,0.4,"(0.5,)",29,6078295.998941334
4,Rosenbrock,10,0.4,"(0.5, 0.75)",0,5032470.763459582
4,Rosenbrock,10,0.4,"(0.5, 0.75)",1,5886662.138664085
4,Rosenbrock,10,0.4,"(0.5, 0.75)",2,5926109.707922312
4,Rosenbrock,10,0.4,"(0.5, 0.75)",3,5377006.7765232455
4,Rosenbrock,10,0.4,"(0.5, 0.75)",4,5630386.477710954
4,Rosenbrock,10,0.4,"(0.5, 0.75)",5,6903558.66734011
4,Rosenbrock,10,0.4,"(0.5, 0.75)",6,5725040.190254993
4,Rosenbrock,10,0.4,"(0.5, 0.75)",7,5126481.553532268
4,Rosenbrock,10,0.4,"(0.5, 0.75)",8,6025859.3712697625
4,Rosenbrock,10,0.4,"(0.5, 0.75)",9,5880699.91532378
4,Rosenbrock,10,0.4,"(0.5, 0.75)",10,6864425.055347259
4,Rosenbrock,10,0.4,"(0.5, 0.75)",11,5494599.663086456
4,Rosenbrock,10,0.4,"(0.5, 0.75)",12,5685751.014213471
4,Rosenbrock,10,0.4,"(0.5, 0.75)",13,6286024.6598537695
4,Rosenbrock,10,0.4,"(0.5, 0.75)",14,5544714.914978872
4,Rosenbrock,10,0.4,"(0.5, 0.75)",15,6962004.299079921
4,Rosenbrock,10,0.4,"(0.5, 0.75)",16,5860601.843766432
4,Rosenbrock,10,0.4,"(0.5, 0.75)",17,7205415.431439825
4,Rosenbrock,10,0.4,"(0.5, 0.75)",18,6434561.412404291
4,Rosenbrock,10,0.4,"(0.5, 0.75)",19,6405344.9752760315
4,Rosenbrock,10,0.4,"(0.5, 0.75)",20,6186317.470581624
4,Rosenbrock,10,0.4,"(0.5, 0.75)",21,6823287.963617766
4,Rosenbrock,10,0.4,"(0.5, 0.75)",22,5636391.058512686
4,Rosenbrock,10,0.4,"(0.5, 0.75)",23,6416881.7421314465
4,Rosenbrock,10,0.4,"(0.5, 0.75)",24,6074680.891047819
4,Rosenbrock,10,0.4,"(0.5, 0.75)",25,5680409.211709565
4,Rosenbrock,10,0.4,"(0.5, 0.75)",26,7305976.470281573
4,Rosenbrock,10,0.4,"(0.5, 0.75)",27,5888501.804918592
4,Rosenbrock,10,0.4,"(0.5, 0.75)",28,6686979.642673557
4,Rosenbrock,10,0.4,"(0.5, 0.75)",29,5604029.9886786435
4,Rosenbrock,10,0.4,"(0.33, 0.66)",0,6440168.641785067
4,Rosenbrock,10,0.4,"(0.33, 0.66)",1,6185829.448548091
4,Rosenbrock,10,0.4,"(0.33, 0.66)",2,5635828.585521708
4,Rosenbrock,10,0.4,"(0.33, 0.66)",3,6583902.973805507
4,Rosenbrock,10,0.4,"(0.33, 0.66)",4,5606003.147452971
4,Rosenbrock,10,0.4,"(0.33, 0.66)",5,6240141.841059057
4,Rosenbrock,10,0.4,"(0.33, 0.66)",6,5910458.804579134
4,Rosenbrock,10,0.4,"(0.33, 0.66)",7,5191980.763098178
4,Rosenbrock,10,0.4,"(0.33, 0.66)",8,6426657.84690194
4,Rosenbrock,10,0.4,"(0.33, 0.66)",9,6838872.563533666
4,Rosenbrock,10,0.4,"(0.33, 0.66)",10,6641658.430059703
4,Rosenbrock,10,0.4,"(0.33, 0.66)",11,5296922.457952881
4,Rosenbrock,10,0.4,"(0.33, 0.66)",12,5125765.735173563
4,Rosenbrock,10,0.4,"(0.33, 0.66)",13,4913184.908650291
4,Rosenbrock,10,0.4,"(0.33, 0.66)",14,6062264.235540427
4,Rosenbrock,10,0.4,"(0.33, 0.66)",15,6753278.778967066
4,Rosenbrock,10,0.4,"(0.33, 0.66)",16,5651831.3070638105
4,Rosenbrock,10,0.4,"(0.33, 0.66)",17,6204211.760928248
4,Rosenbrock,10,0.4,"(0.33, 0.66)",18,6300752.678694782
4,Rosenbrock,10,0.4,"(0.33, 0.66)",19,5636132.619722251
4,Rosenbrock,10,0.4,"(0.33, 0.66)",20,6104756.242113785
4,Rosenbrock,10,0.4,"(0.33, 0.66)",21,6799533.84691176
4,Rosenbrock,10,0.4,"(0.33, 0.66)",22,5926479.1661745645
4,Rosenbrock,10,0.4,"(0.33, 0.66)",23,6801472.364515554
4,Rosenbrock,10,0.4,"(0.33, 0.66)",24,5259193.82320568
4,Rosenbrock,10,0.4,"(0.33, 0.66)",25,5943096.482295649
4,Rosenbrock,10,0.4,"(0.33, 0.66)",26,5651085.6014284855
4,Rosenbrock,10,0.4,"(0.33, 0.66)",27,5750877.4814486
4,Rosenbrock,10,0.4,"(0.33, 0.66)",28,6765316.005423393
4,Rosenbrock,10,0.4,"(0.33, 0.66)",29,5647999.208120891
4,Rosenbrock,10,0.4,"(0.25, 0.5, 0.75)",0,5661003.075339119
4,Rosenbrock,10,0.4,"(0.25, 0.5, 0.75)",1,6788655.530261476
4,Rosenbrock,10,0.4,"(0.25, 0.5, 0.75)",2,6014459.351187438
4,Rosenbrock,10,0.4,"(0.25, 0.5, 0.75)",3,5468549.737892631
4,Rosenbrock,10,0.4,"(0.25, 0.5, 0.75)",4,6089373.521671303
4,Rosenbrock,10,0.4,"(0.25, 0.5, 0.75)",5,5745309.419805884
4,Rosenbrock,10,0.4,"(0.25, 0.5, 0.75)",6,5612203.705203142
4,Rosenbrock,10,0.4,"(0.25, 0.5, 0.75)",7,6340205.733746019
4,Rosenbrock,10,0.4,"(0.25, 0.5, 0.75)",8,6858552.346575608
4,Rosenbrock,10,0.4,"(0.25, 0.5, 0.75)",9,5724689.72496553
4,Rosenbrock,10,0.4,"(0.25, 0.5, 0.75)",10,6001249.3573728455
4,Rosenbrock,10,0.4,"(0.25, 0.5, 0.75)",11,6859038.35657745
4,Rosenbrock,10,0.4,"(0.25, 0.5, 0.75)",12,5709996.492970994
4,Rosenbrock,10,0.4,"(0.25, 0.5, 0.75)",13,6454841.7227284275
4,Rosenbrock,10,0.4,"(0.25, 0.5, 0.75)",14,6288838.073282515
4,Rosenbrock,10,0.4,"(0.25, 0.5, 0.75)",15,6748626.836485377
4,Rosenbrock,10,0.4,"(0.25, 0.5, 0.75)",16,6193080.614782825
4,Rosenbrock,10,0.4,"(0.25, 0.5, 0.75)",17,5884792.336505737
4,Rosenbrock,10,0.4,"(0.25, 0.5, 0.75)",18,6979944.993958953
4,Rosenbrock,10,0.4,"(0.25, 0.5, 0.75)",19,5414676.182154956
4,Rosenbrock,10,0.4,"(0.25, 0.5, 0.75)",20,5686024.382263877
4,Rosenbrock,10,0.4,"(0.25, 0.5, 0.75)",21,5281122.91745832
4,Rosenbrock,10,0.4,"(0.25, 0.5, 0.75)",22,5473628.988339425
4,Rosenbrock,10,0.4,"(0.25, 0.5, 0.75)",23,4937653.046537915
4,Rosenbrock,10,0.4,"(0.25, 0.5, 0.75)",24,4882728.613809267
4,Rosenbrock,10,0.4,"(0.25, 0.5, 0.75)",25,6334115.296936685
4,Rosenbrock,10,0.4,"(0.25, 0.5, 0.75)",26,6261893.241649362
4,Rosenbrock,10,0.4,"(0.25, 0.5, 0.75)",27,6741611.504241653
4,Rosenbrock,10,0.4,"(0.25, 0.5, 0.75)",28,6815321.9368421305
4,Rosenbrock,10,0.4,"(0.25, 0.5, 0.75)",29,5301908.371368084
4,Rosenbrock,10,0.5,"(0.5,)",0,6473519.628839589
4,Rosenbrock,10,0.5,"(0.5,)",1,5450083.358825036
4,Rosenbrock,10,0.5,"(0.5,)",2,5679733.165043768
4,Rosenbrock,10,0.5,"(0.5,)",3,6463360.761517024
4,Rosenbrock,10,0.5,"(0.5,)",4,5644673.103834467
4,Rosenbrock,10,0.5,"(0.5,)",5,6800747.769474015
4,Rosenbrock,10,0.5,"(0.5,)",6,5844122.801921392
4,Rosenbrock,10,0.5,"(0.5,)",7,5653731.5867787
4,Rosenbrock,10,0.5,"(0.5,)",8,6380182.585196027
4,Rosenbrock,10,0.5,"(0.5,)",9,5339007.53940395
4,Rosenbrock,10,0.5,"(0.5,)",10,6327523.102321087
4,Rosenbrock,10,0.5,"(0.5,)",11,6232449.742678422
4,Rosenbrock,10,0.5,"(0.5,)",12,5967265.648782482
4,Rosenbrock,10,0.5,"(0.5,)",13,5853689.881993747
4,Rosenbrock,10,0.5,"(0.5,)",14,5955078.001255993
4,Rosenbrock,10,0.5,"(0.5,)",15,6339243.105405199
4,Rosenbrock,10,0.5,"(0.5,)",16,6246885.37994614
4,Rosenbrock,10,0.5,"(0.5,)",17,5931077.167445958
4,Rosenbrock,10,0.5,"(0.5,)",18,5200013.981787481
4,Rosenbrock,10,0.5,"(0.5,)",19,5885905.664744078
4,Rosenbrock,10,0.5,"(0.5,)",20,7211741.079508663
4,Rosenbrock,10,0.5,"(0.5,)",21,5621603.674708
4,Rosenbrock,10,0.5,"(0.5,)",22,6350305.54856026
4,Rosenbrock,10,0.5,"(0.5,)",23,5731064.333249237
4,Rosenbrock,10,0.5,"(0.5,)",24,5685602.482720276
4,Rosenbrock,10,0.5,"(0.5,)",25,6271992.494034618
4,Rosenbrock,10,0.5,"(0.5,)",26,6090414.45115845
4,Rosenbrock,10,0.5,"(0.5,)",27,5719919.963498366
4,Rosenbrock,10,0.5,"(0.5,)",28,5788735.997213031
4,Rosenbrock,10,0.5,"(0.5,)",29,6763736.194367329
4,Rosenbrock,10,0.5,"(0.5, 0.75)",0,6405314.607123053
4,Rosenbrock,10,0.5,"(0.5, 0.75)",1,6391069.990853857
4,Rosenbrock,10,0.5,"(0.5, 0.75)",2,6460087.833014206
4,Rosenbrock,10,0.5,"(0.5, 0.75)",3,7312147.24964693
4,Rosenbrock,10,0.5,"(0.5, 0.75)",4,7070569.7002614755
4,Rosenbrock,10,0.5,"(0.5, 0.75)",5,5640887.031682162
4,Rosenbrock,10,0.5,"(0.5, 0.75)",6,5842372.805180809
4,Rosenbrock,10,0.5,"(0.5, 0.75)",7,5973822.751532005
4,Rosenbrock,10,0.5,"(0.5, 0.75)",8,6332063.38246307
4,Rosenbrock,10,0.5,"(0.5, 0.75)",9,6320487.346519329
4,Rosenbrock,10,0.5,"(0.5, 0.75)",10,4798908.026705097
4,Rosenbrock,10,0.5,"(0.5, 0.75)",11,5611836.973684296
4,Rosenbrock,10,0.5,"(0.5, 0.75)",12,5447081.313070426
4,Rosenbrock,10,0.5,"(0.5, 0.75)",13,6154308.207102827
4,Rosenbrock,10,0.5,"(0.5, 0.75)",14,5641846.23981135
4,Rosenbrock,10,0.5,"(0.5, 0.75)",15,5587173.654935178
4,Rosenbrock,10,0.5,"(0.5, 0.75)",16,6268495.461935552
4,Rosenbrock,10,0.5,"(0.5, 0.75)",17,6765692.078392606
4,Rosenbrock,10,0.5,"(0.5, 0.75)",18,6150486.777332005
4,Rosenbrock,10,0.5,"(0.5, 0.75)",19,6317562.5869503915
4,Rosenbrock,10,0.5,"(0.5, 0.75)",20,5899150.225431348
4,Rosenbrock,10,0.5,"(0.5, 0.75)",21,6070253.594970794
4,Rosenbrock,10,0.5,"(0.5, 0.75)",22,6738830.907676373
4,Rosenbrock,10,0.5,"(0.5, 0.75)",23,6940465.241947565
4,Rosenbrock,10,0.5,"(0.5, 0.75)",24,4922944.610443621
4,Rosenbrock,10,0.5,"(0.5, 0.75)",25,6315338.514268692
4,Rosenbrock,10,0.5,"(0.5, 0.75)",26,6736814.922695366
4,Rosenbrock,10,0.5,"(0.5, 0.75)",27,5730805.80888762
4,Rosenbrock,10,0.5,"(0.5, 0.75)",28,5559394.500830995
4,Rosenbrock,10,0.5,"(0.5, 0.75)",29,5789202.307776764
4,Rosenbrock,10,0.5,"(0.33, 0.66)",0,6812416.496369801
4,Rosenbrock,10,0.5,"(0.33, 0.66)",1,5930843.825268369
4,Rosenbrock,10,0.5,"(0.33, 0.66)",2,5631472.358698825
4,Rosenbrock,10,0.5,"(0.33, 0.66)",3,5103548.551446173
4,Rosenbrock,10,0.5,"(0.33, 0.66)",4,6370637.877170373
4,Rosenbrock,10,0.5,"(0.33, 0.66)",5,6155023.197293864
4,Rosenbrock,10,0.5,"(0.33, 0.66)",6,6137516.345610992
4,Rosenbrock,10,0.5,"(0.33, 0.66)",7,6476116.65077858
4,Rosenbrock,10,0.5,"(0.33, 0.66)",8,5527871.595580857
4,Rosenbrock,10,0.5,"(0.33, 0.66)",9,6041615.074600477
4,Rosenbrock,10,0.5,"(0.33, 0.66)",10,6017218.960641341
4,Rosenbrock,10,0.5,"(0.33, 0.66)",11,5670769.46857177
4,Rosenbrock,10,0.5,"(0.33, 0.66)",12,6143353.618569783
4,Rosenbrock,10,0.5,"(0.33, 0.66)",13,5703223.338883487
4,Rosenbrock,10,0.5,"(0.33, 0.66)",14,6791359.98987315
4,Rosenbrock,10,0.5,"(0.33, 0.66)",15,6782018.095743424
4,Rosenbrock,10,0.5,"(0.33, 0.66)",16,4923181.938884258
4,Rosenbrock,10,0.5,"(0.33, 0.66)",17,5450055.060557772
4,Rosenbrock,10,0.5,"(0.33, 0.66)",18,6410270.299200405
4,Rosenbrock,10,0.5,"(0.33, 0.66)",19,5921892.452420063
4,Rosenbrock,10,0.5,"(0.33, 0.66)",20,6351209.957664131
4,Rosenbrock,10,0.5,"(0.33, 0.66)",21,6360512.426030947
4,Rosenbrock,10,0.5,"(0.33, 0.66)",22,5616475.677155073
4,Rosenbrock,10,0.5,"(0.33, 0.66)",23,5887673.9463938875
4,Rosenbrock,10,0.5,"(0.33, 0.66)",24,6203973.204769018
4,Rosenbrock,10,0.5,"(0.33, 0.66)",25,5930064.709320255
4,Rosenbrock,10,0.5,"(0.33, 0.66)",26,5690196.645185808
4,Rosenbrock,10,0.5,"(0.33, 0.66)",27,6117379.82512293
4,Rosenbrock,10,0.5,"(0.33, 0.66)",28,6874642.410463305
4,Rosenbrock,10,0.5,"(0.33, 0.66)",29,6938664.978440969
4,Rosenbrock,10,0.5,"(0.25, 0.5, 0.75)",0,6264288.381804928
4,Rosenbrock,10,0.5,"(0.25, 0.5, 0.75)",1,4651834.10884693
4,Rosenbrock,10,0.5,"(0.25, 0.5, 0.75)",2,6829576.336138887
4,Rosenbrock,10,0.5,"(0.25, 0.5, 0.75)",3,6868371.539344711
4,Rosenbrock,10,0.5,"(0.25, 0.5, 0.75)",4,6373559.013048784
4,Rosenbrock,10,0.5,"(0.25, 0.5, 0.75)",5,6386616.737758973
4,Rosenbrock,10,0.5,"(0.25, 0.5, 0.75)",6,5562146.093362512
4,Rosenbrock,10,0.5,"(0.25, 0.5, 0.75)",7,5130625.382809681
4,Rosenbrock,10,0.5,"(0.25, 0.5, 0.75)",8,6403433.023337344
4,Rosenbrock,10,0.5,"(0.25, 0.5, 0.75)",9,6579348.287378115
4,Rosenbrock,10,0.5,"(0.25, 0.5, 0.75)",10,5989940.952446192
4,Rosenbrock,10,0.5,"(0.25, 0.5, 0.75)",11,6064681.744025952
4,Rosenbrock,10,0.5,"(0.25, 0.5, 0.75)",12,6086566.156880509
4,Rosenbrock,10,0.5,"(0.25, 0.5, 0.75)",13,5539684.489571699
4,Rosenbrock,10,0.5,"(0.25, 0.5, 0.75)",14,5732966.292246183
4,Rosenbrock,10,0.5,"(0.25, 0.5, 0.75)",15,6835972.602060437
4,Rosenbrock,10,0.5,"(0.25, 0.5, 0.75)",16,6528385.991198686
4,Rosenbrock,10,0.5,"(0.25, 0.5, 0.75)",17,5890211.8610572
4,Rosenbrock,10,0.5,"(0.25, 0.5, 0.75)",18,5929998.852949573
4,Rosenbrock,10,0.5,"(0.25, 0.5, 0.75)",19,5985758.1423082845
4,Rosenbrock,10,0.5,"(0.25, 0.5, 0.75)",20,5901404.389610447
4,Rosenbrock,10,0.5,"(0.25, 0.5, 0.75)",21,6215784.2647151295
4,Rosenbrock,10,0.5,"(0.25, 0.5, 0.75)",22,6299858.107928733
4,Rosenbrock,10,0.5,"(0.25, 0.5, 0.75)",23,5765865.091571423
4,Rosenbrock,10,0.5,"(0.25, 0.5, 0.75)",24,6121438.282131659
4,Rosenbrock,10,0.5,"(0.25, 0.5, 0.75)",25,6383896.921327239
4,Rosenbrock,10,0.5,"(0.25, 0.5, 0.75)",26,6129553.816905198
4,Rosenbrock,10,0.5,"(0.25, 0.5, 0.75)",27,5643950.466209973
4,Rosenbrock,10,0.5,"(0.25, 0.5, 0.75)",28,6322716.157209045
4,Rosenbrock,10,0.5,"(0.25, 0.5, 0.75)",29,4963811.820278972
