strategy,dim_groups,algo,func,dim,rep,fopt,time,iterations,seed
rand1bin,1,SMCO_EVO,Rastrigin,1000,0,-8100.247472905403,755.4098457805812,332,1992977623
rand1bin,8,SMCO_R_EVO,Rastrigin,1000,0,-8077.087429620278,756.7764131193981,332,1992977623
rand1bin,8,SMCO_BR_EVO,Rastrigin,1000,0,-8106.799270392402,759.3250196510926,182,1992977623
best1bin,2,SMCO_EVO,Rastrigin,1000,0,-8100.251142561237,759.9215613650158,332,1992977623
rand1bin,4,SMCO_EVO,Rastrigin,1000,0,-8099.875072379866,765.9226156380028,332,1992977623
rand1bin,4,SMCO_BR_EVO,Rastrigin,1000,0,-8108.685481077289,775.2455988246948,182,1992977623
rand1bin,4,SMCO_R_EVO,Rastrigin,1000,0,-8076.0542950529925,778.1668477533385,332,1992977623
best1bin,1,SMCO_EVO,Rastrigin,1000,0,-8100.1991945229565,893.148185309954,332,1992977623
rand1bin,2,SMCO_BR_EVO,Rastrigin,1000,0,-8110.388838057254,900.1802900852636,182,1992977623
rand1bin,2,SMCO_EVO,Rastrigin,1000,0,-8100.366426411087,909.7923395112157,332,1992977623
best1bin,1,SMCO_BR_EVO,Rastrigin,1000,0,-8114.148791232095,914.6891700504348,182,1992977623
best1bin,1,SMCO_R_EVO,Rastrigin,1000,0,-8077.193046439217,916.3177348468453,332,1992977623
rand1bin,2,SMCO_R_EVO,Rastrigin,1000,0,-8076.761428138579,918.6102980989963,332,1992977623
best1bin,2,SMCO_R_EVO,Rastrigin,1000,0,-8076.507096853052,918.631814151071,332,1992977623
rand1bin,1,SMCO_R_EVO,Rastrigin,1000,0,-8077.196048066335,918.7529123891145,332,1992977623
rand1bin,8,SMCO_EVO,Rastrigin,1000,0,-8100.145600372597,921.9461660273373,332,1992977623
best1bin,2,SMCO_BR_EVO,Rastrigin,1000,0,-8102.446005417894,928.2448335653171,182,1992977623
rand1bin,1,SMCO_BR_EVO,Rastrigin,1000,0,-8110.471836096436,954.4464291995391,182,1992977623
best1bin,8,SMCO_EVO,Rastrigin,1000,0,-8099.534519190022,844.6957014147192,332,1992977623
rand1bin,1,SMCO_EVO,Rastrigin,1000,1,-8027.848604429964,829.3501775283366,332,802871722
best1bin,4,SMCO_R_EVO,Rastrigin,1000,0,-8076.996304810281,851.4544708691537,332,1992977623
best1bin,4,SMCO_EVO,Rastrigin,1000,0,-8099.314423422535,856.2673546727747,332,1992977623
best1bin,8,SMCO_R_EVO,Rastrigin,1000,0,-8076.928367369899,853.5871453545988,332,1992977623
best1bin,4,SMCO_BR_EVO,Rastrigin,1000,0,-8106.021280446334,885.0005029616877,182,1992977623
best1bin,8,SMCO_BR_EVO,Rastrigin,1000,0,-8106.987402915254,888.3440945437178,182,1992977623
rand1bin,1,SMCO_R_EVO,Rastrigin,1000,1,-8004.497138120034,826.3865375779569,332,802871722
rand1bin,2,SMCO_R_EVO,Rastrigin,1000,1,-8004.489605781588,810.9321789564565,332,802871722
rand1bin,4,SMCO_EVO,Rastrigin,1000,1,-8028.618042021714,813.5179507154971,332,802871722
rand1bin,2,SMCO_EVO,Rastrigin,1000,1,-8028.919137526762,838.1399025144055,332,802871722
rand1bin,8,SMCO_EVO,Rastrigin,1000,1,-8026.605305396641,829.4164373669773,332,802871722
rand1bin,4,SMCO_R_EVO,Rastrigin,1000,1,-8005.064440151165,843.7503864327446,332,802871722
rand1bin,2,SMCO_BR_EVO,Rastrigin,1000,1,-8039.074840499662,846.7808840991929,182,802871722
rand1bin,4,SMCO_BR_EVO,Rastrigin,1000,1,-8040.771374004858,864.2943850532174,182,802871722
rand1bin,8,SMCO_R_EVO,Rastrigin,1000,1,-8003.292921239645,860.4057038752362,332,802871722
rand1bin,1,SMCO_BR_EVO,Rastrigin,1000,1,-8037.141416676658,894.3355192355812,182,802871722
rand1bin,8,SMCO_BR_EVO,Rastrigin,1000,1,-8039.237765240413,886.7979973601177,182,802871722
best1bin,2,SMCO_EVO,Rastrigin,1000,1,-8027.591768023454,838.8650544015691,332,802871722
best1bin,1,SMCO_EVO,Rastrigin,1000,1,-8027.818050894871,846.1370077542961,332,802871722
best1bin,1,SMCO_R_EVO,Rastrigin,1000,1,-8003.832976183633,859.4361089849845,332,802871722
best1bin,2,SMCO_R_EVO,Rastrigin,1000,1,-8004.947688382111,852.7249074010178,332,802871722
best1bin,1,SMCO_BR_EVO,Rastrigin,1000,1,-8046.990473385887,888.6172057799995,182,802871722
best1bin,2,SMCO_BR_EVO,Rastrigin,1000,1,-8037.881538820837,856.3876006808132,182,802871722
best1bin,4,SMCO_EVO,Rastrigin,1000,1,-8028.222721233846,839.3427705457434,332,802871722
best1bin,8,SMCO_EVO,Rastrigin,1000,1,-8027.292203048385,815.1752984449267,332,802871722
best1bin,4,SMCO_R_EVO,Rastrigin,1000,1,-8003.792109010895,846.174504651688,332,802871722
best1bin,4,SMCO_BR_EVO,Rastrigin,1000,1,-8036.154346305603,848.4436963535845,182,802871722
best1bin,8,SMCO_BR_EVO,Rastrigin,1000,1,-8034.6195353228195,832.3681457545608,182,802871722
rand1bin,1,SMCO_BR_EVO,Rastrigin,1000,2,-8065.408768062289,836.0036861337721,182,986617303
rand1bin,1,SMCO_R_EVO,Rastrigin,1000,2,-8033.470753868887,875.7123026782647,332,986617303
rand1bin,2,SMCO_R_EVO,Rastrigin,1000,2,-8033.136661683689,852.2085438268259,332,986617303
best1bin,8,SMCO_R_EVO,Rastrigin,1000,1,-8003.653864620235,901.6448260033503,332,802871722
rand1bin,1,SMCO_EVO,Rastrigin,1000,2,-8056.924052340711,894.2009732834995,332,986617303
rand1bin,2,SMCO_EVO,Rastrigin,1000,2,-8055.838444445489,894.5555261410773,332,986617303
rand1bin,2,SMCO_BR_EVO,Rastrigin,1000,2,-8064.432488368762,844.6642607618123,182,986617303
rand1bin,4,SMCO_BR_EVO,Rastrigin,1000,2,-8060.462365282552,878.5799456676468,182,986617303
rand1bin,4,SMCO_EVO,Rastrigin,1000,2,-8057.024568014702,908.7189904116094,332,986617303
best1bin,1,SMCO_R_EVO,Rastrigin,1000,2,-8032.730429694604,815.3547073239461,332,986617303
best1bin,2,SMCO_EVO,Rastrigin,1000,2,-8057.716578608262,799.3391846548766,332,986617303
rand1bin,4,SMCO_R_EVO,Rastrigin,1000,2,-8033.06018022504,939.9776866668835,332,986617303
best1bin,2,SMCO_R_EVO,Rastrigin,1000,2,-8033.279263799271,830.4127825349569,332,986617303
best1bin,2,SMCO_BR_EVO,Rastrigin,1000,2,-8062.115993081127,795.3530380604789,182,986617303
rand1bin,8,SMCO_R_EVO,Rastrigin,1000,2,-8032.895620901636,952.0416012257338,332,986617303
rand1bin,8,SMCO_EVO,Rastrigin,1000,2,-8056.433856969643,983.2944866446778,332,986617303
best1bin,1,SMCO_EVO,Rastrigin,1000,2,-8056.292960901062,978.7282507875934,332,986617303
rand1bin,8,SMCO_BR_EVO,Rastrigin,1000,2,-8062.3824388250705,991.703247516416,182,986617303
best1bin,1,SMCO_BR_EVO,Rastrigin,1000,2,-8066.692119698178,963.3338327845559,182,986617303
best1bin,4,SMCO_BR_EVO,Rastrigin,1000,2,-8063.3226214208535,922.2489153044298,182,986617303
best1bin,4,SMCO_R_EVO,Rastrigin,1000,2,-8033.047189715289,1006.3816090133041,332,986617303
best1bin,8,SMCO_R_EVO,Rastrigin,1000,2,-8032.965807978739,972.2062181849033,332,986617303
best1bin,8,SMCO_BR_EVO,Rastrigin,1000,2,-8062.0975531824,981.6188148232177,182,986617303
best1bin,4,SMCO_EVO,Rastrigin,1000,2,-8057.400472782172,1044.9103908753023,332,986617303
best1bin,8,SMCO_EVO,Rastrigin,1000,2,-8057.445510076596,1030.6567088719457,332,986617303
rand1bin,2,SMCO_EVO,Rastrigin,1000,3,-8160.807352244443,739.7264491021633,332,172460067
rand1bin,1,SMCO_R_EVO,Rastrigin,1000,3,-8137.076223218301,781.9451922727749,332,172460067
rand1bin,1,SMCO_BR_EVO,Rastrigin,1000,3,-8178.224526197776,783.2785967066884,182,172460067
rand1bin,4,SMCO_EVO,Rastrigin,1000,3,-8160.241431670198,759.0955027174205,332,172460067
rand1bin,2,SMCO_BR_EVO,Rastrigin,1000,3,-8175.00099981982,779.0370628442615,182,172460067
rand1bin,1,SMCO_EVO,Rastrigin,1000,3,-8160.089088890265,1012.6398708391935,332,172460067
rand1bin,2,SMCO_R_EVO,Rastrigin,1000,3,-8136.726173186386,1038.106743067503,332,172460067
rand1bin,8,SMCO_R_EVO,Rastrigin,1000,3,-8137.473196256454,1012.7334942128509,332,172460067
rand1bin,4,SMCO_BR_EVO,Rastrigin,1000,3,-8180.02446692099,1053.0124630108476,182,172460067
rand1bin,8,SMCO_EVO,Rastrigin,1000,3,-8158.854757815818,1043.1078501679003,332,172460067
rand1bin,8,SMCO_BR_EVO,Rastrigin,1000,3,-8178.414520476221,1018.6347626997158,182,172460067
rand1bin,4,SMCO_R_EVO,Rastrigin,1000,3,-8137.089421199325,1107.2707683183253,332,172460067
best1bin,1,SMCO_EVO,Rastrigin,1000,3,-8159.515788925415,1028.8885715501383,332,172460067
best1bin,1,SMCO_R_EVO,Rastrigin,1000,3,-8136.87940258352,1045.769366751425,332,172460067
best1bin,2,SMCO_R_EVO,Rastrigin,1000,3,-8137.380618190141,1017.338911794126,332,172460067
best1bin,2,SMCO_EVO,Rastrigin,1000,3,-8160.871566971196,1063.8704894352704,332,172460067
best1bin,1,SMCO_BR_EVO,Rastrigin,1000,3,-8170.656458548463,1077.3619963498786,182,172460067
best1bin,2,SMCO_BR_EVO,Rastrigin,1000,3,-8174.334052273034,1056.871236034669,182,172460067
best1bin,4,SMCO_EVO,Rastrigin,1000,3,-8161.861810626676,769.3743970664218,332,172460067
best1bin,4,SMCO_R_EVO,Rastrigin,1000,3,-8137.418651239137,758.2887716628611,332,172460067
best1bin,8,SMCO_EVO,Rastrigin,1000,3,-8159.514804352309,757.0617031753063,332,172460067
best1bin,4,SMCO_BR_EVO,Rastrigin,1000,3,-8179.931831710668,795.4807214979082,182,172460067
best1bin,8,SMCO_R_EVO,Rastrigin,1000,3,-8136.452229342978,792.0218180799857,332,172460067
best1bin,8,SMCO_BR_EVO,Rastrigin,1000,3,-8173.509902144373,1022.0932336086407,182,172460067
rand1bin,1,SMCO_EVO,Rastrigin,1000,4,-8220.451092939556,1023.2832201858982,332,1626558576
rand1bin,1,SMCO_R_EVO,Rastrigin,1000,4,-8197.367428129284,1009.8381448751315,332,1626558576
rand1bin,1,SMCO_BR_EVO,Rastrigin,1000,4,-8229.391194024869,1034.3000939739868,182,1626558576
rand1bin,2,SMCO_R_EVO,Rastrigin,1000,4,-8197.128662060797,998.6147900903597,332,1626558576
rand1bin,2,SMCO_BR_EVO,Rastrigin,1000,4,-8229.445251921441,1017.6499910317361,182,1626558576
rand1bin,2,SMCO_EVO,Rastrigin,1000,4,-8220.389590240826,1070.7560261953622,332,1626558576
rand1bin,4,SMCO_EVO,Rastrigin,1000,4,-8220.981938505825,1034.6650953553617,332,1626558576
best1bin,1,SMCO_R_EVO,Rastrigin,1000,4,-8196.8225218328,749.3089188095182,332,1626558576
best1bin,1,SMCO_EVO,Rastrigin,1000,4,-8220.524906118504,804.2030516825616,332,1626558576
best1bin,2,SMCO_EVO,Rastrigin,1000,4,-8220.509220759115,759.4431338515133,332,1626558576
rand1bin,4,SMCO_BR_EVO,Rastrigin,1000,4,-8231.834946442019,1023.6085290266201,182,1626558576
best1bin,1,SMCO_BR_EVO,Rastrigin,1000,4,-8228.31351557282,800.4303523199633,182,1626558576
rand1bin,4,SMCO_R_EVO,Rastrigin,1000,4,-8198.124422734676,1036.7397373635322,332,1626558576
rand1bin,8,SMCO_R_EVO,Rastrigin,1000,4,-8196.786427777184,1015.9604024076834,332,1626558576
best1bin,2,SMCO_R_EVO,Rastrigin,1000,4,-8197.1313129971,782.3048697952181,332,1626558576
rand1bin,8,SMCO_BR_EVO,Rastrigin,1000,4,-8229.153906960863,1030.270683567971,182,1626558576
rand1bin,8,SMCO_EVO,Rastrigin,1000,4,-8220.570624730208,1100.0949789043516,332,1626558576
best1bin,2,SMCO_BR_EVO,Rastrigin,1000,4,-8225.989482863559,1088.4438977586105,182,1626558576
best1bin,4,SMCO_EVO,Rastrigin,1000,4,-8220.758195412714,1066.8211851520464,332,1626558576
best1bin,4,SMCO_BR_EVO,Rastrigin,1000,4,-8220.417768017913,1044.845182215795,182,1626558576
best1bin,4,SMCO_R_EVO,Rastrigin,1000,4,-8197.317273312838,1085.8090327149257,332,1626558576
best1bin,8,SMCO_R_EVO,Rastrigin,1000,4,-8197.212137397782,1036.7204899797216,332,1626558576
best1bin,8,SMCO_EVO,Rastrigin,1000,4,-8220.153341118457,1075.391703242436,332,1626558576
rand1bin,2,SMCO_EVO,Ackley,1000,0,-0.37710705047899085,976.2590585565194,332,1120682288
rand1bin,1,SMCO_R_EVO,Ackley,1000,0,-0.07240786107300368,1031.579163168557,332,1120682288
best1bin,8,SMCO_BR_EVO,Rastrigin,1000,4,-8228.83494731546,1119.2232746770605,182,1626558576
rand1bin,1,SMCO_BR_EVO,Ackley,1000,0,-0.07989171393608929,1074.115496517159,182,1120682288
rand1bin,2,SMCO_BR_EVO,Ackley,1000,0,-0.08074983344678133,1069.4130309829488,182,1120682288
rand1bin,4,SMCO_BR_EVO,Ackley,1000,0,-0.08037914290044101,1100.445896629244,182,1120682288
rand1bin,1,SMCO_EVO,Ackley,1000,0,-0.38220365507242393,1359.7504175622016,332,1120682288
rand1bin,2,SMCO_R_EVO,Ackley,1000,0,-0.07408572225471888,1342.7184487087652,332,1120682288
rand1bin,4,SMCO_EVO,Ackley,1000,0,-0.37148255402971175,1343.404141638428,332,1120682288
rand1bin,8,SMCO_EVO,Ackley,1000,0,-0.38250786735484654,1333.9961783848703,332,1120682288
rand1bin,4,SMCO_R_EVO,Ackley,1000,0,-0.0725631681987875,1403.4717176891863,332,1120682288
rand1bin,8,SMCO_R_EVO,Ackley,1000,0,-0.07295485407722468,1403.489719344303,332,1120682288
best1bin,4,SMCO_EVO,Ackley,1000,0,-0.3763484573090712,989.0794108137488,332,1120682288
best1bin,2,SMCO_R_EVO,Ackley,1000,0,-0.07440232239512001,1098.6408176533878,332,1120682288
best1bin,2,SMCO_BR_EVO,Ackley,1000,0,-0.0812139017223541,1098.6470726523548,182,1120682288
best1bin,8,SMCO_EVO,Ackley,1000,0,-0.37729354436643847,1017.562668078579,332,1120682288
best1bin,4,SMCO_BR_EVO,Ackley,1000,0,-0.07936147188792164,1070.3643097421154,182,1120682288
best1bin,8,SMCO_R_EVO,Ackley,1000,0,-0.07288711776652734,982.374585959129,332,1120682288
best1bin,1,SMCO_EVO,Ackley,1000,0,-0.3793144871181586,1412.2502265991643,332,1120682288
rand1bin,8,SMCO_BR_EVO,Ackley,1000,0,-0.08156471533481424,1492.2892288872972,182,1120682288
best1bin,2,SMCO_EVO,Ackley,1000,0,-0.37185352572723973,1369.517875134945,332,1120682288
best1bin,1,SMCO_R_EVO,Ackley,1000,0,-0.0738939826664411,1396.509300920181,332,1120682288
best1bin,4,SMCO_R_EVO,Ackley,1000,0,-0.07336235978775507,1312.3589665675536,332,1120682288
best1bin,1,SMCO_BR_EVO,Ackley,1000,0,-0.08171001487704688,1434.015129044652,182,1120682288
rand1bin,1,SMCO_R_EVO,Ackley,1000,1,-0.07356380737757151,1143.9044481925666,332,1434004311
rand1bin,1,SMCO_EVO,Ackley,1000,1,-0.37807683494561006,1162.3341498468071,332,1434004311
best1bin,8,SMCO_BR_EVO,Ackley,1000,0,-0.07957072461368186,1279.553806340322,182,1120682288
rand1bin,2,SMCO_EVO,Ackley,1000,1,-0.3789982952348834,1141.3473702799529,332,1434004311
rand1bin,2,SMCO_R_EVO,Ackley,1000,1,-0.07307808852298026,1095.0824948213995,332,1434004311
rand1bin,1,SMCO_BR_EVO,Ackley,1000,1,-0.08069225078434572,1224.075126347132,182,1434004311
rand1bin,4,SMCO_EVO,Ackley,1000,1,-0.3777904397717653,739.8370165722445,332,1434004311
rand1bin,4,SMCO_R_EVO,Ackley,1000,1,-0.07333690123590175,690.0457525504753,332,1434004311
rand1bin,2,SMCO_BR_EVO,Ackley,1000,1,-0.08112893713791225,803.9955305317417,182,1434004311
rand1bin,8,SMCO_R_EVO,Ackley,1000,1,-0.07351968172150025,705.7748869741336,332,1434004311
rand1bin,4,SMCO_BR_EVO,Ackley,1000,1,-0.08070375811451358,746.9465928841382,182,1434004311
rand1bin,8,SMCO_EVO,Ackley,1000,1,-0.3808326823960191,739.6104230741039,332,1434004311
best1bin,1,SMCO_R_EVO,Ackley,1000,1,-0.07364216904570897,733.5283096944913,332,1434004311
best1bin,1,SMCO_EVO,Ackley,1000,1,-0.3742100271486213,771.846142495051,332,1434004311
rand1bin,8,SMCO_BR_EVO,Ackley,1000,1,-0.08064886086369016,837.0980134308338,182,1434004311
best1bin,2,SMCO_EVO,Ackley,1000,1,-0.37419859815660717,767.5831931428984,332,1434004311
best1bin,2,SMCO_R_EVO,Ackley,1000,1,-0.07363181600547053,761.9782827282324,332,1434004311
best1bin,1,SMCO_BR_EVO,Ackley,1000,1,-0.07946587600396926,822.5260948147625,182,1434004311
best1bin,4,SMCO_EVO,Ackley,1000,1,-0.3766148139004959,711.3826030027121,332,1434004311
best1bin,4,SMCO_R_EVO,Ackley,1000,1,-0.07490496447345807,736.461009060964,332,1434004311
best1bin,8,SMCO_R_EVO,Ackley,1000,1,-0.07331353149529862,719.9956891350448,332,1434004311
best1bin,8,SMCO_EVO,Ackley,1000,1,-0.37383642090156544,744.4680649526417,332,1434004311
best1bin,2,SMCO_BR_EVO,Ackley,1000,1,-0.08043414287769624,851.6908228090033,182,1434004311
rand1bin,1,SMCO_EVO,Ackley,1000,2,-0.37239891840773653,644.4604929117486,332,531629005
best1bin,4,SMCO_BR_EVO,Ackley,1000,1,-0.08021836854567299,819.0862113274634,182,1434004311
rand1bin,1,SMCO_R_EVO,Ackley,1000,2,-0.07341188064441839,717.4720848444849,332,531629005
best1bin,8,SMCO_BR_EVO,Ackley,1000,1,-0.08079595331597789,732.1089579798281,182,1434004311
rand1bin,2,SMCO_EVO,Ackley,1000,2,-0.3784425339161648,695.3592394851148,332,531629005
rand1bin,2,SMCO_R_EVO,Ackley,1000,2,-0.07344172283891881,708.4554530298337,332,531629005
rand1bin,1,SMCO_BR_EVO,Ackley,1000,2,-0.08038067891233824,759.105069713667,182,531629005
rand1bin,4,SMCO_EVO,Ackley,1000,2,-0.3752858917075348,689.4608221435919,332,531629005
rand1bin,2,SMCO_BR_EVO,Ackley,1000,2,-0.08018163692228741,767.6694788532332,182,531629005
rand1bin,4,SMCO_R_EVO,Ackley,1000,2,-0.07339921658293891,732.915090910159,332,531629005
rand1bin,8,SMCO_R_EVO,Ackley,1000,2,-0.07328661620462329,709.7215284472331,332,531629005
rand1bin,8,SMCO_EVO,Ackley,1000,2,-0.3808354005253851,722.1108318734914,332,531629005
rand1bin,4,SMCO_BR_EVO,Ackley,1000,2,-0.08128626183981824,813.5855465149507,182,531629005
rand1bin,8,SMCO_BR_EVO,Ackley,1000,2,-0.08002725493556229,786.9931112732738,182,531629005
best1bin,1,SMCO_EVO,Ackley,1000,2,-0.37497656967098836,722.9350508423522,332,531629005
best1bin,1,SMCO_R_EVO,Ackley,1000,2,-0.07249436507880036,698.9948526611552,332,531629005
best1bin,2,SMCO_R_EVO,Ackley,1000,2,-0.07379209036415135,686.5777765130624,332,531629005
best1bin,2,SMCO_EVO,Ackley,1000,2,-0.37730466225983195,748.0766218053177,332,531629005
best1bin,1,SMCO_BR_EVO,Ackley,1000,2,-0.08020979069742085,799.7349267862737,182,531629005
best1bin,4,SMCO_EVO,Ackley,1000,2,-0.37178815742153093,687.5951702436432,332,531629005
best1bin,2,SMCO_BR_EVO,Ackley,1000,2,-0.08025224680403342,768.7738736411557,182,531629005
best1bin,4,SMCO_R_EVO,Ackley,1000,2,-0.07321636135853682,717.5946723613888,332,531629005
best1bin,8,SMCO_R_EVO,Ackley,1000,2,-0.0739826313344989,660.0411068806425,332,531629005
best1bin,8,SMCO_EVO,Ackley,1000,2,-0.3724252298288353,720.3882132368162,332,531629005
best1bin,4,SMCO_BR_EVO,Ackley,1000,2,-0.08033205286128409,747.0456157401204,182,531629005
best1bin,8,SMCO_BR_EVO,Ackley,1000,2,-0.08093859748734333,784.6551388232037,182,531629005
rand1bin,1,SMCO_EVO,Ackley,1000,3,-0.3699370329185361,741.1138403024524,332,1600534947
rand1bin,1,SMCO_R_EVO,Ackley,1000,3,-0.07156942420502377,733.3842234779149,332,1600534947
rand1bin,2,SMCO_EVO,Ackley,1000,3,-0.3730693179148763,728.0962039483711,332,1600534947
rand1bin,1,SMCO_BR_EVO,Ackley,1000,3,-0.08117942886097085,755.3447489980608,182,1600534947
rand1bin,2,SMCO_R_EVO,Ackley,1000,3,-0.0735807895446503,733.355092337355,332,1600534947
rand1bin,4,SMCO_EVO,Ackley,1000,3,-0.37117565032198074,744.0335202375427,332,1600534947
rand1bin,4,SMCO_R_EVO,Ackley,1000,3,-0.07295979119210161,727.1301724854857,332,1600534947
rand1bin,2,SMCO_BR_EVO,Ackley,1000,3,-0.08070663423694002,769.185899220407,182,1600534947
rand1bin,8,SMCO_EVO,Ackley,1000,3,-0.3805631307460513,722.383209720254,332,1600534947
rand1bin,4,SMCO_BR_EVO,Ackley,1000,3,-0.08081335739456863,749.6367798568681,182,1600534947
best1bin,1,SMCO_EVO,Ackley,1000,3,-0.3756160010891496,719.6290819048882,332,1600534947
rand1bin,8,SMCO_R_EVO,Ackley,1000,3,-0.07255532394653175,733.1908899648115,332,1600534947
best1bin,1,SMCO_R_EVO,Ackley,1000,3,-0.07276359103934427,728.3987736152485,332,1600534947
rand1bin,8,SMCO_BR_EVO,Ackley,1000,3,-0.07940617941423556,762.0722038829699,182,1600534947
best1bin,2,SMCO_R_EVO,Ackley,1000,3,-0.07262497016300218,684.2965820003301,332,1600534947
best1bin,2,SMCO_EVO,Ackley,1000,3,-0.3734142452720346,694.2192713869736,332,1600534947
best1bin,1,SMCO_BR_EVO,Ackley,1000,3,-0.08074248691255592,768.9431687928736,182,1600534947
best1bin,4,SMCO_EVO,Ackley,1000,3,-0.3746537069897795,708.4203917868435,332,1600534947
best1bin,4,SMCO_R_EVO,Ackley,1000,3,-0.07371252212505341,710.1800445858389,332,1600534947
best1bin,8,SMCO_EVO,Ackley,1000,3,-0.3794918070167168,682.9633058076724,332,1600534947
best1bin,2,SMCO_BR_EVO,Ackley,1000,3,-0.07978243329568757,764.5016121864319,182,1600534947
best1bin,4,SMCO_BR_EVO,Ackley,1000,3,-0.08082866922921328,783.6765179540962,182,1600534947
best1bin,8,SMCO_R_EVO,Ackley,1000,3,-0.07348519677732002,697.8434936162084,332,1600534947
rand1bin,1,SMCO_EVO,Ackley,1000,4,-0.37304418944632944,716.5186942042783,332,961780609
rand1bin,1,SMCO_R_EVO,Ackley,1000,4,-0.07328907888689473,717.2604960072786,332,961780609
best1bin,8,SMCO_BR_EVO,Ackley,1000,3,-0.08101437938230349,755.3267273092642,182,1600534947
rand1bin,2,SMCO_EVO,Ackley,1000,4,-0.36891528215609215,706.6195847457275,332,961780609
rand1bin,2,SMCO_R_EVO,Ackley,1000,4,-0.07306401861103895,710.023694595322,332,961780609
rand1bin,4,SMCO_EVO,Ackley,1000,4,-0.37671058550797243,675.8122255820781,332,961780609
rand1bin,1,SMCO_BR_EVO,Ackley,1000,4,-0.08004859956799182,775.3639602204785,182,961780609
rand1bin,4,SMCO_R_EVO,Ackley,1000,4,-0.0740238772834485,735.7361960643902,332,961780609
rand1bin,8,SMCO_EVO,Ackley,1000,4,-0.37984079708162044,689.9104949254543,332,961780609
rand1bin,2,SMCO_BR_EVO,Ackley,1000,4,-0.08097327633909801,784.1647966764867,182,961780609
rand1bin,8,SMCO_R_EVO,Ackley,1000,4,-0.07204789575136106,690.3914209026843,332,961780609
rand1bin,4,SMCO_BR_EVO,Ackley,1000,4,-0.07981442067927746,744.1100217057392,182,961780609
best1bin,1,SMCO_R_EVO,Ackley,1000,4,-0.07441998904572289,700.0053533380851,332,961780609
rand1bin,1,SMCO_EVO,Rosenbrock,1000,0,-245.95009988212914,300.3141743578017,332,1738798582
best1bin,1,SMCO_EVO,Ackley,1000,4,-0.37628099779908597,734.1840737946332,332,961780609
rand1bin,1,SMCO_R_EVO,Rosenbrock,1000,0,-21.739925946392276,303.3282071184367,332,1738798582
rand1bin,1,SMCO_BR_EVO,Rosenbrock,1000,0,-24.99816534787398,308.1460792021826,182,1738798582
best1bin,2,SMCO_EVO,Ackley,1000,4,-0.37122193320217933,696.5329444650561,332,961780609
rand1bin,2,SMCO_EVO,Rosenbrock,1000,0,-248.9407626252148,293.99853886757046,332,1738798582
rand1bin,2,SMCO_R_EVO,Rosenbrock,1000,0,-22.25890404975264,294.0957668349147,332,1738798582
rand1bin,8,SMCO_BR_EVO,Ackley,1000,4,-0.08090258817508955,804.5185501156375,182,961780609
best1bin,1,SMCO_BR_EVO,Ackley,1000,4,-0.081165845382007,781.3499927800149,182,961780609
best1bin,2,SMCO_R_EVO,Ackley,1000,4,-0.07385885901277378,732.5240490883589,332,961780609
best1bin,4,SMCO_EVO,Ackley,1000,4,-0.3731679426779526,703.5994106847793,332,961780609
best1bin,2,SMCO_BR_EVO,Ackley,1000,4,-0.08096043838215339,736.2875549253076,182,961780609
best1bin,4,SMCO_R_EVO,Ackley,1000,4,-0.07390791113432771,705.9939562631771,332,961780609
rand1bin,2,SMCO_BR_EVO,Rosenbrock,1000,0,-27.484846849191115,300.17874155845493,182,1738798582
rand1bin,4,SMCO_EVO,Rosenbrock,1000,0,-241.17464275948737,299.8486470747739,332,1738798582
rand1bin,4,SMCO_R_EVO,Rosenbrock,1000,0,-22.644988253466586,304.09170821122825,332,1738798582
rand1bin,4,SMCO_BR_EVO,Rosenbrock,1000,0,-25.43402826018083,305.73485385160893,182,1738798582
rand1bin,8,SMCO_EVO,Rosenbrock,1000,0,-248.45277553650408,307.5115361139178,332,1738798582
best1bin,1,SMCO_EVO,Rosenbrock,1000,0,-235.52424930111366,296.37969884928316,332,1738798582
best1bin,4,SMCO_BR_EVO,Ackley,1000,4,-0.08120688886503702,774.3395657157525,182,961780609
rand1bin,8,SMCO_BR_EVO,Rosenbrock,1000,0,-35.74138953042348,299.6122144702822,182,1738798582
rand1bin,8,SMCO_R_EVO,Rosenbrock,1000,0,-22.066875832959123,302.5701955491677,332,1738798582
best1bin,1,SMCO_R_EVO,Rosenbrock,1000,0,-22.130223199976363,302.81356482952833,332,1738798582
best1bin,8,SMCO_EVO,Ackley,1000,4,-0.37894393721778075,734.3001393312588,332,961780609
best1bin,8,SMCO_R_EVO,Ackley,1000,4,-0.07308723020802832,741.5688131544739,332,961780609
best1bin,1,SMCO_BR_EVO,Rosenbrock,1000,0,-27.27260377382371,307.27866058889776,182,1738798582
best1bin,2,SMCO_EVO,Rosenbrock,1000,0,-249.17124510496092,302.3464254280552,332,1738798582
best1bin,8,SMCO_BR_EVO,Ackley,1000,4,-0.07898293803967293,773.9829210368916,182,961780609
best1bin,2,SMCO_R_EVO,Rosenbrock,1000,0,-21.768473694845135,297.306208005175,332,1738798582
best1bin,4,SMCO_EVO,Rosenbrock,1000,0,-242.72369765386554,297.18739256542176,332,1738798582
best1bin,2,SMCO_BR_EVO,Rosenbrock,1000,0,-26.24359087544901,310.3980437628925,182,1738798582
best1bin,4,SMCO_R_EVO,Rosenbrock,1000,0,-21.84472102788476,293.46103231981397,332,1738798582
best1bin,4,SMCO_BR_EVO,Rosenbrock,1000,0,-26.12478592975567,304.2061428260058,182,1738798582
best1bin,8,SMCO_EVO,Rosenbrock,1000,0,-246.78813931479814,301.5966892177239,332,1738798582
best1bin,8,SMCO_R_EVO,Rosenbrock,1000,0,-21.852470988020826,304.82619283441454,332,1738798582
best1bin,8,SMCO_BR_EVO,Rosenbrock,1000,0,-26.33484885278111,312.2294384697452,182,1738798582
rand1bin,1,SMCO_EVO,Rosenbrock,1000,1,-251.89488997477076,293.93910597637296,332,543623709
rand1bin,1,SMCO_R_EVO,Rosenbrock,1000,1,-22.119702369539613,294.42683770880103,332,543623709
rand1bin,1,SMCO_BR_EVO,Rosenbrock,1000,1,-54.026065616442914,304.48712208587676,182,543623709
rand1bin,2,SMCO_EVO,Rosenbrock,1000,1,-243.2149780250698,305.14272476546466,332,543623709
rand1bin,2,SMCO_R_EVO,Rosenbrock,1000,1,-21.924455567984616,300.7521625459194,332,543623709
rand1bin,2,SMCO_BR_EVO,Rosenbrock,1000,1,-28.267741633146656,311.86158390250057,182,543623709
rand1bin,4,SMCO_EVO,Rosenbrock,1000,1,-235.35070174898902,306.4852760499343,332,543623709
rand1bin,4,SMCO_R_EVO,Rosenbrock,1000,1,-22.289858181663142,303.1383694540709,332,543623709
rand1bin,4,SMCO_BR_EVO,Rosenbrock,1000,1,-27.541531895285907,310.3018959797919,182,543623709
rand1bin,8,SMCO_EVO,Rosenbrock,1000,1,-244.41138839906048,305.7491257339716,332,543623709
rand1bin,8,SMCO_R_EVO,Rosenbrock,1000,1,-22.426380558906875,294.5758208222687,332,543623709
rand1bin,8,SMCO_BR_EVO,Rosenbrock,1000,1,-54.985071737718094,301.17311236821115,182,543623709
best1bin,1,SMCO_EVO,Rosenbrock,1000,1,-247.85264173973982,297.00685791950673,332,543623709
best1bin,1,SMCO_R_EVO,Rosenbrock,1000,1,-22.4011173423527,294.49397745449096,332,543623709
best1bin,2,SMCO_EVO,Rosenbrock,1000,1,-249.8267242429987,292.82563881762326,332,543623709
best1bin,1,SMCO_BR_EVO,Rosenbrock,1000,1,-28.89368168300197,300.78748574852943,182,543623709
best1bin,2,SMCO_R_EVO,Rosenbrock,1000,1,-22.153898300365945,295.4682321147993,332,543623709
best1bin,4,SMCO_EVO,Rosenbrock,1000,1,-248.4058801073348,294.8462791321799,332,543623709
best1bin,4,SMCO_R_EVO,Rosenbrock,1000,1,-22.110163987160597,297.13506077509373,332,543623709
best1bin,2,SMCO_BR_EVO,Rosenbrock,1000,1,-29.669051008529618,303.4130254536867,182,543623709
best1bin,8,SMCO_EVO,Rosenbrock,1000,1,-242.0600494075278,294.68729539308697,332,543623709
best1bin,8,SMCO_R_EVO,Rosenbrock,1000,1,-22.704652195772223,295.80914276558906,332,543623709
best1bin,4,SMCO_BR_EVO,Rosenbrock,1000,1,-27.234104488345828,305.3654621420428,182,543623709
best1bin,8,SMCO_BR_EVO,Rosenbrock,1000,1,-26.363799915066135,298.44450475275517,182,543623709
rand1bin,1,SMCO_EVO,Rosenbrock,1000,2,-246.81565479051423,294.205475226976,332,1350984772
rand1bin,1,SMCO_R_EVO,Rosenbrock,1000,2,-21.316696430773934,300.15524343028665,332,1350984772
rand1bin,1,SMCO_BR_EVO,Rosenbrock,1000,2,-26.143612227075153,300.75169198121876,182,1350984772
rand1bin,2,SMCO_EVO,Rosenbrock,1000,2,-244.2398454713676,295.1439113467932,332,1350984772
rand1bin,2,SMCO_R_EVO,Rosenbrock,1000,2,-21.979242045593548,296.5547611042857,332,1350984772
rand1bin,4,SMCO_EVO,Rosenbrock,1000,2,-244.4691592568712,298.52777770906687,332,1350984772
rand1bin,2,SMCO_BR_EVO,Rosenbrock,1000,2,-31.50816597793577,301.1927110813558,182,1350984772
rand1bin,4,SMCO_R_EVO,Rosenbrock,1000,2,-22.16589429457113,299.1384454164654,332,1350984772
rand1bin,8,SMCO_EVO,Rosenbrock,1000,2,-232.15176742066575,296.41273976303637,332,1350984772
rand1bin,4,SMCO_BR_EVO,Rosenbrock,1000,2,-30.66438336675662,301.30809282977134,182,1350984772
rand1bin,8,SMCO_R_EVO,Rosenbrock,1000,2,-22.67388053177596,297.4370475644246,332,1350984772
best1bin,1,SMCO_EVO,Rosenbrock,1000,2,-242.5612327155401,293.5361491488293,332,1350984772
best1bin,1,SMCO_R_EVO,Rosenbrock,1000,2,-22.320045858620396,296.1983232488856,332,1350984772
rand1bin,8,SMCO_BR_EVO,Rosenbrock,1000,2,-37.22974281288906,306.2337715383619,182,1350984772
best1bin,2,SMCO_EVO,Rosenbrock,1000,2,-246.43027412176207,293.6901577832177,332,1350984772
best1bin,1,SMCO_BR_EVO,Rosenbrock,1000,2,-26.478614022239473,299.93895933870226,182,1350984772
best1bin,2,SMCO_R_EVO,Rosenbrock,1000,2,-22.47224453535515,306.5069103036076,332,1350984772
best1bin,4,SMCO_EVO,Rosenbrock,1000,2,-245.73418474222655,293.88196873664856,332,1350984772
best1bin,2,SMCO_BR_EVO,Rosenbrock,1000,2,-25.83614964142322,299.59624237474054,182,1350984772
best1bin,4,SMCO_R_EVO,Rosenbrock,1000,2,-22.06113784078959,295.457693150267,332,1350984772
best1bin,4,SMCO_BR_EVO,Rosenbrock,1000,2,-31.95127099103246,299.6372363772243,182,1350984772
best1bin,8,SMCO_EVO,Rosenbrock,1000,2,-244.7017734511736,292.2415523827076,332,1350984772
best1bin,8,SMCO_R_EVO,Rosenbrock,1000,2,-22.836744884983577,295.57145728729665,332,1350984772
rand1bin,1,SMCO_EVO,Rosenbrock,1000,3,-238.15861169410255,292.5650316923857,332,1782911400
rand1bin,1,SMCO_R_EVO,Rosenbrock,1000,3,-22.228950311252248,293.50666299741715,332,1782911400
best1bin,8,SMCO_BR_EVO,Rosenbrock,1000,2,-27.015090116590194,300.5438737189397,182,1350984772
rand1bin,2,SMCO_EVO,Rosenbrock,1000,3,-251.48014307390505,291.3004360087216,332,1782911400
rand1bin,1,SMCO_BR_EVO,Rosenbrock,1000,3,-31.415115825110867,299.50471677910537,182,1782911400
rand1bin,2,SMCO_R_EVO,Rosenbrock,1000,3,-22.16288262862541,294.5422538984567,332,1782911400
rand1bin,4,SMCO_EVO,Rosenbrock,1000,3,-236.5716040845881,294.72356778755784,332,1782911400
rand1bin,2,SMCO_BR_EVO,Rosenbrock,1000,3,-29.588121587894555,304.26536671910435,182,1782911400
rand1bin,4,SMCO_R_EVO,Rosenbrock,1000,3,-22.85933997282196,297.0845770603046,332,1782911400
rand1bin,8,SMCO_EVO,Rosenbrock,1000,3,-249.3589961422768,293.5371686005965,332,1782911400
rand1bin,4,SMCO_BR_EVO,Rosenbrock,1000,3,-34.685614671041975,300.63527727127075,182,1782911400
rand1bin,8,SMCO_R_EVO,Rosenbrock,1000,3,-22.685631780921288,300.5023484295234,332,1782911400
rand1bin,8,SMCO_BR_EVO,Rosenbrock,1000,3,-26.870281445335472,299.706391681917,182,1782911400
best1bin,1,SMCO_EVO,Rosenbrock,1000,3,-244.67078872335867,294.8193050660193,332,1782911400
best1bin,1,SMCO_R_EVO,Rosenbrock,1000,3,-22.287221285613562,296.3900056965649,332,1782911400
best1bin,2,SMCO_EVO,Rosenbrock,1000,3,-239.52220875774233,292.76433059293777,332,1782911400
best1bin,1,SMCO_BR_EVO,Rosenbrock,1000,3,-25.563573941900223,297.64663620106876,182,1782911400
best1bin,2,SMCO_R_EVO,Rosenbrock,1000,3,-22.85703651381609,294.73838479444385,332,1782911400
best1bin,2,SMCO_BR_EVO,Rosenbrock,1000,3,-27.880488665975868,301.4406758295372,182,1782911400
best1bin,4,SMCO_R_EVO,Rosenbrock,1000,3,-22.445953250788488,300.0700714252889,332,1782911400
best1bin,4,SMCO_EVO,Rosenbrock,1000,3,-248.81900513621304,302.6422880385071,332,1782911400
best1bin,4,SMCO_BR_EVO,Rosenbrock,1000,3,-29.008411936912925,302.05023755319417,182,1782911400
best1bin,8,SMCO_EVO,Rosenbrock,1000,3,-246.32408750230647,298.9612633222714,332,1782911400
best1bin,8,SMCO_R_EVO,Rosenbrock,1000,3,-21.900893839095588,300.4838144397363,332,1782911400
rand1bin,1,SMCO_EVO,Rosenbrock,1000,4,-249.0875809201404,294.83538071624935,332,547454240
rand1bin,1,SMCO_R_EVO,Rosenbrock,1000,4,-21.88961086200795,297.01992159709334,332,547454240
best1bin,8,SMCO_BR_EVO,Rosenbrock,1000,3,-29.79341608299255,302.9266061857343,182,1782911400
rand1bin,2,SMCO_EVO,Rosenbrock,1000,4,-243.61746373915798,294.7808760693297,332,547454240
rand1bin,1,SMCO_BR_EVO,Rosenbrock,1000,4,-34.94118074693895,302.33482444286346,182,547454240
rand1bin,2,SMCO_R_EVO,Rosenbrock,1000,4,-22.762969394946467,298.2107907012105,332,547454240
rand1bin,4,SMCO_EVO,Rosenbrock,1000,4,-248.71327940972725,297.44844480697066,332,547454240
rand1bin,2,SMCO_BR_EVO,Rosenbrock,1000,4,-26.91577307735014,302.5357300667092,182,547454240
rand1bin,4,SMCO_R_EVO,Rosenbrock,1000,4,-21.153753206122733,299.7260722592473,332,547454240
rand1bin,8,SMCO_EVO,Rosenbrock,1000,4,-245.42203098961193,299.4715321455151,332,547454240
rand1bin,4,SMCO_BR_EVO,Rosenbrock,1000,4,-27.207131278603462,302.5010214736685,182,547454240
rand1bin,8,SMCO_R_EVO,Rosenbrock,1000,4,-22.251152259181804,301.08891012798995,332,547454240
best1bin,1,SMCO_R_EVO,Rosenbrock,1000,4,-22.474615752665294,292.5256946273148,332,547454240
best1bin,1,SMCO_EVO,Rosenbrock,1000,4,-248.90231040337403,293.3767889328301,332,547454240
rand1bin,8,SMCO_BR_EVO,Rosenbrock,1000,4,-32.26217134201153,299.59762306977063,182,547454240
best1bin,2,SMCO_EVO,Rosenbrock,1000,4,-245.5458535699546,292.25694027077407,332,547454240
best1bin,1,SMCO_BR_EVO,Rosenbrock,1000,4,-31.05144674055988,296.5466530015692,182,547454240
best1bin,2,SMCO_R_EVO,Rosenbrock,1000,4,-21.805785509858005,293.42987795639783,332,547454240
best1bin,4,SMCO_EVO,Rosenbrock,1000,4,-245.30108822040512,290.3923098454252,332,547454240
best1bin,4,SMCO_R_EVO,Rosenbrock,1000,4,-22.060040451024157,295.7847009608522,332,547454240
best1bin,2,SMCO_BR_EVO,Rosenbrock,1000,4,-75.543577338442,302.9968925807625,182,547454240
best1bin,8,SMCO_EVO,Rosenbrock,1000,4,-241.711866649915,290.2667048210278,332,547454240
best1bin,4,SMCO_BR_EVO,Rosenbrock,1000,4,-28.732165047686195,296.08772428985685,182,547454240
best1bin,8,SMCO_R_EVO,Rosenbrock,1000,4,-22.219698980742955,295.11379605252296,332,547454240
best1bin,8,SMCO_BR_EVO,Rosenbrock,1000,4,-33.28048313225871,294.4190942766145,182,547454240
