strategy,algo,func,dim,rep,fopt,time,iterations,seed
rand1bin,PSO,Rastrigin,500,0,-6932.598737496957,0.6952145528048277,300,647279673
rand1bin,PSO,Rastrigin,500,1,-6765.5516138624,0.7200890760868788,300,1677437249
rand1bin,PSO,Rastrigin,500,2,-6594.719921984912,0.7103298725560308,300,1329870051
rand1bin,GA,Rastrigin,500,1,-4998.872058567193,1.6210616705939174,300,1677437249
rand1bin,GA,Rastrigin,500,0,-4962.809482626446,1.8035051887854934,300,647279673
rand1bin,GA,Rastrigin,500,2,-5022.12909861965,1.8186291567981243,300,1329870051
rand1bin,PSO,Rastrigin,500,3,-6579.0290492246,0.6960194502025843,300,1617388629
rand1bin,GA,Rastrigin,500,3,-5101.282472497343,1.7024650974199176,300,1617388629
rand1bin,GenSA,Rastrigin,500,3,-5.969754342964734,76.14693776890635,300,1617388629
rand1bin,GenSA,Rastrigin,500,2,-2.9848771716988267,96.43324267771095,300,1329870051
rand1bin,GenSA,Rastrigin,500,0,-3.9798362293058744,97.04936789441854,300,647279673
rand1bin,GenSA,Rastrigin,500,1,-2.984877171425069,100.6310572065413,300,1677437249
rand1bin,SA,Rastrigin,500,3,-366.1446810318539,179.21426119096577,300,1617388629
rand1bin,SA,Rastrigin,500,0,-396.98836137659873,183.92230706196278,300,647279673
rand1bin,SMCO_EVO,Rastrigin,500,2,-3853.819229112117,195.43436090741307,323,1329870051
rand1bin,SA,Rastrigin,500,2,-374.10435852421233,196.0398978786543,300,1329870051
rand1bin,GA,Rastrigin,500,4,-5072.402101168843,1.783075981773436,300,1129626419
rand1bin,PSO,Rastrigin,500,4,-6664.305875951776,0.444847559556365,300,1129626419
rand1bin,SMCO_R_EVO,Rastrigin,500,0,-3657.81103170802,199.21658475603908,323,647279673
rand1bin,SMCO_R,Rastrigin,500,0,-3650.681064130735,203.1477450877428,173,647279673
rand1bin,SMCO_BR,Rastrigin,500,2,-3852.1177277991073,204.65141281019896,98,1329870051
rand1bin,SMCO,Rastrigin,500,4,-3650.9358318781938,205.0559617653489,323,1129626419
rand1bin,SMCO,Rastrigin,500,1,-3758.1930344439415,208.15492341667414,323,1677437249
rand1bin,SMCO_BR_EVO,Rastrigin,500,1,-3771.7059770509104,213.29823824577034,173,1677437249
rand1bin,SMCO_EVO,Rastrigin,500,1,-3766.0097372750533,220.83686986472458,323,1677437249
rand1bin,SMCO_BR,Rastrigin,500,3,-3817.4610379573833,225.0259854979813,98,1617388629
rand1bin,SMCO,Rastrigin,500,2,-3873.6910800577857,225.6732096299529,323,1329870051
rand1bin,SMCO_R,Rastrigin,500,1,-3745.970749251604,227.19055231288075,173,1677437249
rand1bin,GA,Ackley,500,0,-13.691880923878683,2.197376755066216,300,1827744636
rand1bin,PSO,Ackley,500,0,-20.64014695263334,0.9526589680463076,300,1827744636
rand1bin,SMCO_EVO,Rastrigin,500,0,-3683.8472015992397,234.69439679477364,323,647279673
rand1bin,SMCO_R,Rastrigin,500,4,-3638.5768468116557,232.19210517127067,173,1129626419
rand1bin,SMCO_R_EVO,Rastrigin,500,1,-3739.4670845718597,236.11000195518136,323,1677437249
rand1bin,SMCO_R_EVO,Rastrigin,500,2,-3823.036469625781,237.60638120863587,323,1329870051
rand1bin,SMCO_EVO,Rastrigin,500,3,-3794.564492382224,238.6916119325906,323,1617388629
rand1bin,SMCO_R,Rastrigin,500,2,-3835.382595397302,239.6932940138504,173,1329870051
rand1bin,SA,Rastrigin,500,1,-449.72101966316495,241.52697013504803,300,1677437249
rand1bin,SMCO_R_EVO,Rastrigin,500,3,-3809.7177371287125,243.54790631961077,323,1617388629
rand1bin,SMCO_R,Rastrigin,500,3,-3796.192248856353,245.41072104033083,173,1617388629
rand1bin,GA,Ackley,500,1,-13.917105541438536,2.0372868105769157,300,396000478
rand1bin,PSO,Ackley,500,1,-20.836016961519267,1.123040339909494,300,396000478
rand1bin,SMCO_BR,Rastrigin,500,1,-3742.5474242635632,246.79307851474732,98,1677437249
rand1bin,SMCO_BR_EVO,Rastrigin,500,2,-3863.8821721855675,246.80383677501231,173,1329870051
rand1bin,SMCO,Rastrigin,500,0,-3656.5643126959767,249.12208167091012,323,647279673
rand1bin,SMCO_BR_EVO,Rastrigin,500,0,-3690.996946365726,250.02092550322413,173,647279673
rand1bin,SMCO_BR,Rastrigin,500,0,-3680.7971230129474,251.28922923933715,98,647279673
rand1bin,SMCO_BR_EVO,Rastrigin,500,3,-3799.02856530115,252.21157122403383,173,1617388629
rand1bin,SMCO,Rastrigin,500,3,-3792.052833032785,257.10064916685224,323,1617388629
rand1bin,GenSA,Rastrigin,500,4,-3.979836228926615,83.14397699665278,300,1129626419
rand1bin,GA,Ackley,500,2,-13.846281213351647,2.3470509266480803,300,1219172169
rand1bin,PSO,Ackley,500,2,-20.722533326045383,1.1801271447911859,300,1219172169
rand1bin,SMCO_BR,Rastrigin,500,4,-3653.8272587449005,193.47278973832726,98,1129626419
rand1bin,GenSA,Ackley,500,0,-0.06197666892099862,107.98083070386201,300,1827744636
rand1bin,SMCO_R_EVO,Rastrigin,500,4,-3639.3327194722438,249.24950491264462,323,1129626419
rand1bin,SMCO_EVO,Rastrigin,500,4,-3651.603135253489,252.39112994167954,323,1129626419
rand1bin,SMCO_BR_EVO,Rastrigin,500,4,-3649.8142028195307,251.83774185739458,173,1129626419
rand1bin,GenSA,Ackley,500,2,-0.00398914542277895,109.08515987545252,300,1219172169
rand1bin,GenSA,Ackley,500,1,-0.023656590506068387,124.02335514873266,300,396000478
rand1bin,SA,Rastrigin,500,4,-372.1144606061698,199.06298826634884,300,1129626419
rand1bin,GenSA,Ackley,500,3,-0.015515892920149543,113.60857149399817,300,593730822
rand1bin,GA,Ackley,500,3,-13.77231361856038,1.4284590361639857,300,593730822
rand1bin,PSO,Ackley,500,3,-20.931800262191526,0.706370540894568,300,593730822
rand1bin,SMCO_R_EVO,Ackley,500,0,-0.07323339572046139,307.5980951767415,323,1827744636
rand1bin,SMCO_R,Ackley,500,0,-0.07426761519935754,319.6967209102586,173,1827744636
rand1bin,SMCO_BR,Ackley,500,0,-0.07951060673599786,320.6275750817731,98,1827744636
rand1bin,SMCO,Ackley,500,0,-0.38482150056224684,331.800878174603,323,1827744636
rand1bin,SMCO_EVO,Ackley,500,0,-0.38361856619720713,328.0566478157416,323,1827744636
rand1bin,SA,Ackley,500,0,-19.46723020209658,329.0460899034515,300,1827744636
rand1bin,SMCO_BR_EVO,Ackley,500,0,-0.0816491622513813,345.8048408739269,173,1827744636
rand1bin,SMCO_R,Ackley,500,2,-0.0733090257424931,323.4496075566858,173,1219172169
rand1bin,SMCO,Ackley,500,1,-0.3688582857279674,354.2095925314352,323,396000478
rand1bin,SMCO_R,Ackley,500,1,-0.07268988202245952,354.90539302211255,173,396000478
rand1bin,GA,Ackley,500,4,-13.93108074799316,1.2543005384504795,300,399951215
rand1bin,PSO,Ackley,500,4,-20.827284089327453,1.150534906424582,300,399951215
rand1bin,SMCO_EVO,Ackley,500,1,-0.37417367486222064,349.86987375095487,323,396000478
rand1bin,SMCO_BR_EVO,Ackley,500,1,-0.08167654455874329,351.82136011030525,173,396000478
rand1bin,SMCO_R_EVO,Ackley,500,1,-0.07516217536034064,354.3464687820524,323,396000478
rand1bin,SMCO,Ackley,500,3,-0.3687954717046762,327.5802786722779,323,593730822
rand1bin,SMCO_R,Ackley,500,3,-0.07514752601976271,323.97137389332056,173,593730822
rand1bin,SMCO,Ackley,500,2,-0.3863880850853616,350.2792615350336,323,1219172169
rand1bin,SA,Ackley,500,1,-19.508627027393057,358.25430589634925,300,396000478
rand1bin,SMCO_BR,Ackley,500,1,-0.07978633564623339,363.6996880704537,98,396000478
rand1bin,GA,Rosenbrock,500,0,-343654.50925989996,0.9082009810954332,300,1535894397
rand1bin,PSO,Rosenbrock,500,0,-22004343.58903291,0.29947177041321993,300,1535894397
rand1bin,SMCO_EVO,Ackley,500,2,-0.38836457981642214,354.04589279554784,323,1219172169
rand1bin,SMCO_R_EVO,Ackley,500,2,-0.0739975779444646,352.7236695755273,323,1219172169
rand1bin,SMCO_BR,Ackley,500,2,-0.08033263996596718,372.4415903883055,98,1219172169
rand1bin,SMCO_BR_EVO,Ackley,500,2,-0.08029209491096667,370.60951155237854,173,1219172169
rand1bin,SA,Ackley,500,2,-19.521566751795056,371.1258095931262,300,1219172169
rand1bin,SMCO_BR,Ackley,500,3,-0.07879341241072568,315.311848975718,98,593730822
rand1bin,GenSA,Ackley,500,4,-0.003215214917457576,112.72830159403384,300,399951215
rand1bin,GenSA,Rosenbrock,500,0,-82.99687114766283,69.11719367094338,300,1535894397
rand1bin,SMCO_EVO,Ackley,500,3,-0.39014848854867923,331.54272802360356,323,593730822
rand1bin,GA,Rosenbrock,500,1,-398910.3537344983,0.8680507838726044,300,2139530429
rand1bin,PSO,Rosenbrock,500,1,-19165114.732159242,0.32021593023091555,300,2139530429
rand1bin,GenSA,Rosenbrock,500,1,-461.17608049827993,57.61192797496915,300,2139530429
rand1bin,SMCO_R_EVO,Ackley,500,3,-0.07434303349846205,351.507118916139,323,593730822
rand1bin,SMCO_BR_EVO,Ackley,500,3,-0.08083724654751068,367.23602163232863,173,593730822
rand1bin,SA,Ackley,500,3,-19.399789236045077,383.96813724189997,300,593730822
rand1bin,SMCO,Rosenbrock,500,0,-124.10728966116763,165.26661883015186,323,1535894397
rand1bin,SMCO_R,Rosenbrock,500,1,-11.41866317084057,149.67674845829606,173,2139530429
rand1bin,SMCO_BR,Rosenbrock,500,0,-12.642369189950115,166.92664892226458,98,1535894397
rand1bin,SMCO_R_EVO,Rosenbrock,500,0,-11.426027660345344,168.1764621194452,323,1535894397
rand1bin,SMCO_R,Rosenbrock,500,0,-11.203925596921765,177.10618851706386,173,1535894397
rand1bin,GA,Rosenbrock,500,2,-352980.62042015506,1.5776551328599453,300,1881029145
rand1bin,PSO,Rosenbrock,500,2,-23453837.40325965,0.5517644602805376,300,1881029145
rand1bin,SMCO_EVO,Rosenbrock,500,0,-124.27765448482904,177.71840395592153,323,1535894397
rand1bin,SMCO_BR,Rosenbrock,500,1,-12.903665791158438,166.64797709975392,98,2139530429
rand1bin,SMCO_EVO,Rosenbrock,500,1,-127.6000765266337,151.38392236083746,323,2139530429
rand1bin,DEoptim,Rastrigin,500,1,-5594.7809230012645,773.676840194501,300,1677437249
rand1bin,DEoptim,Rastrigin,500,0,-5696.770327864717,774.5020274352282,300,647279673
rand1bin,SMCO_BR_EVO,Rosenbrock,500,0,-12.575858872534974,182.56648749113083,173,1535894397
rand1bin,SMCO,Rosenbrock,500,1,-126.96409887568723,177.76756808906794,323,2139530429
rand1bin,SMCO_R_EVO,Rosenbrock,500,1,-10.942501230634639,169.46550524421036,323,2139530429
rand1bin,SMCO_BR_EVO,Rosenbrock,500,1,-12.878492394400581,182.41965804621577,173,2139530429
rand1bin,GA,Rosenbrock,500,3,-374765.6658147375,1.588668705895543,300,982850379
rand1bin,PSO,Rosenbrock,500,3,-25376404.741176795,0.5464302180334926,300,982850379
rand1bin,SMCO,Ackley,500,4,-0.3837367542273147,336.95729882549495,323,399951215
rand1bin,DEoptim,Rastrigin,500,2,-5769.306877039261,813.5765340039507,300,1329870051
rand1bin,GenSA,Rosenbrock,500,2,-0.33133837807966005,66.44040706939995,300,1881029145
rand1bin,DEoptim,Rastrigin,500,3,-5471.642364615935,824.0316658951342,300,1617388629
rand1bin,GenSA,Rosenbrock,500,3,-213.9463573113118,67.74898792151362,300,982850379
rand1bin,SMCO,Rosenbrock,500,2,-126.77504401536447,172.16350126080215,323,1881029145
rand1bin,SMCO_EVO,Ackley,500,4,-0.37379507427389,329.1041290713474,323,399951215
rand1bin,SMCO_R,Ackley,500,4,-0.07542288610483938,337.7084265416488,173,399951215
rand1bin,SMCO_BR,Rosenbrock,500,2,-12.650989656026821,162.1702260747552,98,1881029145
rand1bin,GA,Rosenbrock,500,4,-306757.244476485,1.857638600282371,300,1569639165
rand1bin,PSO,Rosenbrock,500,4,-26625975.71406202,0.7553511820733547,300,1569639165
rand1bin,SMCO_R,Rosenbrock,500,2,-11.063009656815854,183.9968853071332,173,1881029145
rand1bin,SMCO_R_EVO,Ackley,500,4,-0.07249034796363008,351.9958130456507,323,399951215
rand1bin,SMCO_EVO,Rosenbrock,500,2,-125.08438048764668,163.9366186996922,323,1881029145
rand1bin,SMCO_BR_EVO,Ackley,500,4,-0.08096388507936725,361.0239489451051,173,399951215
rand1bin,SMCO_BR_EVO,Rosenbrock,500,2,-12.883967320610626,145.47628250531852,173,1881029145
rand1bin,SMCO_BR,Ackley,500,4,-0.07987503625362935,377.1907328981906,98,399951215
rand1bin,SA,Rosenbrock,500,0,-1355.6540351498043,307.0916537474841,300,1535894397
rand1bin,SMCO_R_EVO,Rosenbrock,500,2,-11.441106829711064,156.978105597198,323,1881029145
rand1bin,SMCO,Rosenbrock,500,3,-132.0248332677471,154.03227615728974,323,982850379
rand1bin,GA,Zakharov,500,0,-4306.696653545549,1.5175043400377035,300,1041822632
rand1bin,PSO,Zakharov,500,0,-4299819059000.0,0.6144838286563754,300,1041822632
rand1bin,GenSA,Rosenbrock,500,4,-79.78438541806848,70.49632950220257,300,1569639165
rand1bin,SA,Ackley,500,4,-19.44458472651637,374.8277676580474,300,399951215
rand1bin,SMCO_EVO,Rosenbrock,500,3,-125.64637725675807,167.9670298565179,323,982850379
rand1bin,SMCO_R,Rosenbrock,500,3,-10.879028191421103,173.2414979543537,173,982850379
rand1bin,SMCO_BR,Rosenbrock,500,3,-12.756759792005546,174.21723620500416,98,982850379
rand1bin,SMCO_BR_EVO,Rosenbrock,500,3,-12.19495123104824,181.21759487967938,173,982850379
rand1bin,GenSA,Zakharov,500,0,-1.5620439264205181,60.03776526451111,300,1041822632
rand1bin,SMCO_R_EVO,Rosenbrock,500,3,-11.431124322876022,194.16746451333165,323,982850379
rand1bin,SMCO_BR,Rosenbrock,500,4,-12.169163384116061,157.08727650437504,98,1569639165
rand1bin,GA,Zakharov,500,1,-4537.831745321446,1.6324445344507694,300,953425888
rand1bin,PSO,Zakharov,500,1,-25335.12210091706,0.577451653778553,300,953425888
rand1bin,SMCO_EVO,Rosenbrock,500,4,-129.91984976438374,156.49953030981123,323,1569639165
rand1bin,SMCO_R_EVO,Rosenbrock,500,4,-11.168300886629611,152.45214287377894,323,1569639165
rand1bin,SA,Rosenbrock,500,1,-1424.434689624759,324.3838026477024,300,2139530429
rand1bin,SMCO_R,Rosenbrock,500,4,-11.308683196454709,175.2289614258334,173,1569639165
rand1bin,SMCO,Rosenbrock,500,4,-128.23691607591618,182.07426861207932,323,1569639165
rand1bin,DEoptim,Rastrigin,500,4,-5689.301217391271,809.9169051535428,300,1129626419
rand1bin,GenSA,Zakharov,500,1,-0.06398649866264507,62.03834349475801,300,953425888
rand1bin,SMCO_BR_EVO,Rosenbrock,500,4,-12.666050691449918,181.66316916793585,173,1569639165
rand1bin,SA,Rosenbrock,500,2,-3.986623862090832,286.4934131158516,300,1881029145
rand1bin,GA,Zakharov,500,2,-3834.8234093441642,0.923732996918261,300,965576252
rand1bin,PSO,Zakharov,500,2,-24972.291252934207,0.4374119210988283,300,965576252
rand1bin,SMCO,Zakharov,500,0,-47.98115742750855,189.43220420461148,323,1041822632
rand1bin,SA,Rosenbrock,500,3,-1045.9638318171762,278.83157041762024,300,982850379
rand1bin,SMCO_R,Zakharov,500,0,-161.47108171394763,186.42098891641945,173,1041822632
rand1bin,GenSA,Zakharov,500,2,-2.048239877138746,59.878918558359146,300,965576252
rand1bin,SMCO_EVO,Zakharov,500,0,-47.25368616174779,184.4995202505961,323,1041822632
rand1bin,DEoptim,Ackley,500,0,-13.1214699923048,846.1905642896891,300,1827744636
rand1bin,SMCO_BR,Zakharov,500,0,-441.9042734579314,191.94475465733558,98,1041822632
rand1bin,SMCO_BR_EVO,Zakharov,500,0,-789.212969768623,184.80996607989073,173,1041822632
rand1bin,SMCO,Zakharov,500,1,-49.410945355801665,170.58289613109082,323,953425888
rand1bin,GA,Zakharov,500,3,-4423.8869365531755,1.5105293141677976,300,971031912
rand1bin,PSO,Zakharov,500,3,-24971.276376359336,0.5915002226829529,300,971031912
rand1bin,SMCO_R_EVO,Zakharov,500,0,-116.04387814777124,200.36003877874464,323,1041822632
rand1bin,DEoptim,Ackley,500,1,-13.940767269029845,865.2420312436298,300,396000478
rand1bin,SMCO_R,Zakharov,500,1,-122.62126827645572,190.2969791321084,173,953425888
rand1bin,DEoptim,Ackley,500,2,-12.884251707990027,856.0785954203457,300,1219172169
rand1bin,SMCO_BR,Zakharov,500,1,-460.9247811696782,184.7210511257872,98,953425888
rand1bin,GenSA,Zakharov,500,3,-0.002288313337760397,56.23457993008196,300,971031912
rand1bin,SMCO_R_EVO,Zakharov,500,1,-133.90416486820922,191.7003813823685,323,953425888
rand1bin,SMCO_EVO,Zakharov,500,1,-49.371117237312404,195.26595662906766,323,953425888
rand1bin,SA,Rosenbrock,500,4,-962.9455333447363,288.4407451245934,300,1569639165
rand1bin,GA,Zakharov,500,4,-4189.090618082891,1.722239037975669,300,330826423
rand1bin,PSO,Zakharov,500,4,-25748.690936142015,0.5784692354500294,300,330826423
rand1bin,SMCO_R_EVO,Zakharov,500,2,-263.9682484955696,160.32192921917886,323,965576252
rand1bin,SMCO_BR_EVO,Zakharov,500,1,-482.8653239928644,207.74995382968336,173,953425888
rand1bin,SMCO,Zakharov,500,2,-73.13568816418557,178.13464174140245,323,965576252
rand1bin,SMCO_R,Zakharov,500,2,-136.8189992992491,182.80747650936246,173,965576252
rand1bin,SMCO_BR,Zakharov,500,2,-465.2223940347516,182.20030588377267,98,965576252
rand1bin,SA,Zakharov,500,0,-13418.219846929009,271.90177335683256,300,1041822632
rand1bin,SMCO_BR_EVO,Zakharov,500,2,-821.444886402898,189.95436644554138,173,965576252
rand1bin,GenSA,Zakharov,500,4,-0.002425848276595364,58.78793142363429,300,330826423
rand1bin,SMCO_EVO,Zakharov,500,2,-56.51785480839603,200.58661394100636,323,965576252
rand1bin,SMCO,Zakharov,500,3,-47.9951083031388,156.78920616209507,323,971031912
rand1bin,SMCO_BR_EVO,Zakharov,500,3,-763.2707492064876,142.621980689466,173,971031912
rand1bin,SMCO_BR,Zakharov,500,3,-444.6627661920328,158.01780959311873,98,971031912
rand1bin,SMCO_R,Zakharov,500,3,-130.2333605213138,160.73142945300788,173,971031912
rand1bin,SMCO,Zakharov,500,4,-51.27814746723209,134.18314068112522,323,330826423
rand1bin,SMCO_BR,Zakharov,500,4,-465.99388830521497,124.16747702844441,98,330826423
rand1bin,SMCO_R_EVO,Zakharov,500,3,-337.97153617028846,167.7222464568913,323,971031912
rand1bin,SMCO_EVO,Zakharov,500,3,-53.151834683366985,170.6860772985965,323,971031912
rand1bin,DEoptim,Ackley,500,3,-12.767929523205597,854.5050243223086,300,593730822
rand1bin,SMCO_R,Zakharov,500,4,-142.14015503672576,150.52402400877327,173,330826423
rand1bin,SMCO_R_EVO,Zakharov,500,4,-125.5327838462192,131.44600892066956,323,330826423
rand1bin,SA,Zakharov,500,1,-13194.194394055385,300.38926627021283,300,953425888
rand1bin,SMCO_BR_EVO,Zakharov,500,4,-2020.451743978773,143.5284583978355,173,330826423
rand1bin,SMCO_EVO,Zakharov,500,4,-53.658735018579335,145.4081487013027,323,330826423
rand1bin,SA,Zakharov,500,2,-18549.687294834825,254.8711424190551,300,965576252
rand1bin,SA,Zakharov,500,3,-16741.72826971465,225.6253106649965,300,971031912
rand1bin,DEoptim,Rosenbrock,500,0,-931773.8770957631,711.1097573880106,300,1535894397
rand1bin,SA,Zakharov,500,4,-16367.233792477133,199.87621251679957,300,330826423
rand1bin,DEoptim,Ackley,500,4,-13.092567946654043,794.6590881496668,300,399951215
rand1bin,DEoptim,Rosenbrock,500,1,-1094358.8985752142,701.6790928812698,300,2139530429
rand1bin,DEoptim,Rosenbrock,500,2,-797035.770161235,650.5393461650237,300,1881029145
rand1bin,DEoptim,Rosenbrock,500,3,-1312567.9423485175,649.7606518790126,300,982850379
rand1bin,DEoptim,Rosenbrock,500,4,-1107117.7734749962,650.9193282537162,300,1569639165
rand1bin,DEoptim,Zakharov,500,0,-5727.821748672498,611.8298615589738,300,1041822632
rand1bin,DEoptim,Zakharov,500,1,-4818.815426777219,599.3110424121842,300,953425888
rand1bin,DEoptim,Zakharov,500,2,-8965.193674237997,591.5255277575925,300,965576252
rand1bin,DEoptim,Zakharov,500,3,-2757183.1162818833,565.5654158620164,300,971031912
rand1bin,DEoptim,Zakharov,500,4,-5706.155436531531,543.7440144298598,300,330826423
rand1bin,PSO,Rastrigin,3000,0,-49938.932372018215,3.7173502910882235,300,175140159
rand1bin,PSO,Rastrigin,3000,1,-49172.636382486366,3.954826733097434,300,689385103
rand1bin,PSO,Ackley,3000,0,-21.103703709840403,4.031935939565301,300,149157482
rand1bin,GA,Ackley,3000,0,-17.267284053001955,5.128776921890676,300,149157482
rand1bin,GA,Rastrigin,3000,0,-32518.317293886936,5.943715363740921,300,175140159
rand1bin,GA,Rastrigin,3000,1,-32453.82281423277,5.938370559364557,300,689385103
rand1bin,PSO,Ackley,3000,1,-21.10608287927938,3.4717279290780425,300,349740754
rand1bin,GA,Ackley,3000,1,-16.51740234528996,5.237023728899658,300,349740754
rand1bin,SA,Rastrigin,3000,1,-47137.55585955984,851.7235656362027,300,689385103
rand1bin,SA,Rastrigin,3000,0,-47043.379737039846,889.7181073501706,300,175140159
rand1bin,SA,Ackley,3000,0,-21.199314528836954,1146.395874287933,300,149157482
rand1bin,SA,Ackley,3000,1,-21.240756150158663,1202.8311185790226,300,349740754
rand1bin,GenSA,Ackley,3000,0,-2.447984572959243,1353.3367798943073,300,149157482
rand1bin,GenSA,Ackley,3000,1,-2.569121011747033,1354.172275933437,300,349740754
rand1bin,GenSA,Rastrigin,3000,0,-33.82860797877947,1547.529379771091,300,175140159
rand1bin,GenSA,Rastrigin,3000,1,-21.88909932117167,1609.1618303954601,300,689385103
rand1bin,GA,Rosenbrock,3000,0,-29493380.858880434,4.251012289896607,300,501798520
rand1bin,PSO,Rosenbrock,3000,0,-308083198.5161722,1.7204835694283247,300,501798520
rand1bin,SA,Rosenbrock,3000,0,-5238516.744061699,415.08402089681476,300,501798520
rand1bin,GenSA,Rosenbrock,3000,0,-1690.0014270202469,1072.25696052704,300,501798520
rand1bin,SMCO_R,Rosenbrock,3000,0,-570.225665833791,3393.1127670891583,205,501798520
rand1bin,SMCO,Rosenbrock,3000,0,-688.7845993985138,3577.7994600981474,355,501798520
rand1bin,SMCO_BR,Rosenbrock,3000,0,-6656.0107748703485,3369.4078397173434,130,501798520
rand1bin,SMCO_R_EVO,Rosenbrock,3000,0,-136.42935464551692,3319.9238140461966,355,501798520
rand1bin,SMCO_EVO,Rosenbrock,3000,0,-679.1632569378473,3649.4802114106715,355,501798520
rand1bin,SA,Rosenbrock,3000,1,-5433406.431535232,449.4965707445517,300,371070064
rand1bin,SMCO_BR_EVO,Rosenbrock,3000,0,-6614.029451333192,3838.934361603111,205,501798520
rand1bin,GA,Rosenbrock,3000,1,-31287854.472529784,4.255600871518254,300,371070064
rand1bin,PSO,Rosenbrock,3000,1,-312000807.1663147,1.8789699142798781,300,371070064
rand1bin,SMCO,Rosenbrock,3000,1,-745.2427290124281,3583.2913756547496,355,371070064
rand1bin,GenSA,Rosenbrock,3000,1,-1338.3468931831126,1031.8645997317508,300,371070064
rand1bin,SMCO_R,Rosenbrock,3000,1,-607.413890594553,3748.910088211298,205,371070064
rand1bin,SMCO_BR,Rosenbrock,3000,1,-6845.015681407013,3238.4772890601307,130,371070064
rand1bin,SMCO_EVO,Rosenbrock,3000,1,-680.2547562419534,3035.018258609809,355,371070064
rand1bin,SMCO_R_EVO,Rosenbrock,3000,1,-156.00744195487445,3402.1663030246273,355,371070064
rand1bin,SMCO_BR_EVO,Rosenbrock,3000,1,-6830.140662156355,2905.3859088644385,205,371070064
rand1bin,SMCO,Rastrigin,3000,0,-25604.00474177565,8590.397946700454,355,175140159
rand1bin,SMCO,Rastrigin,3000,1,-25158.99532635165,8607.444706844166,355,689385103
rand1bin,SMCO_R,Rastrigin,3000,1,-25093.428283595964,8859.950126292184,205,689385103
rand1bin,SMCO_R_EVO,Rastrigin,3000,0,-25539.551526528587,8956.944030940533,355,175140159
rand1bin,SMCO_BR_EVO,Rastrigin,3000,1,-25185.436781503493,9362.094425931573,205,689385103
rand1bin,SMCO_R_EVO,Rastrigin,3000,1,-25093.74752691808,9475.364434228279,355,689385103
rand1bin,SMCO_R,Rastrigin,3000,0,-25536.41875507258,9587.046281239018,205,175140159
rand1bin,SMCO_EVO,Ackley,3000,0,-0.34690714849088566,9898.53077863343,355,149157482
rand1bin,SMCO_EVO,Rastrigin,3000,0,-25605.47830404897,9960.861255773343,355,175140159
rand1bin,SMCO_R_EVO,Ackley,3000,1,-0.07359428016563685,10144.591375056654,355,349740754
rand1bin,SMCO_EVO,Rastrigin,3000,1,-25158.386682957425,10295.053767730482,355,689385103
rand1bin,SMCO,Ackley,3000,0,-0.3497655023449089,10309.815675347112,355,149157482
rand1bin,SMCO_BR_EVO,Rastrigin,3000,0,-25650.283311237592,10494.194939070381,205,175140159
rand1bin,SMCO_BR,Rastrigin,3000,0,-25633.220452516023,10560.398375459947,130,175140159
rand1bin,SMCO_BR,Rastrigin,3000,1,-25190.210572538846,10571.917117099278,130,689385103
rand1bin,SMCO_R_EVO,Ackley,3000,0,-0.07314751715377499,10703.62099049054,355,149157482
rand1bin,SMCO,Ackley,3000,1,-0.3478607529769886,10962.822341982275,355,349740754
rand1bin,SMCO_R,Ackley,3000,0,-0.07304349239548857,10965.987063851207,205,149157482
rand1bin,SMCO_EVO,Ackley,3000,1,-0.3484199756243034,11031.696630752645,355,349740754
rand1bin,SMCO_R,Ackley,3000,1,-0.07383902124194153,11119.036787656136,205,349740754
rand1bin,SMCO_BR_EVO,Ackley,3000,0,-0.08019723955740732,11808.242142882198,205,149157482
rand1bin,SMCO_BR,Ackley,3000,0,-0.07964856355922167,11928.743127673864,130,149157482
rand1bin,SMCO_BR,Ackley,3000,1,-0.07986536104980901,11946.12445044797,130,349740754
rand1bin,SMCO_BR_EVO,Ackley,3000,1,-0.08002354951694501,12131.406747817062,205,349740754
rand1bin,DEoptim,Ackley,3000,0,-18.24715394647218,16296.395905400626,300,149157482
rand1bin,DEoptim,Rosenbrock,3000,0,-41885095.54712883,15369.284693414345,300,501798520
rand1bin,DEoptim,Rastrigin,3000,1,-35887.70629087427,17096.307288692333,300,689385103
rand1bin,DEoptim,Rastrigin,3000,0,-35788.82699853767,17167.687234298326,300,175140159
rand1bin,DEoptim,Ackley,3000,1,-18.07401034211194,17447.709457661957,300,349740754
rand1bin,DEoptim,Rosenbrock,3000,1,-44279279.475199476,15266.222011507489,300,371070064
current-to-best1bin,PSO,Rastrigin,500,2,-6594.719921984912,0.44495989196002483,300,1329870051
current-to-best1bin,PSO,Rastrigin,500,0,-6932.598737496957,0.7219614740461111,300,647279673
current-to-best1bin,PSO,Rastrigin,500,1,-6765.5516138624,0.7194090578705072,300,1677437249
current-to-best1bin,GA,Rastrigin,500,1,-4998.872058567193,1.269701149314642,300,1677437249
current-to-best1bin,GA,Rastrigin,500,0,-4962.809482626446,1.301619529724121,300,647279673
current-to-best1bin,GA,Rastrigin,500,2,-5022.12909861965,1.2899330109357834,300,1329870051
current-to-best1bin,PSO,Rastrigin,500,3,-6579.0290492246,0.6986868605017662,300,1617388629
current-to-best1bin,GA,Rastrigin,500,3,-5101.282472497343,1.778506518341601,300,1617388629
current-to-best1bin,GenSA,Rastrigin,500,0,-3.9798362293058744,77.52410685829818,300,647279673
current-to-best1bin,GenSA,Rastrigin,500,1,-2.984877171425069,81.3708245260641,300,1677437249
current-to-best1bin,GenSA,Rastrigin,500,3,-5.969754342964734,91.62284508626908,300,1617388629
current-to-best1bin,GenSA,Rastrigin,500,2,-2.9848771716988267,102.8686255812645,300,1329870051
current-to-best1bin,SA,Rastrigin,500,1,-449.72101966316495,186.93380884081125,300,1677437249
current-to-best1bin,SMCO_BR,Rastrigin,500,1,-3742.5474242635632,198.28662839438766,98,1677437249
current-to-best1bin,SMCO_R,Rastrigin,500,3,-3796.192248856353,200.2913338439539,173,1617388629
current-to-best1bin,SMCO,Rastrigin,500,0,-3656.5643126959767,204.61018020939082,323,647279673
current-to-best1bin,SA,Rastrigin,500,2,-374.10435852421233,204.71573977917433,300,1329870051
current-to-best1bin,PSO,Rastrigin,500,4,-6664.305875951776,0.6012431560084224,300,1129626419
current-to-best1bin,SMCO_BR_EVO,Rastrigin,500,0,-3691.474872184286,205.49528577923775,173,647279673
current-to-best1bin,GA,Rastrigin,500,4,-5072.402101168843,1.0390532612800598,300,1129626419
current-to-best1bin,SMCO_EVO,Rastrigin,500,3,-3794.134592242949,206.29018529132009,323,1617388629
current-to-best1bin,SMCO_R,Rastrigin,500,2,-3835.382595397302,215.62130878679454,173,1329870051
current-to-best1bin,SMCO_R,Rastrigin,500,4,-3638.5768468116557,217.10533946659416,173,1129626419
current-to-best1bin,SMCO,Rastrigin,500,2,-3873.6910800577857,221.30104066524655,323,1329870051
current-to-best1bin,SA,Rastrigin,500,3,-366.1446810318539,222.68649300560355,300,1617388629
current-to-best1bin,SA,Rastrigin,500,0,-396.98836137659873,225.6709749121219,300,647279673
current-to-best1bin,SMCO_EVO,Rastrigin,500,2,-3853.9625004543022,227.67453980166465,323,1329870051
current-to-best1bin,SMCO_R_EVO,Rastrigin,500,1,-3739.6303961691533,227.97917977534235,323,1677437249
current-to-best1bin,SMCO_R,Rastrigin,500,1,-3745.970749251604,228.37854014523327,173,1677437249
current-to-best1bin,SMCO_BR_EVO,Rastrigin,500,3,-3798.7824129229843,228.61157999932766,173,1617388629
current-to-best1bin,PSO,Ackley,500,0,-20.64014695263334,1.1914199376478791,300,1827744636
current-to-best1bin,GA,Ackley,500,0,-13.691880923878683,1.8146001510322094,300,1827744636
current-to-best1bin,SMCO,Rastrigin,500,1,-3758.1930344439415,233.72056391555816,323,1677437249
current-to-best1bin,SMCO,Rastrigin,500,3,-3792.052833032785,233.88747444190085,323,1617388629
current-to-best1bin,SMCO_R_EVO,Rastrigin,500,0,-3657.933668707982,239.8449736945331,323,647279673
current-to-best1bin,SMCO_R_EVO,Rastrigin,500,2,-3823.325160736156,240.73834376595914,323,1329870051
current-to-best1bin,SMCO_R,Rastrigin,500,0,-3650.681064130735,241.4218684732914,173,647279673
current-to-best1bin,SMCO,Rastrigin,500,4,-3650.9358318781938,240.01261179335415,323,1129626419
current-to-best1bin,SMCO_EVO,Rastrigin,500,1,-3764.7738904625203,242.02626319043338,323,1677437249
current-to-best1bin,PSO,Ackley,500,1,-20.836016961519267,0.5838007414713502,300,396000478
current-to-best1bin,SMCO_EVO,Rastrigin,500,0,-3683.125957182125,242.67077168170363,323,647279673
current-to-best1bin,SMCO_R_EVO,Rastrigin,500,3,-3809.99262525142,242.75011922139674,323,1617388629
current-to-best1bin,SMCO_BR_EVO,Rastrigin,500,2,-3865.2178963029874,243.16244800761342,173,1329870051
current-to-best1bin,GA,Ackley,500,1,-13.917105541438536,2.1107956767082214,300,396000478
current-to-best1bin,SMCO_BR,Rastrigin,500,2,-3852.1177277991073,245.00447992049158,98,1329870051
current-to-best1bin,SMCO_BR,Rastrigin,500,3,-3817.4610379573833,245.5756470169872,98,1617388629
current-to-best1bin,SMCO_BR_EVO,Rastrigin,500,1,-3770.3406798243814,248.2310945102945,173,1677437249
current-to-best1bin,SMCO_BR,Rastrigin,500,0,-3680.7971230129474,257.0567829757929,98,647279673
current-to-best1bin,GenSA,Rastrigin,500,4,-3.979836228926615,85.34000843856484,300,1129626419
current-to-best1bin,GA,Ackley,500,2,-13.846281213351647,2.301630327478051,300,1219172169
current-to-best1bin,PSO,Ackley,500,2,-20.722533326045383,0.9983375603333116,300,1219172169
current-to-best1bin,SMCO_EVO,Rastrigin,500,4,-3650.3839503020026,212.54748813807964,323,1129626419
current-to-best1bin,SMCO_BR,Rastrigin,500,4,-3653.8272587449005,235.2154857730493,98,1129626419
current-to-best1bin,SMCO_R_EVO,Rastrigin,500,4,-3638.493224221974,229.1721658129245,323,1129626419
current-to-best1bin,GenSA,Ackley,500,0,-0.06197666892099862,103.26023171376437,300,1827744636
current-to-best1bin,SMCO_BR_EVO,Rastrigin,500,4,-3648.8776589759,243.42296448070556,173,1129626419
current-to-best1bin,GenSA,Ackley,500,1,-0.023656590506068387,112.81118445750326,300,396000478
current-to-best1bin,GenSA,Ackley,500,2,-0.00398914542277895,108.67710251361132,300,1219172169
current-to-best1bin,SA,Rastrigin,500,4,-372.1144606061698,227.2388877896592,300,1129626419
current-to-best1bin,GenSA,Ackley,500,3,-0.015515892920149543,105.70372898690403,300,593730822
current-to-best1bin,GA,Ackley,500,3,-13.77231361856038,1.9859143951907754,300,593730822
current-to-best1bin,PSO,Ackley,500,3,-20.931800262191526,0.605035194195807,300,593730822
current-to-best1bin,SMCO_R_EVO,Ackley,500,0,-0.07496184175265741,304.2421388309449,323,1827744636
current-to-best1bin,SMCO,Ackley,500,0,-0.38482150056224684,325.46363913454115,323,1827744636
current-to-best1bin,SMCO_EVO,Ackley,500,0,-0.39111171269471656,326.9850739268586,323,1827744636
current-to-best1bin,SMCO_R,Ackley,500,0,-0.07426761519935754,333.22800040245056,173,1827744636
current-to-best1bin,SMCO_EVO,Ackley,500,1,-0.37190360465326266,317.2773798685521,323,396000478
current-to-best1bin,SMCO_BR,Ackley,500,0,-0.07951060673599786,346.6476350231096,98,1827744636
current-to-best1bin,SMCO_R,Ackley,500,1,-0.07268988202245952,333.41423011012375,173,396000478
current-to-best1bin,SMCO,Ackley,500,2,-0.3863880850853616,327.6484658503905,323,1219172169
current-to-best1bin,SMCO_R,Ackley,500,2,-0.0733090257424931,328.77118886075914,173,1219172169
current-to-best1bin,SMCO,Ackley,500,1,-0.3688582857279674,344.5965890046209,323,396000478
current-to-best1bin,GA,Ackley,500,4,-13.93108074799316,1.9175679851323366,300,399951215
current-to-best1bin,SMCO_R_EVO,Ackley,500,1,-0.07511107067964717,339.79580547101796,323,396000478
current-to-best1bin,PSO,Ackley,500,4,-20.827284089327453,0.7236130470409989,300,399951215
current-to-best1bin,SA,Ackley,500,0,-19.46723020209658,351.67800457496196,300,1827744636
current-to-best1bin,SMCO_BR,Ackley,500,1,-0.07978633564623339,351.5774101316929,98,396000478
current-to-best1bin,SA,Ackley,500,2,-19.521566751795056,334.3666627295315,300,1219172169
current-to-best1bin,SMCO_BR_EVO,Ackley,500,0,-0.07879333576648806,362.4665635358542,173,1827744636
current-to-best1bin,SMCO_EVO,Ackley,500,2,-0.38742841934241,339.6376685872674,323,1219172169
current-to-best1bin,SMCO_BR_EVO,Ackley,500,1,-0.07897432709430818,357.2473372621462,173,396000478
current-to-best1bin,SMCO_BR_EVO,Ackley,500,2,-0.0790532813186009,356.0571794072166,173,1219172169
current-to-best1bin,GA,Rosenbrock,500,0,-343654.50925989996,1.7473272643983364,300,1535894397
current-to-best1bin,SMCO,Ackley,500,3,-0.3687954717046762,327.9290005583316,323,593730822
current-to-best1bin,PSO,Rosenbrock,500,0,-22004343.58903291,0.699941435828805,300,1535894397
current-to-best1bin,SMCO_R_EVO,Ackley,500,2,-0.0747380108077107,362.47122338600457,323,1219172169
current-to-best1bin,SA,Ackley,500,1,-19.508627027393057,367.41111594997346,300,396000478
current-to-best1bin,SMCO_BR,Ackley,500,2,-0.08033263996596718,374.9220815608278,98,1219172169
current-to-best1bin,SMCO_R,Ackley,500,3,-0.07514752601976271,343.5458431793377,173,593730822
current-to-best1bin,SMCO_R_EVO,Ackley,500,3,-0.07425640702274494,328.4179308786988,323,593730822
current-to-best1bin,GenSA,Rosenbrock,500,0,-82.99687114766283,77.62572057079524,300,1535894397
current-to-best1bin,GenSA,Ackley,500,4,-0.003215214917457576,113.91302401293069,300,399951215
current-to-best1bin,SMCO_BR,Ackley,500,3,-0.07879341241072568,354.55160840414464,98,593730822
current-to-best1bin,GA,Rosenbrock,500,1,-398910.3537344983,1.514284260571003,300,2139530429
current-to-best1bin,PSO,Rosenbrock,500,1,-19165114.732159242,0.6085953200235963,300,2139530429
current-to-best1bin,SMCO_EVO,Ackley,500,3,-0.3784518878260248,355.57053469493985,323,593730822
current-to-best1bin,SA,Ackley,500,3,-19.399789236045077,347.91090215276927,300,593730822
current-to-best1bin,SMCO_BR_EVO,Ackley,500,3,-0.08110688079512984,362.3471758654341,173,593730822
current-to-best1bin,GenSA,Rosenbrock,500,1,-461.17608049827993,57.75580099597573,300,2139530429
current-to-best1bin,SMCO,Rosenbrock,500,0,-124.10728966116763,171.39918515924364,323,1535894397
current-to-best1bin,SMCO_EVO,Rosenbrock,500,0,-127.10308638114691,171.4760524360463,323,1535894397
current-to-best1bin,SMCO_BR_EVO,Rosenbrock,500,0,-12.993288969854785,164.12100272532552,173,1535894397
current-to-best1bin,SMCO_BR,Rosenbrock,500,0,-12.642369189950115,174.08692206535488,98,1535894397
current-to-best1bin,SMCO_R_EVO,Rosenbrock,500,0,-11.401092182190148,172.82029275316745,323,1535894397
current-to-best1bin,GA,Rosenbrock,500,2,-352980.62042015506,1.5161460703238845,300,1881029145
current-to-best1bin,PSO,Rosenbrock,500,2,-23453837.40325965,0.606139306910336,300,1881029145
current-to-best1bin,SMCO_R,Rosenbrock,500,1,-11.41866317084057,157.0323226172477,173,2139530429
current-to-best1bin,SMCO,Rosenbrock,500,1,-126.96409887568723,167.25879013631493,323,2139530429
current-to-best1bin,SMCO_R,Rosenbrock,500,0,-11.203925596921765,198.9813937600702,173,1535894397
current-to-best1bin,SMCO_BR,Rosenbrock,500,1,-12.903665791158438,166.24588117655367,98,2139530429
current-to-best1bin,SMCO,Ackley,500,4,-0.3837367542273147,320.8321821410209,323,399951215
current-to-best1bin,SMCO_EVO,Rosenbrock,500,1,-128.2532299940924,174.72378695756197,323,2139530429
current-to-best1bin,SMCO_R_EVO,Rosenbrock,500,1,-11.182176355281861,174.5562599338591,323,2139530429
current-to-best1bin,DEoptim,Rastrigin,500,0,-5696.770327864717,796.3543597217649,300,647279673
current-to-best1bin,DEoptim,Rastrigin,500,3,-5471.642364615935,799.6140046836808,300,1617388629
current-to-best1bin,GA,Rosenbrock,500,3,-374765.6658147375,1.494043841958046,300,982850379
current-to-best1bin,PSO,Rosenbrock,500,3,-25376404.741176795,0.6024642074480653,300,982850379
current-to-best1bin,DEoptim,Rastrigin,500,2,-5769.306877039261,807.9278376381844,300,1329870051
current-to-best1bin,GenSA,Rosenbrock,500,2,-0.33133837807966005,64.60134534910321,300,1881029145
current-to-best1bin,DEoptim,Rastrigin,500,1,-5594.7809230012645,816.0628905268386,300,1677437249
current-to-best1bin,SMCO_BR_EVO,Rosenbrock,500,1,-14.030586309550307,188.4625301109627,173,2139530429
current-to-best1bin,SMCO,Rosenbrock,500,2,-126.77504401536447,170.40429450012743,323,1881029145
current-to-best1bin,SMCO_R,Rosenbrock,500,2,-11.063009656815854,165.34144165366888,173,1881029145
current-to-best1bin,GenSA,Rosenbrock,500,3,-213.9463573113118,71.49007884971797,300,982850379
current-to-best1bin,SMCO_BR,Rosenbrock,500,2,-12.650989656026821,168.3053477369249,98,1881029145
current-to-best1bin,SMCO_R,Ackley,500,4,-0.07542288610483938,353.8618538072333,173,399951215
current-to-best1bin,GA,Rosenbrock,500,4,-306757.244476485,1.7522215954959393,300,1569639165
current-to-best1bin,PSO,Rosenbrock,500,4,-26625975.71406202,0.700567769818008,300,1569639165
current-to-best1bin,SMCO_EVO,Rosenbrock,500,2,-124.707526799453,172.05308185797185,323,1881029145
current-to-best1bin,SMCO_R_EVO,Rosenbrock,500,2,-11.654440055014762,181.4442627299577,323,1881029145
current-to-best1bin,SMCO_EVO,Ackley,500,4,-0.3847221219445882,358.8952115941793,323,399951215
current-to-best1bin,SMCO_R_EVO,Ackley,500,4,-0.07339740459422162,360.1551558347419,323,399951215
current-to-best1bin,SMCO_BR_EVO,Ackley,500,4,-0.0809745106270019,355.97444838564843,173,399951215
current-to-best1bin,SMCO_R,Rosenbrock,500,3,-10.879028191421103,151.04298669006675,173,982850379
current-to-best1bin,GenSA,Rosenbrock,500,4,-79.78438541806848,75.08273909054697,300,1569639165
current-to-best1bin,SA,Rosenbrock,500,0,-1355.6540351498043,338.0529022589326,300,1535894397
current-to-best1bin,SMCO_BR_EVO,Rosenbrock,500,2,-12.621748397472182,176.88196981325746,173,1881029145
current-to-best1bin,GA,Zakharov,500,0,-4306.696653545549,1.525911276228726,300,1041822632
current-to-best1bin,PSO,Zakharov,500,0,-4299819059000.0,0.3361341655254364,300,1041822632
current-to-best1bin,SMCO,Rosenbrock,500,3,-132.0248332677471,172.9915289869532,323,982850379
current-to-best1bin,SMCO_EVO,Rosenbrock,500,3,-125.58725581350447,158.62085844762623,323,982850379
current-to-best1bin,SMCO_BR,Rosenbrock,500,3,-12.756759792005546,162.49553048238158,98,982850379
current-to-best1bin,SMCO_R_EVO,Rosenbrock,500,3,-11.464142924520099,160.43361550290138,323,982850379
current-to-best1bin,SA,Ackley,500,4,-19.44458472651637,371.87048586364836,300,399951215
current-to-best1bin,SMCO_BR,Ackley,500,4,-0.07987503625362935,404.619795339182,98,399951215
current-to-best1bin,SMCO_BR_EVO,Rosenbrock,500,3,-11.647191476414394,173.95162495505065,173,982850379
current-to-best1bin,SMCO_R,Rosenbrock,500,4,-11.308683196454709,159.7328247325495,173,1569639165
current-to-best1bin,SA,Rosenbrock,500,1,-1424.434689624759,310.37492463737726,300,2139530429
current-to-best1bin,GenSA,Zakharov,500,0,-1.5620439264205181,60.47871313150972,300,1041822632
current-to-best1bin,GA,Zakharov,500,1,-4537.831745321446,1.6198442010208964,300,953425888
current-to-best1bin,PSO,Zakharov,500,1,-25335.12210091706,0.6122640771791339,300,953425888
current-to-best1bin,SMCO,Rosenbrock,500,4,-128.23691607591618,173.8796035759151,323,1569639165
current-to-best1bin,SMCO_EVO,Rosenbrock,500,4,-127.58997677078774,177.69045060873032,323,1569639165
current-to-best1bin,GenSA,Zakharov,500,1,-0.06398649866264507,61.94294787943363,300,953425888
current-to-best1bin,SMCO_BR,Rosenbrock,500,4,-12.169163384116061,187.63589335791767,98,1569639165
current-to-best1bin,SMCO_R_EVO,Rosenbrock,500,4,-10.86856499601118,174.6582391532138,323,1569639165
current-to-best1bin,SMCO_BR_EVO,Rosenbrock,500,4,-12.319522652812257,184.03518001642078,173,1569639165
current-to-best1bin,DEoptim,Rastrigin,500,4,-5689.301217391271,830.6667999969795,300,1129626419
current-to-best1bin,SA,Rosenbrock,500,2,-3.986623862090832,294.9245686950162,300,1881029145
current-to-best1bin,GA,Zakharov,500,2,-3834.8234093441642,1.4362552082166076,300,965576252
current-to-best1bin,PSO,Zakharov,500,2,-24972.291252934207,0.41024649143218994,300,965576252
current-to-best1bin,GenSA,Zakharov,500,2,-2.048239877138746,58.70349880307913,300,965576252
current-to-best1bin,SMCO_R,Zakharov,500,0,-161.47108171394763,182.92633690871298,173,1041822632
current-to-best1bin,SMCO_BR,Zakharov,500,0,-441.9042734579314,177.15942629612982,98,1041822632
current-to-best1bin,DEoptim,Ackley,500,0,-13.1214699923048,855.4692834895104,300,1827744636
current-to-best1bin,SMCO_EVO,Zakharov,500,0,-47.7318264711701,193.133580644615,323,1041822632
current-to-best1bin,SMCO,Zakharov,500,0,-47.98115742750855,209.52168731112033,323,1041822632
current-to-best1bin,SMCO_R_EVO,Zakharov,500,0,-115.50511006479101,187.45404889527708,323,1041822632
current-to-best1bin,DEoptim,Ackley,500,1,-13.940767269029845,854.9541544029489,300,396000478
current-to-best1bin,SMCO,Zakharov,500,1,-49.410945355801665,178.31014504656196,323,953425888
current-to-best1bin,GA,Zakharov,500,3,-4423.8869365531755,1.174769920296967,300,971031912
current-to-best1bin,PSO,Zakharov,500,3,-24971.276376359336,0.3546663876622915,300,971031912
current-to-best1bin,SA,Rosenbrock,500,3,-1045.9638318171762,314.4741072943434,300,982850379
current-to-best1bin,SMCO_EVO,Zakharov,500,1,-45.61045630922923,174.10078242141753,323,953425888
current-to-best1bin,DEoptim,Ackley,500,2,-12.884251707990027,850.4903085827827,300,1219172169
current-to-best1bin,SMCO_R,Zakharov,500,1,-122.62126827645572,179.10459160991013,173,953425888
current-to-best1bin,SMCO_BR_EVO,Zakharov,500,0,-453.9673565650945,205.36075513251126,173,1041822632
current-to-best1bin,SMCO_BR,Zakharov,500,1,-460.9247811696782,181.23008961509913,98,953425888
current-to-best1bin,SMCO_BR_EVO,Zakharov,500,1,-460.9148552627722,191.30674287863076,173,953425888
current-to-best1bin,SMCO_R_EVO,Zakharov,500,1,-125.44006343736346,196.80515473801643,323,953425888
current-to-best1bin,SMCO_R,Zakharov,500,2,-136.8189992992491,174.1158081740141,173,965576252
current-to-best1bin,GA,Zakharov,500,4,-4189.090618082891,1.205574936233461,300,330826423
current-to-best1bin,PSO,Zakharov,500,4,-25748.690936142015,0.567473697476089,300,330826423
current-to-best1bin,GenSA,Zakharov,500,3,-0.002288313337760397,64.02394097764045,300,971031912
current-to-best1bin,SA,Rosenbrock,500,4,-962.9455333447363,297.0136248478666,300,1569639165
current-to-best1bin,SMCO,Zakharov,500,2,-73.13568816418557,192.6104464624077,323,965576252
current-to-best1bin,SMCO_EVO,Zakharov,500,2,-56.05746044761186,172.18654226325452,323,965576252
current-to-best1bin,GenSA,Zakharov,500,4,-0.002425848276595364,55.388449139893055,300,330826423
current-to-best1bin,SMCO_BR_EVO,Zakharov,500,2,-464.1069576533682,171.4349057590589,173,965576252
current-to-best1bin,SMCO_BR,Zakharov,500,2,-465.2223940347516,209.18374569900334,98,965576252
current-to-best1bin,SMCO_R_EVO,Zakharov,500,2,-235.99489630291455,200.73033599741757,323,965576252
current-to-best1bin,SMCO,Zakharov,500,3,-47.9951083031388,161.02826476842165,323,971031912
current-to-best1bin,SMCO_BR,Zakharov,500,3,-444.6627661920328,161.18119553197175,98,971031912
current-to-best1bin,SMCO_R_EVO,Zakharov,500,3,-147.84248888787636,144.79918787721545,323,971031912
current-to-best1bin,SA,Zakharov,500,0,-13418.219846929009,308.56435585487634,300,1041822632
current-to-best1bin,SMCO_R,Zakharov,500,3,-130.2333605213138,171.84003501851112,173,971031912
current-to-best1bin,SMCO,Zakharov,500,4,-51.27814746723209,131.58159180451185,323,330826423
current-to-best1bin,SMCO_EVO,Zakharov,500,3,-47.80297570462507,169.06245700269938,323,971031912
current-to-best1bin,SA,Zakharov,500,1,-13194.194394055385,285.3899363325909,300,953425888
current-to-best1bin,SMCO_R,Zakharov,500,4,-142.14015503672576,136.6128019168973,173,330826423
current-to-best1bin,SMCO_R_EVO,Zakharov,500,4,-280.4740004302045,139.26012336276472,323,330826423
current-to-best1bin,SMCO_EVO,Zakharov,500,4,-54.57171174791709,140.24700774811208,323,330826423
current-to-best1bin,SMCO_BR_EVO,Zakharov,500,3,-683.7493681391683,168.06305195298046,173,971031912
current-to-best1bin,SMCO_BR,Zakharov,500,4,-465.99388830521497,147.99796699360013,98,330826423
current-to-best1bin,SMCO_BR_EVO,Zakharov,500,4,-1882.4495459497434,156.50320548098534,173,330826423
current-to-best1bin,SA,Zakharov,500,2,-18549.687294834825,258.45594577956945,300,965576252
current-to-best1bin,DEoptim,Ackley,500,3,-12.767929523205597,857.9474514890462,300,593730822
current-to-best1bin,SA,Zakharov,500,3,-16741.72826971465,228.2256801771,300,971031912
current-to-best1bin,SA,Zakharov,500,4,-16367.233792477133,209.23989165388048,300,330826423
current-to-best1bin,DEoptim,Ackley,500,4,-13.092567946654043,766.710185373202,300,399951215
current-to-best1bin,DEoptim,Rosenbrock,500,0,-931773.8770957631,754.7363932719454,300,1535894397
current-to-best1bin,DEoptim,Rosenbrock,500,1,-1094358.8985752142,704.0498979892582,300,2139530429
current-to-best1bin,DEoptim,Rosenbrock,500,2,-797035.770161235,663.7934232605621,300,1881029145
current-to-best1bin,DEoptim,Rosenbrock,500,3,-1312567.9423485175,625.7362893512473,300,982850379
current-to-best1bin,DEoptim,Rosenbrock,500,4,-1107117.7734749962,614.0867776488885,300,1569639165
current-to-best1bin,DEoptim,Zakharov,500,0,-5727.821748672498,619.5634239157662,300,1041822632
current-to-best1bin,DEoptim,Zakharov,500,1,-4818.815426777219,584.1023565586656,300,953425888
current-to-best1bin,DEoptim,Zakharov,500,2,-8965.193674237997,562.1155907809734,300,965576252
current-to-best1bin,DEoptim,Zakharov,500,3,-2757183.1162818833,526.5478213066235,300,971031912
current-to-best1bin,DEoptim,Zakharov,500,4,-5706.155436531531,563.6920992648229,300,330826423
current-to-best1bin,PSO,Rastrigin,3000,0,-49938.932372018215,3.2544319704174995,300,175140159
current-to-best1bin,PSO,Rastrigin,3000,1,-49172.636382486366,3.7081125220283866,300,689385103
current-to-best1bin,PSO,Ackley,3000,0,-21.103703709840403,3.8975572185590863,300,149157482
current-to-best1bin,GA,Rastrigin,3000,0,-32518.317293886936,5.418725233525038,300,175140159
current-to-best1bin,GA,Rastrigin,3000,1,-32453.82281423277,5.499140644446015,300,689385103
current-to-best1bin,GA,Ackley,3000,0,-17.267284053001955,6.174566436558962,300,149157482
current-to-best1bin,PSO,Ackley,3000,1,-21.10608287927938,2.428978911601007,300,349740754
current-to-best1bin,GA,Ackley,3000,1,-16.51740234528996,5.926481097005308,300,349740754
current-to-best1bin,SA,Rastrigin,3000,0,-47043.379737039846,918.9633040875196,300,175140159
current-to-best1bin,SA,Rastrigin,3000,1,-47137.55585955984,968.5393937816843,300,689385103
current-to-best1bin,SA,Ackley,3000,0,-21.199314528836954,1098.5281343851238,300,149157482
current-to-best1bin,SA,Ackley,3000,1,-21.240756150158663,1301.1754328552634,300,349740754
current-to-best1bin,GenSA,Ackley,3000,1,-2.569121011747033,1372.2289206171408,300,349740754
current-to-best1bin,GenSA,Ackley,3000,0,-2.447984572959243,1410.369514468126,300,149157482
current-to-best1bin,GenSA,Rastrigin,3000,1,-21.88909932117167,1576.2362382095307,300,689385103
current-to-best1bin,GenSA,Rastrigin,3000,0,-33.82860797877947,1674.5242133839056,300,175140159
current-to-best1bin,GA,Rosenbrock,3000,0,-29493380.858880434,3.8356709387153387,300,501798520
current-to-best1bin,PSO,Rosenbrock,3000,0,-308083198.5161722,1.4177944120019674,300,501798520
current-to-best1bin,SA,Rosenbrock,3000,0,-5238516.744061699,386.6306671956554,300,501798520
current-to-best1bin,GenSA,Rosenbrock,3000,0,-1690.0014270202469,1106.7524483017623,300,501798520
current-to-best1bin,SMCO_R,Rosenbrock,3000,0,-570.225665833791,3419.9787931302562,205,501798520
current-to-best1bin,SMCO,Rosenbrock,3000,0,-688.7845993985138,3476.7826159205288,355,501798520
current-to-best1bin,SMCO_EVO,Rosenbrock,3000,0,-680.5167747630504,3389.3260120404884,355,501798520
current-to-best1bin,SMCO_BR,Rosenbrock,3000,0,-6656.0107748703485,3510.4850023509935,130,501798520
current-to-best1bin,SMCO_BR_EVO,Rosenbrock,3000,0,-6803.3742955137,3342.0931685483083,205,501798520
current-to-best1bin,SMCO_R_EVO,Rosenbrock,3000,0,-65.1709992172166,3657.7446871185675,355,501798520
current-to-best1bin,SMCO,Rosenbrock,3000,1,-745.2427290124281,3307.7294855462387,355,371070064
current-to-best1bin,GA,Rosenbrock,3000,1,-31287854.472529784,4.724771476350725,300,371070064
current-to-best1bin,PSO,Rosenbrock,3000,1,-312000807.1663147,1.6986056854948401,300,371070064
current-to-best1bin,SA,Rosenbrock,3000,1,-5433406.431535232,368.65367694105953,300,371070064
current-to-best1bin,SMCO_R,Rosenbrock,3000,1,-607.413890594553,3324.910278983414,205,371070064
current-to-best1bin,GenSA,Rosenbrock,3000,1,-1338.3468931831126,1033.8049763850868,300,371070064
current-to-best1bin,SMCO_BR,Rosenbrock,3000,1,-6845.015681407013,3313.610774473287,130,371070064
current-to-best1bin,SMCO_EVO,Rosenbrock,3000,1,-670.3241581634245,3553.516285303049,355,371070064
current-to-best1bin,SMCO_R_EVO,Rosenbrock,3000,1,-67.44532857404064,3553.942937737331,355,371070064
current-to-best1bin,SMCO_BR_EVO,Rosenbrock,3000,1,-6929.6975930373665,2954.709437429905,205,371070064
current-to-best1bin,SMCO,Rastrigin,3000,1,-25158.99532635165,8710.447741515003,355,689385103
current-to-best1bin,SMCO_R,Rastrigin,3000,0,-25536.41875507258,8753.570615747944,205,175140159
current-to-best1bin,SMCO_R_EVO,Rastrigin,3000,0,-25538.394562593414,8800.994718556292,355,175140159
current-to-best1bin,SMCO_EVO,Rastrigin,3000,0,-25605.113959248192,9006.651578802615,355,175140159
current-to-best1bin,SMCO_EVO,Rastrigin,3000,1,-25160.20508210531,9022.569480660371,355,689385103
current-to-best1bin,SMCO,Rastrigin,3000,0,-25604.00474177565,9499.948813552968,355,175140159
current-to-best1bin,SMCO_BR,Rastrigin,3000,0,-25633.220452516023,9608.309727872722,130,175140159
current-to-best1bin,SMCO_R_EVO,Rastrigin,3000,1,-25092.386954405993,9867.982310441323,355,689385103
current-to-best1bin,SMCO_R,Rastrigin,3000,1,-25093.428283595964,10010.424497842789,205,689385103
current-to-best1bin,SMCO_EVO,Ackley,3000,1,-0.34327339416965374,10157.891295121983,355,349740754
current-to-best1bin,SMCO_BR,Rastrigin,3000,1,-25190.210572538846,10457.999880765565,130,689385103
current-to-best1bin,SMCO_BR_EVO,Rastrigin,3000,1,-25184.713038502043,10466.643789017573,205,689385103
current-to-best1bin,SMCO_R,Ackley,3000,0,-0.07304349239548857,10500.891903979704,205,149157482
current-to-best1bin,SMCO_R,Ackley,3000,1,-0.07383902124194153,10540.771383463405,205,349740754
current-to-best1bin,SMCO_BR_EVO,Rastrigin,3000,0,-25636.030158470094,10567.062310175039,205,175140159
current-to-best1bin,SMCO_BR,Ackley,3000,1,-0.07986536104980901,10649.585656249896,130,349740754
current-to-best1bin,SMCO,Ackley,3000,1,-0.3478607529769886,10762.647054228932,355,349740754
current-to-best1bin,SMCO_EVO,Ackley,3000,0,-0.3448226883548817,10835.058685057797,355,149157482
current-to-best1bin,SMCO_R_EVO,Ackley,3000,1,-0.07250590274538782,11003.328807760961,355,349740754
current-to-best1bin,SMCO_R_EVO,Ackley,3000,0,-0.0729533911791127,11022.31530442927,355,149157482
current-to-best1bin,SMCO,Ackley,3000,0,-0.3497655023449089,11120.659385015257,355,149157482
current-to-best1bin,SMCO_BR_EVO,Ackley,3000,0,-0.07974046838327498,11217.190570060164,205,149157482
current-to-best1bin,SMCO_BR,Ackley,3000,0,-0.07964856355922167,11574.926868337207,130,149157482
current-to-best1bin,SMCO_BR_EVO,Ackley,3000,1,-0.07995095769678473,12005.862794561312,205,349740754
current-to-best1bin,DEoptim,Rastrigin,3000,1,-35887.70629087427,16096.977051459253,300,689385103
current-to-best1bin,DEoptim,Rastrigin,3000,0,-35788.82699853767,17023.66853730101,300,175140159
current-to-best1bin,DEoptim,Ackley,3000,1,-18.07401034211194,17355.761404333636,300,349740754
current-to-best1bin,DEoptim,Ackley,3000,0,-18.24715394647218,17374.70912313368,300,149157482
current-to-best1bin,DEoptim,Rosenbrock,3000,0,-41885095.54712883,16466.031402970664,300,501798520
current-to-best1bin,DEoptim,Rosenbrock,3000,1,-44279279.475199476,15336.81839792151,300,371070064
best1bin,PSO,Rastrigin,500,0,-6932.598737496957,0.5090279504656792,300,647279673
best1bin,PSO,Rastrigin,500,2,-6594.719921984912,0.7090181084349751,300,1329870051
best1bin,PSO,Rastrigin,500,1,-6765.5516138624,0.7188329584896564,300,1677437249
best1bin,GA,Rastrigin,500,0,-4962.809482626446,1.3143303068354726,300,647279673
best1bin,GA,Rastrigin,500,2,-5022.12909861965,1.6566627155989408,300,1329870051
best1bin,GA,Rastrigin,500,1,-4998.872058567193,1.923145423643291,300,1677437249
best1bin,PSO,Rastrigin,500,3,-6579.0290492246,0.6967278616502881,300,1617388629
best1bin,GA,Rastrigin,500,3,-5101.282472497343,1.4505487969145179,300,1617388629
best1bin,GenSA,Rastrigin,500,1,-2.984877171425069,89.17680104076862,300,1677437249
best1bin,GenSA,Rastrigin,500,0,-3.9798362293058744,89.35234708338976,300,647279673
best1bin,GenSA,Rastrigin,500,3,-5.969754342964734,97.02848690934479,300,1617388629
best1bin,GenSA,Rastrigin,500,2,-2.9848771716988267,104.09736300446093,300,1329870051
best1bin,SA,Rastrigin,500,1,-449.72101966316495,191.02702410239726,300,1677437249
best1bin,SMCO_R,Rastrigin,500,0,-3650.681064130735,196.53533346392214,173,647279673
best1bin,SMCO_EVO,Rastrigin,500,1,-3764.7738904625203,196.8485839208588,323,1677437249
best1bin,SMCO,Rastrigin,500,0,-3656.5643126959767,197.73270017281175,323,647279673
best1bin,GA,Rastrigin,500,4,-5072.402101168843,1.062266318127513,300,1129626419
best1bin,PSO,Rastrigin,500,4,-6664.305875951776,0.4943594327196479,300,1129626419
best1bin,SMCO_R_EVO,Rastrigin,500,0,-3657.933668707982,199.52249940205365,323,647279673
best1bin,SMCO_EVO,Rastrigin,500,0,-3683.125957182125,202.00890767015517,323,647279673
best1bin,SMCO,Rastrigin,500,1,-3758.1930344439415,202.08714028075337,323,1677437249
best1bin,SMCO_BR_EVO,Rastrigin,500,3,-3798.7824129229843,204.17308350745589,173,1617388629
best1bin,SMCO,Rastrigin,500,4,-3650.9358318781938,203.8575885584578,323,1129626419
best1bin,SMCO_BR,Rastrigin,500,0,-3680.7971230129474,216.5131678171456,98,647279673
best1bin,SMCO_R,Rastrigin,500,1,-3745.970749251604,232.5494876112789,173,1677437249
best1bin,SMCO_BR_EVO,Rastrigin,500,2,-3865.2178963029874,235.85265710391104,173,1329870051
best1bin,SMCO_R_EVO,Rastrigin,500,1,-3739.6303961691533,235.96585923060775,323,1677437249
best1bin,SMCO,Rastrigin,500,3,-3792.052833032785,237.70841585937887,323,1617388629
best1bin,GA,Ackley,500,0,-13.691880923878683,2.2433010796085,300,1827744636
best1bin,SA,Rastrigin,500,3,-366.1446810318539,237.7971559399739,300,1617388629
best1bin,PSO,Ackley,500,0,-20.64014695263334,1.063128063455224,300,1827744636
best1bin,SMCO,Rastrigin,500,2,-3873.6910800577857,238.9175148513168,323,1329870051
best1bin,SA,Rastrigin,500,2,-374.10435852421233,240.1227321140468,300,1329870051
best1bin,SMCO_EVO,Rastrigin,500,3,-3794.134592242949,241.90733930002898,323,1617388629
best1bin,SA,Rastrigin,500,0,-396.98836137659873,243.5475363144651,300,647279673
best1bin,SMCO_EVO,Rastrigin,500,2,-3853.9625004543022,245.23466929793358,323,1329870051
best1bin,SMCO_R_EVO,Rastrigin,500,3,-3809.99262525142,245.73579703550786,323,1617388629
best1bin,SMCO_BR_EVO,Rastrigin,500,1,-3770.3406798243814,250.38420616742224,173,1677437249
best1bin,SMCO_BR,Rastrigin,500,2,-3852.1177277991073,250.9832416633144,98,1329870051
best1bin,SMCO_R_EVO,Rastrigin,500,2,-3823.325160736156,251.48218911979347,323,1329870051
best1bin,PSO,Ackley,500,1,-20.836016961519267,1.1383831389248371,300,396000478
best1bin,GA,Ackley,500,1,-13.917105541438536,2.305545440874994,300,396000478
best1bin,SMCO_R,Rastrigin,500,3,-3796.192248856353,255.26978454180062,173,1617388629
best1bin,SMCO_BR_EVO,Rastrigin,500,0,-3691.474872184286,256.9212350063026,173,647279673
best1bin,SMCO_BR,Rastrigin,500,1,-3742.5474242635632,258.0187643915415,98,1677437249
best1bin,SMCO_R,Rastrigin,500,2,-3835.382595397302,258.36849672254175,173,1329870051
best1bin,SMCO_R,Rastrigin,500,4,-3638.5768468116557,260.76346515491605,173,1129626419
best1bin,SMCO_BR,Rastrigin,500,3,-3817.4610379573833,271.84947498422116,98,1617388629
best1bin,GenSA,Rastrigin,500,4,-3.979836228926615,90.6667343499139,300,1129626419
best1bin,GA,Ackley,500,2,-13.846281213351647,1.8645410519093275,300,1219172169
best1bin,PSO,Ackley,500,2,-20.722533326045383,1.168748028576374,300,1219172169
best1bin,SMCO_BR,Rastrigin,500,4,-3653.8272587449005,206.37902315240353,98,1129626419
best1bin,GenSA,Ackley,500,0,-0.06197666892099862,102.99655196722597,300,1827744636
best1bin,SMCO_EVO,Rastrigin,500,4,-3650.3839503020026,243.96678264532238,323,1129626419
best1bin,SMCO_BR_EVO,Rastrigin,500,4,-3648.8776589759,240.4397597461939,173,1129626419
best1bin,GenSA,Ackley,500,2,-0.00398914542277895,102.93530881404877,300,1219172169
best1bin,SMCO_R_EVO,Rastrigin,500,4,-3638.493224221974,265.261695144698,323,1129626419
best1bin,GenSA,Ackley,500,1,-0.023656590506068387,124.15756339021027,300,396000478
best1bin,SA,Rastrigin,500,4,-372.1144606061698,193.09583066869527,300,1129626419
best1bin,GenSA,Ackley,500,3,-0.015515892920149543,126.06431421730667,300,593730822
best1bin,GA,Ackley,500,3,-13.77231361856038,2.2827944504097104,300,593730822
best1bin,PSO,Ackley,500,3,-20.931800262191526,1.1563187884166837,300,593730822
best1bin,SMCO,Ackley,500,0,-0.38482150056224684,309.24809696897864,323,1827744636
best1bin,SMCO_R_EVO,Ackley,500,0,-0.075511858479818,311.60031598154455,323,1827744636
best1bin,SMCO_EVO,Ackley,500,0,-0.38332640652587147,315.4771672729403,323,1827744636
best1bin,SMCO_R,Ackley,500,0,-0.07426761519935754,323.73931505717337,173,1827744636
best1bin,SMCO_BR,Ackley,500,0,-0.07951060673599786,323.12682016193867,98,1827744636
best1bin,SA,Ackley,500,0,-19.46723020209658,304.2968842256814,300,1827744636
best1bin,SMCO_BR_EVO,Ackley,500,0,-0.07983561695322239,339.4955304078758,173,1827744636
best1bin,SMCO_R,Ackley,500,1,-0.07268988202245952,335.32063443399966,173,396000478
best1bin,SMCO,Ackley,500,3,-0.3687954717046762,297.90540336538106,323,593730822
best1bin,GA,Ackley,500,4,-13.93108074799316,1.3100490299984813,300,399951215
best1bin,PSO,Ackley,500,4,-20.827284089327453,0.7495983457192779,300,399951215
best1bin,SMCO_R_EVO,Ackley,500,1,-0.07377613779836567,348.1627572141588,323,396000478
best1bin,SMCO,Ackley,500,1,-0.3688582857279674,353.2660646783188,323,396000478
best1bin,SMCO_EVO,Ackley,500,2,-0.3844411689183649,342.33424812555313,323,1219172169
best1bin,SMCO,Ackley,500,2,-0.3863880850853616,350.8819488212466,323,1219172169
best1bin,SMCO_R,Ackley,500,3,-0.07514752601976271,313.5777903366834,173,593730822
best1bin,SMCO_EVO,Ackley,500,1,-0.37327652115608645,370.2856822665781,323,396000478
best1bin,SMCO_R_EVO,Ackley,500,2,-0.07523033824407266,353.136388938874,323,1219172169
best1bin,SMCO_BR,Ackley,500,1,-0.07978633564623339,373.78352583479136,98,396000478
best1bin,SMCO_R,Ackley,500,2,-0.0733090257424931,360.5578917209059,173,1219172169
best1bin,GA,Rosenbrock,500,0,-343654.50925989996,0.8716832660138607,300,1535894397
best1bin,PSO,Rosenbrock,500,0,-22004343.58903291,0.30719105154275894,300,1535894397
best1bin,SA,Ackley,500,1,-19.508627027393057,381.0366578884423,300,396000478
best1bin,GenSA,Ackley,500,4,-0.003215214917457576,102.086813820526,300,399951215
best1bin,SMCO_BR_EVO,Ackley,500,1,-0.08053928548293898,397.15618227794766,173,396000478
best1bin,SMCO_BR_EVO,Ackley,500,2,-0.08038152731642301,381.7811204409227,173,1219172169
best1bin,SMCO_BR,Ackley,500,3,-0.07879341241072568,335.42809067014605,98,593730822
best1bin,SMCO_BR,Ackley,500,2,-0.08033263996596718,402.7659606607631,98,1219172169
best1bin,SA,Ackley,500,2,-19.521566751795056,403.76895469613373,300,1219172169
best1bin,GenSA,Rosenbrock,500,0,-82.99687114766283,78.75956222228706,300,1535894397
best1bin,SMCO_EVO,Ackley,500,3,-0.3827368487841807,361.89046991523355,323,593730822
best1bin,GA,Rosenbrock,500,1,-398910.3537344983,0.8770133927464485,300,2139530429
best1bin,PSO,Rosenbrock,500,1,-19165114.732159242,0.30856084544211626,300,2139530429
best1bin,GenSA,Rosenbrock,500,1,-461.17608049827993,66.0666458690539,300,2139530429
best1bin,SA,Ackley,500,3,-19.399789236045077,354.71536902617663,300,593730822
best1bin,SMCO_R_EVO,Ackley,500,3,-0.07407407232975105,379.9836891172454,323,593730822
best1bin,SMCO_BR_EVO,Ackley,500,3,-0.08140068255322364,379.5968693457544,173,593730822
best1bin,DEoptim,Rastrigin,500,3,-5471.642364615935,740.9618975082412,300,1617388629
best1bin,SMCO,Rosenbrock,500,0,-124.10728966116763,157.84388935007155,323,1535894397
best1bin,DEoptim,Rastrigin,500,1,-5594.7809230012645,752.6496191155165,300,1677437249
best1bin,DEoptim,Rastrigin,500,0,-5696.770327864717,762.2769587086514,300,647279673
best1bin,SMCO_R,Rosenbrock,500,0,-11.203925596921765,188.19883737992495,173,1535894397
best1bin,GA,Rosenbrock,500,2,-352980.62042015506,1.5291643552482128,300,1881029145
best1bin,PSO,Rosenbrock,500,2,-23453837.40325965,0.6075360160320997,300,1881029145
best1bin,SMCO_EVO,Rosenbrock,500,0,-125.17024879005234,185.5322729377076,323,1535894397
best1bin,SMCO_R_EVO,Rosenbrock,500,0,-10.781349633235113,182.26331469789147,323,1535894397
best1bin,SMCO_BR_EVO,Rosenbrock,500,0,-12.571175968613993,179.6528474567458,173,1535894397
best1bin,SMCO_BR,Rosenbrock,500,0,-12.642369189950115,199.95962363202125,98,1535894397
best1bin,SMCO_BR,Rosenbrock,500,1,-12.903665791158438,162.8016084479168,98,2139530429
best1bin,SMCO,Rosenbrock,500,1,-126.96409887568723,194.2093537086621,323,2139530429
best1bin,GenSA,Rosenbrock,500,2,-0.33133837807966005,65.67772992886603,300,1881029145
best1bin,SMCO_R,Rosenbrock,500,1,-11.41866317084057,183.2512289583683,173,2139530429
best1bin,SMCO_R_EVO,Rosenbrock,500,1,-11.069469158333892,178.95265525765717,323,2139530429
best1bin,SMCO_BR_EVO,Rosenbrock,500,1,-12.892853988444383,164.320864982903,173,2139530429
best1bin,PSO,Rosenbrock,500,3,-25376404.741176795,0.6883546635508537,300,982850379
best1bin,GA,Rosenbrock,500,3,-374765.6658147375,1.9248692132532597,300,982850379
best1bin,SMCO_R,Ackley,500,4,-0.07542288610483938,314.6377749396488,173,399951215
best1bin,DEoptim,Rastrigin,500,2,-5769.306877039261,823.3156927963719,300,1329870051
best1bin,SMCO_EVO,Rosenbrock,500,1,-128.1729099819346,192.97821967117488,323,2139530429
best1bin,SMCO_R_EVO,Ackley,500,4,-0.07452322200091688,309.4009314943105,323,399951215
best1bin,SMCO_BR,Ackley,500,4,-0.07987503625362935,318.36372614093125,98,399951215
best1bin,SMCO_EVO,Ackley,500,4,-0.3753265814338502,319.49349780753255,323,399951215
best1bin,SMCO,Ackley,500,4,-0.3837367542273147,368.7358635254204,323,399951215
best1bin,SMCO_BR_EVO,Ackley,500,4,-0.08051276978864097,337.90218219254166,173,399951215
best1bin,GA,Rosenbrock,500,4,-306757.244476485,0.9050857946276665,300,1569639165
best1bin,PSO,Rosenbrock,500,4,-26625975.71406202,0.32527726981788874,300,1569639165
best1bin,SMCO,Rosenbrock,500,2,-126.77504401536447,181.44148587808013,323,1881029145
best1bin,SMCO_BR,Rosenbrock,500,2,-12.650989656026821,156.40254521369934,98,1881029145
best1bin,GenSA,Rosenbrock,500,3,-213.9463573113118,73.40008055604994,300,982850379
best1bin,GenSA,Rosenbrock,500,4,-79.78438541806848,62.40399089176208,300,1569639165
best1bin,SA,Ackley,500,4,-19.44458472651637,358.8053580047563,300,399951215
best1bin,SMCO_BR_EVO,Rosenbrock,500,2,-13.544188336137172,165.0452084550634,173,1881029145
best1bin,SMCO_R,Rosenbrock,500,2,-11.063009656815854,193.9585989844054,173,1881029145
best1bin,SMCO_R_EVO,Rosenbrock,500,2,-11.497258161096363,177.52659427002072,323,1881029145
best1bin,SA,Rosenbrock,500,0,-1355.6540351498043,322.5706251049414,300,1535894397
best1bin,GA,Zakharov,500,0,-4306.696653545549,1.6280107581987977,300,1041822632
best1bin,SMCO_EVO,Rosenbrock,500,2,-124.77958445734318,210.08996504358947,323,1881029145
best1bin,PSO,Zakharov,500,0,-4299819059000.0,0.5690626706928015,300,1041822632
best1bin,SMCO_EVO,Rosenbrock,500,3,-125.95879918314691,155.09513367526233,323,982850379
best1bin,SMCO,Rosenbrock,500,3,-132.0248332677471,175.44169985689223,323,982850379
best1bin,GenSA,Zakharov,500,0,-1.5620439264205181,54.02074271067977,300,1041822632
best1bin,SMCO_BR_EVO,Rosenbrock,500,3,-12.528547443501223,165.24227800313383,173,982850379
best1bin,SMCO_BR,Rosenbrock,500,3,-12.756759792005546,183.6362337609753,98,982850379
best1bin,SMCO_R,Rosenbrock,500,3,-10.879028191421103,190.27944628428668,173,982850379
best1bin,SA,Rosenbrock,500,1,-1424.434689624759,306.5317174233496,300,2139530429
best1bin,SMCO,Rosenbrock,500,4,-128.23691607591618,155.45965171139687,323,1569639165
best1bin,SMCO_R_EVO,Rosenbrock,500,3,-11.407057222873311,185.10251406393945,323,982850379
best1bin,GA,Zakharov,500,1,-4537.831745321446,1.6279284413903952,300,953425888
best1bin,PSO,Zakharov,500,1,-25335.12210091706,0.6181767992675304,300,953425888
best1bin,SMCO_BR,Rosenbrock,500,4,-12.169163384116061,161.03601948637515,98,1569639165
best1bin,DEoptim,Rastrigin,500,4,-5689.301217391271,797.4522547880188,300,1129626419
best1bin,SMCO_BR_EVO,Rosenbrock,500,4,-13.046945240432217,162.7696470292285,173,1569639165
best1bin,SMCO_R,Rosenbrock,500,4,-11.308683196454709,180.74408237822354,173,1569639165
best1bin,SMCO_EVO,Rosenbrock,500,4,-126.87699860706387,186.25684530753642,323,1569639165
best1bin,SMCO_R_EVO,Rosenbrock,500,4,-11.344524044877367,184.25724175199866,323,1569639165
best1bin,GenSA,Zakharov,500,1,-0.06398649866264507,59.66765083465725,300,953425888
best1bin,SA,Rosenbrock,500,2,-3.986623862090832,280.53217618446797,300,1881029145
best1bin,GA,Zakharov,500,2,-3834.8234093441642,0.9591294955462217,300,965576252
best1bin,PSO,Zakharov,500,2,-24972.291252934207,0.619354990310967,300,965576252
best1bin,SMCO_R_EVO,Zakharov,500,0,-115.50511006479101,155.30990656279027,323,1041822632
best1bin,SMCO,Zakharov,500,0,-47.98115742750855,190.1851669345051,323,1041822632
best1bin,SMCO_R,Zakharov,500,0,-161.47108171394763,187.00413074344397,173,1041822632
best1bin,GenSA,Zakharov,500,2,-2.048239877138746,60.59183850698173,300,965576252
best1bin,SMCO_EVO,Zakharov,500,0,-47.7318264711701,189.8633655961603,323,1041822632
best1bin,SMCO_BR_EVO,Zakharov,500,0,-535.0526618628411,173.31220934912562,173,1041822632
best1bin,SMCO_BR,Zakharov,500,0,-441.9042734579314,202.75398024078459,98,1041822632
best1bin,SA,Rosenbrock,500,3,-1045.9638318171762,283.99036574177444,300,982850379
best1bin,SMCO_BR,Zakharov,500,1,-460.9247811696782,158.21465431619436,98,953425888
best1bin,GA,Zakharov,500,3,-4423.8869365531755,1.6206546379253268,300,971031912
best1bin,PSO,Zakharov,500,3,-24971.276376359336,0.5758996810764074,300,971031912
best1bin,SMCO,Zakharov,500,1,-49.410945355801665,183.02949322387576,323,953425888
best1bin,SA,Rosenbrock,500,4,-962.9455333447363,289.2655153395608,300,1569639165
best1bin,GenSA,Zakharov,500,3,-0.002288313337760397,52.92088455799967,300,971031912
best1bin,SMCO_BR_EVO,Zakharov,500,1,-460.9148552627722,167.91849323082715,173,953425888
best1bin,DEoptim,Ackley,500,1,-13.940767269029845,890.9392657382414,300,396000478
best1bin,DEoptim,Ackley,500,0,-13.1214699923048,905.751586323604,300,1827744636
best1bin,SMCO,Zakharov,500,2,-73.13568816418557,166.00569464918226,323,965576252
best1bin,SMCO_R,Zakharov,500,1,-122.62126827645572,208.84926508646458,173,953425888
best1bin,SMCO_R_EVO,Zakharov,500,1,-125.44006343736346,185.28385119885206,323,953425888
best1bin,GA,Zakharov,500,4,-4189.090618082891,1.0024053063243628,300,330826423
best1bin,PSO,Zakharov,500,4,-25748.690936142015,0.5349609982222319,300,330826423
best1bin,SMCO_EVO,Zakharov,500,1,-45.61045630922923,202.4014264754951,323,953425888
best1bin,SMCO_BR,Zakharov,500,2,-465.2223940347516,173.67890815995634,98,965576252
best1bin,DEoptim,Ackley,500,2,-12.884251707990027,887.2168782036752,300,1219172169
best1bin,SMCO_EVO,Zakharov,500,2,-66.53784893262151,165.8768288930878,323,965576252
best1bin,SMCO_R_EVO,Zakharov,500,2,-253.83161767821224,176.81329966988415,323,965576252
best1bin,SMCO_R,Zakharov,500,2,-136.8189992992491,210.82027636282146,173,965576252
best1bin,SMCO,Zakharov,500,3,-47.9951083031388,156.4025915330276,323,971031912
best1bin,SMCO_BR_EVO,Zakharov,500,2,-464.66253245423,194.77650944236666,173,965576252
best1bin,SMCO_BR,Zakharov,500,3,-444.6627661920328,147.81046263687313,98,971031912
best1bin,GenSA,Zakharov,500,4,-0.002425848276595364,62.22165546845645,300,330826423
best1bin,SMCO_R,Zakharov,500,3,-130.2333605213138,154.5651181228459,173,971031912
best1bin,DEoptim,Ackley,500,3,-12.767929523205597,820.7789407307282,300,593730822
best1bin,SA,Zakharov,500,0,-13418.219846929009,301.22550561185926,300,1041822632
best1bin,SMCO,Zakharov,500,4,-51.27814746723209,126.09501945320517,323,330826423
best1bin,SMCO_BR,Zakharov,500,4,-465.99388830521497,117.64219764247537,98,330826423
best1bin,SMCO_EVO,Zakharov,500,3,-47.814933271431855,181.86248723883182,323,971031912
best1bin,SMCO_R_EVO,Zakharov,500,3,-172.28112329046658,179.65073780715466,323,971031912
best1bin,SA,Zakharov,500,2,-18549.687294834825,233.83491312898695,300,965576252
best1bin,SMCO_BR_EVO,Zakharov,500,3,-528.9541122782804,181.62922907620668,173,971031912
best1bin,SA,Zakharov,500,1,-13194.194394055385,280.9381001703441,300,953425888
best1bin,SMCO_R_EVO,Zakharov,500,4,-289.9607609157702,127.10093622189015,323,330826423
best1bin,SMCO_R,Zakharov,500,4,-142.14015503672576,153.64326544757932,173,330826423
best1bin,SMCO_BR_EVO,Zakharov,500,4,-1311.2545416054948,135.42644262686372,173,330826423
best1bin,SMCO_EVO,Zakharov,500,4,-54.57171174791709,141.2550422847271,323,330826423
best1bin,SA,Zakharov,500,3,-16741.72826971465,233.81042737606913,300,971031912
best1bin,SA,Zakharov,500,4,-16367.233792477133,178.58155545033514,300,330826423
best1bin,DEoptim,Rosenbrock,500,0,-931773.8770957631,739.5078451354057,300,1535894397
best1bin,DEoptim,Ackley,500,4,-13.092567946654043,812.3479164252058,300,399951215
best1bin,DEoptim,Rosenbrock,500,1,-1094358.8985752142,707.2285501426086,300,2139530429
best1bin,DEoptim,Rosenbrock,500,2,-797035.770161235,636.2110129958019,300,1881029145
best1bin,DEoptim,Rosenbrock,500,3,-1312567.9423485175,659.4733548108488,300,982850379
best1bin,DEoptim,Rosenbrock,500,4,-1107117.7734749962,647.8716693604365,300,1569639165
best1bin,DEoptim,Zakharov,500,0,-5727.821748672498,638.9615442045033,300,1041822632
best1bin,DEoptim,Zakharov,500,1,-4818.815426777219,613.3860153928399,300,953425888
best1bin,DEoptim,Zakharov,500,2,-8965.193674237997,594.8647261140868,300,965576252
best1bin,DEoptim,Zakharov,500,3,-2757183.1162818833,552.2630444765091,300,971031912
best1bin,DEoptim,Zakharov,500,4,-5706.155436531531,559.1644262429327,300,330826423
best1bin,PSO,Rastrigin,3000,0,-49938.932372018215,2.731396754272282,300,175140159
best1bin,PSO,Ackley,3000,0,-21.103703709840403,2.866949640214443,300,149157482
best1bin,PSO,Rastrigin,3000,1,-49172.636382486366,3.0603125635534525,300,689385103
best1bin,GA,Rastrigin,3000,0,-32518.317293886936,5.149023873731494,300,175140159
best1bin,GA,Rastrigin,3000,1,-32453.82281423277,6.194437596946955,300,689385103
best1bin,GA,Ackley,3000,0,-17.267284053001955,6.8145483257249,300,149157482
best1bin,PSO,Ackley,3000,1,-21.10608287927938,3.8407876333221793,300,349740754
best1bin,GA,Ackley,3000,1,-16.51740234528996,6.669071742333472,300,349740754
best1bin,SA,Rastrigin,3000,0,-47043.379737039846,920.8354352228343,300,175140159
best1bin,SA,Rastrigin,3000,1,-47137.55585955984,954.9801147608086,300,689385103
best1bin,SA,Ackley,3000,0,-21.199314528836954,1263.172099811025,300,149157482
best1bin,SA,Ackley,3000,1,-21.240756150158663,1273.5946594960988,300,349740754
best1bin,GenSA,Ackley,3000,1,-2.569121011747033,1391.4719986440614,300,349740754
best1bin,GenSA,Ackley,3000,0,-2.447984572959243,1421.7605338655412,300,149157482
best1bin,GenSA,Rastrigin,3000,0,-33.82860797877947,1535.6090592909604,300,175140159
best1bin,GenSA,Rastrigin,3000,1,-21.88909932117167,1674.453300178051,300,689385103
best1bin,GA,Rosenbrock,3000,0,-29493380.858880434,5.12388283200562,300,501798520
best1bin,PSO,Rosenbrock,3000,0,-308083198.5161722,1.6728992192074656,300,501798520
best1bin,SA,Rosenbrock,3000,0,-5238516.744061699,410.2209341842681,300,501798520
best1bin,GenSA,Rosenbrock,3000,0,-1690.0014270202469,1175.668200793676,300,501798520
best1bin,SMCO,Rosenbrock,3000,0,-688.7845993985138,3487.013722847216,355,501798520
best1bin,SMCO_R,Rosenbrock,3000,0,-570.225665833791,3597.625771635212,205,501798520
best1bin,SMCO_EVO,Rosenbrock,3000,0,-669.5790386004726,3609.8229059046134,355,501798520
best1bin,SMCO_BR,Rosenbrock,3000,0,-6656.0107748703485,3675.9624075423926,130,501798520
best1bin,SMCO_BR_EVO,Rosenbrock,3000,0,-6803.3742955137,3700.0209646280855,205,501798520
best1bin,SMCO_R_EVO,Rosenbrock,3000,0,-68.6384873637045,3814.7067373888567,355,501798520
best1bin,SMCO,Rosenbrock,3000,1,-745.2427290124281,3680.3373930752277,355,371070064
best1bin,GA,Rosenbrock,3000,1,-31287854.472529784,4.228254821151495,300,371070064
best1bin,PSO,Rosenbrock,3000,1,-312000807.1663147,2.2061717435717583,300,371070064
best1bin,SA,Rosenbrock,3000,1,-5433406.431535232,459.4145526820794,300,371070064
best1bin,SMCO_R,Rosenbrock,3000,1,-607.413890594553,3642.6490695578977,205,371070064
best1bin,GenSA,Rosenbrock,3000,1,-1338.3468931831126,1146.11411601305,300,371070064
best1bin,SMCO_BR,Rosenbrock,3000,1,-6845.015681407013,3740.4473909400403,130,371070064
best1bin,SMCO_EVO,Rosenbrock,3000,1,-680.304642910147,3070.2902743443847,355,371070064
best1bin,SMCO_R_EVO,Rosenbrock,3000,1,-73.67360345086837,3268.465367373079,355,371070064
best1bin,SMCO_BR_EVO,Rosenbrock,3000,1,-6929.6975930373665,3411.775035755709,205,371070064
best1bin,SMCO_R_EVO,Rastrigin,3000,0,-25538.394562593414,8617.198059255257,355,175140159
best1bin,SMCO_EVO,Ackley,3000,0,-0.3482271317595438,9819.778898414224,355,149157482
best1bin,SMCO_R,Ackley,3000,0,-0.07304349239548857,9837.918268855661,205,149157482
best1bin,SMCO_EVO,Ackley,3000,1,-0.3474505688984668,9876.168589361012,355,349740754
best1bin,SMCO_EVO,Rastrigin,3000,0,-25605.113959248192,9959.111521335319,355,175140159
best1bin,SMCO,Ackley,3000,0,-0.3497655023449089,9973.774694785476,355,149157482
best1bin,SMCO_BR,Rastrigin,3000,0,-25633.220452516023,10302.080942770466,130,175140159
best1bin,SMCO_R_EVO,Ackley,3000,1,-0.07326612990882042,10348.41844485607,355,349740754
best1bin,SMCO_R,Rastrigin,3000,0,-25536.41875507258,10386.30398800131,205,175140159
best1bin,SMCO_R_EVO,Rastrigin,3000,1,-25092.386954405993,10419.80464123562,355,689385103
best1bin,SMCO,Rastrigin,3000,0,-25604.00474177565,10437.282806228846,355,175140159
best1bin,SMCO,Rastrigin,3000,1,-25158.99532635165,10484.63650937099,355,689385103
best1bin,SMCO_R,Rastrigin,3000,1,-25093.428283595964,10538.586566789076,205,689385103
best1bin,SMCO_EVO,Rastrigin,3000,1,-25160.20508210531,10580.014155905694,355,689385103
best1bin,SMCO_BR,Ackley,3000,0,-0.07964856355922167,10612.760013616644,130,149157482
best1bin,SMCO_BR,Rastrigin,3000,1,-25190.210572538846,10834.299489742145,130,689385103
best1bin,SMCO_BR,Ackley,3000,1,-0.07986536104980901,10846.733169366606,130,349740754
best1bin,SMCO_BR_EVO,Rastrigin,3000,1,-25184.713038502043,10868.827903694473,205,689385103
best1bin,SMCO_BR_EVO,Rastrigin,3000,0,-25636.030158470094,10970.071188980713,205,175140159
best1bin,SMCO,Ackley,3000,1,-0.3478607529769886,11517.534144879319,355,349740754
best1bin,SMCO_R_EVO,Ackley,3000,0,-0.07352480664727823,11561.92168542929,355,149157482
best1bin,SMCO_R,Ackley,3000,1,-0.07383902124194153,11607.39422509633,205,349740754
best1bin,SMCO_BR_EVO,Ackley,3000,1,-0.08020702784693912,11861.39826320298,205,349740754
best1bin,SMCO_BR_EVO,Ackley,3000,0,-0.07974046838327498,12282.49507481791,205,149157482
best1bin,DEoptim,Rastrigin,3000,0,-35788.82699853767,15952.54622205533,300,175140159
best1bin,DEoptim,Ackley,3000,1,-18.07401034211194,16265.903504776768,300,349740754
best1bin,DEoptim,Rosenbrock,3000,0,-41885095.54712883,15451.006794217043,300,501798520
best1bin,DEoptim,Rastrigin,3000,1,-35887.70629087427,17460.215355942957,300,689385103
best1bin,DEoptim,Ackley,3000,0,-18.24715394647218,17782.711893228814,300,149157482
best1bin,DEoptim,Rosenbrock,3000,1,-44279279.475199476,15507.222377351485,300,371070064
sobol,PSO,Rastrigin,500,1,-6765.5516138624,0.41357071604579687,300,1677437249
sobol,PSO,Rastrigin,500,0,-6932.598737496957,0.623499434441328,300,647279673
sobol,PSO,Rastrigin,500,2,-6594.719921984912,0.7123985411599278,300,1329870051
sobol,GA,Rastrigin,500,2,-5022.12909861965,1.390258057974279,300,1329870051
sobol,GA,Rastrigin,500,1,-4998.872058567193,1.5843535270541906,300,1677437249
sobol,GA,Rastrigin,500,0,-4962.809482626446,1.793303705751896,300,647279673
sobol,PSO,Rastrigin,500,3,-6579.0290492246,0.7053416473791003,300,1617388629
sobol,GA,Rastrigin,500,3,-5101.282472497343,1.3896612711250782,300,1617388629
sobol,GenSA,Rastrigin,500,0,-3.9798362293058744,84.68601241894066,300,647279673
sobol,GenSA,Rastrigin,500,2,-2.9848771716988267,96.45441244263202,300,1329870051
sobol,GenSA,Rastrigin,500,1,-2.984877171425069,97.21568716969341,300,1677437249
sobol,GenSA,Rastrigin,500,3,-5.969754342964734,106.459750643,300,1617388629
sobol,SA,Rastrigin,500,2,-374.10435852421233,188.9922446059063,300,1329870051
sobol,SA,Rastrigin,500,1,-449.72101966316495,201.57124775182456,300,1677437249
sobol,SMCO_R,Rastrigin,500,2,-3835.382595397302,205.44718111213297,173,1329870051
sobol,SA,Rastrigin,500,0,-396.98836137659873,206.98238293081522,300,647279673
sobol,GA,Rastrigin,500,4,-5072.402101168843,1.7812760062515736,300,1129626419
sobol,PSO,Rastrigin,500,4,-6664.305875951776,0.7147394763305783,300,1129626419
sobol,SMCO,Rastrigin,500,0,-3656.5643126959767,210.88765434920788,323,647279673
sobol,SMCO,Rastrigin,500,4,-3650.9358318781938,211.9100981671363,323,1129626419
sobol,SA,Rastrigin,500,3,-366.1446810318539,214.29165064543486,300,1617388629
sobol,SMCO_R_EVO,Rastrigin,500,1,-3739.809583359138,215.3134527122602,323,1677437249
sobol,SMCO_BR,Rastrigin,500,1,-3742.5474242635632,217.20892878156155,98,1677437249
sobol,SMCO_R,Rastrigin,500,0,-3650.681064130735,218.65483466349542,173,647279673
sobol,SMCO_R_EVO,Rastrigin,500,2,-3823.117051330416,223.8319201078266,323,1329870051
sobol,SMCO_BR,Rastrigin,500,3,-3817.4610379573833,224.41243758890778,98,1617388629
sobol,SMCO_R,Rastrigin,500,4,-3638.5768468116557,221.95268282666802,173,1129626419
sobol,SMCO_BR_EVO,Rastrigin,500,0,-3691.155329382489,225.61449495051056,173,647279673
sobol,SMCO_EVO,Rastrigin,500,0,-3682.346693779037,225.77795931976289,323,647279673
sobol,PSO,Ackley,500,0,-20.64014695263334,0.563688213005662,300,1827744636
sobol,GA,Ackley,500,0,-13.691880923878683,2.2319179410114884,300,1827744636
sobol,SMCO,Rastrigin,500,2,-3873.6910800577857,227.47648710291833,323,1329870051
sobol,SMCO_BR_EVO,Rastrigin,500,3,-3797.1453563098385,227.34584707207978,173,1617388629
sobol,SMCO,Rastrigin,500,3,-3792.052833032785,228.45344259217381,323,1617388629
sobol,SMCO_R,Rastrigin,500,1,-3745.970749251604,231.52408183272928,173,1677437249
sobol,SMCO_R,Rastrigin,500,3,-3796.192248856353,232.44067641627043,173,1617388629
sobol,SMCO,Rastrigin,500,1,-3758.1930344439415,233.59215619973838,323,1677437249
sobol,SMCO_BR,Rastrigin,500,0,-3680.7971230129474,233.9233138905838,98,647279673
sobol,SMCO_R_EVO,Rastrigin,500,0,-3657.889880694812,234.91563534736633,323,647279673
sobol,GA,Ackley,500,1,-13.917105541438536,1.1751036224886775,300,396000478
sobol,SMCO_EVO,Rastrigin,500,1,-3765.6245683241737,235.41726282332093,323,1677437249
sobol,PSO,Ackley,500,1,-20.836016961519267,0.9584489772096276,300,396000478
sobol,SMCO_BR_EVO,Rastrigin,500,1,-3771.247747332666,237.68746035546064,173,1677437249
sobol,SMCO_BR_EVO,Rastrigin,500,2,-3861.835746359299,237.9372520437464,173,1329870051
sobol,SMCO_EVO,Rastrigin,500,2,-3854.509441976613,237.96513916924596,323,1329870051
sobol,SMCO_EVO,Rastrigin,500,3,-3794.851978804963,239.91050133202225,323,1617388629
sobol,SMCO_R_EVO,Rastrigin,500,3,-3810.0420551944167,243.7452122401446,323,1617388629
sobol,SMCO_BR,Rastrigin,500,2,-3852.1177277991073,244.24126368947327,98,1329870051
sobol,GenSA,Rastrigin,500,4,-3.979836228926615,97.25366871338338,300,1129626419
sobol,GA,Ackley,500,2,-13.846281213351647,1.879328478127718,300,1219172169
sobol,PSO,Ackley,500,2,-20.722533326045383,1.1491527324542403,300,1219172169
sobol,SMCO_R_EVO,Rastrigin,500,4,-3639.2984612412793,211.49517884105444,323,1129626419
sobol,SMCO_BR_EVO,Rastrigin,500,4,-3649.9982669984574,220.47097024135292,173,1129626419
sobol,SMCO_EVO,Rastrigin,500,4,-3650.2249720463087,232.60582503583282,323,1129626419
sobol,SMCO_BR,Rastrigin,500,4,-3653.8272587449005,246.4943484775722,98,1129626419
sobol,GenSA,Ackley,500,0,-0.06197666892099862,123.22689080610871,300,1827744636
sobol,GenSA,Ackley,500,2,-0.00398914542277895,108.74581149872392,300,1219172169
sobol,GenSA,Ackley,500,1,-0.023656590506068387,119.98383766785264,300,396000478
sobol,SA,Rastrigin,500,4,-372.1144606061698,205.70161037426442,300,1129626419
sobol,GenSA,Ackley,500,3,-0.015515892920149543,113.26373432762921,300,593730822
sobol,GA,Ackley,500,3,-13.77231361856038,2.297493095509708,300,593730822
sobol,PSO,Ackley,500,3,-20.931800262191526,1.069762215949595,300,593730822
sobol,SMCO,Ackley,500,0,-0.38482150056224684,331.9793761000037,323,1827744636
sobol,SMCO_R,Ackley,500,1,-0.07268988202245952,317.9311221046373,173,396000478
sobol,SMCO_EVO,Ackley,500,1,-0.3867800780164399,332.0061418507248,323,396000478
sobol,SMCO_R,Ackley,500,2,-0.0733090257424931,326.95787499658763,173,1219172169
sobol,SMCO,Ackley,500,2,-0.3863880850853616,329.985886817798,323,1219172169
sobol,SMCO,Ackley,500,1,-0.3688582857279674,342.1859959317371,323,396000478
sobol,SMCO_R,Ackley,500,0,-0.07426761519935754,358.73640261311084,173,1827744636
sobol,SMCO_EVO,Ackley,500,2,-0.3858557216660192,332.9106463547796,323,1219172169
sobol,SA,Ackley,500,0,-19.46723020209658,349.02929197158664,300,1827744636
sobol,SMCO_R_EVO,Ackley,500,0,-0.07480905964617479,357.8065434684977,323,1827744636
sobol,PSO,Ackley,500,4,-20.827284089327453,1.188881658948958,300,399951215
sobol,SMCO_BR,Ackley,500,0,-0.07951060673599786,360.3749448452145,98,1827744636
sobol,GA,Ackley,500,4,-13.93108074799316,1.9604172576218843,300,399951215
sobol,SMCO_R_EVO,Ackley,500,2,-0.07391675422388433,338.16465714294463,323,1219172169
sobol,SMCO_BR_EVO,Ackley,500,2,-0.08010658013674687,343.47107567824423,173,1219172169
sobol,SMCO_R_EVO,Ackley,500,1,-0.07361319987415316,353.9395229611546,323,396000478
sobol,SMCO_EVO,Ackley,500,0,-0.3863126543417086,366.9411025904119,323,1827744636
sobol,SMCO_BR,Ackley,500,2,-0.08033263996596718,352.13703141827136,98,1219172169
sobol,SMCO_BR_EVO,Ackley,500,1,-0.08279762432419036,363.9473197432235,173,396000478
sobol,SMCO_BR,Ackley,500,1,-0.07978633564623339,370.0015194816515,98,396000478
sobol,SMCO_BR_EVO,Ackley,500,0,-0.07797856684328197,381.0349625851959,173,1827744636
sobol,GA,Rosenbrock,500,0,-343654.50925989996,1.742896907031536,300,1535894397
sobol,PSO,Rosenbrock,500,0,-22004343.58903291,0.7052108850330114,300,1535894397
sobol,SA,Ackley,500,2,-19.521566751795056,362.6524633252993,300,1219172169
sobol,SA,Ackley,500,1,-19.508627027393057,378.1277799690142,300,396000478
sobol,SMCO,Ackley,500,3,-0.3687954717046762,340.2031103828922,323,593730822
sobol,SMCO_R,Ackley,500,3,-0.07514752601976271,331.53129173163325,173,593730822
sobol,GenSA,Rosenbrock,500,0,-82.99687114766283,75.68121832609177,300,1535894397
sobol,SMCO_BR,Ackley,500,3,-0.07879341241072568,335.4255479061976,98,593730822
sobol,SMCO_EVO,Ackley,500,3,-0.3941900033925312,335.0841722311452,323,593730822
sobol,GenSA,Ackley,500,4,-0.003215214917457576,117.00604613311589,300,399951215
sobol,GA,Rosenbrock,500,1,-398910.3537344983,1.4779174737632275,300,2139530429
sobol,PSO,Rosenbrock,500,1,-19165114.732159242,0.7098146723583341,300,2139530429
sobol,SMCO_R_EVO,Ackley,500,3,-0.0742760616357292,361.77001803554595,323,593730822
sobol,GenSA,Rosenbrock,500,1,-461.17608049827993,57.561630566604435,300,2139530429
sobol,SMCO_BR_EVO,Ackley,500,3,-0.07906919746234253,389.3267704928294,173,593730822
sobol,SMCO_R_EVO,Rosenbrock,500,0,-11.207170067135106,156.21402548626065,323,1535894397
sobol,SA,Ackley,500,3,-19.399789236045077,393.16609081812203,300,593730822
sobol,SMCO_EVO,Rosenbrock,500,0,-126.64373980666862,172.6863845186308,323,1535894397
sobol,SMCO,Rosenbrock,500,0,-124.10728966116763,180.41773881297559,323,1535894397
sobol,SMCO_R,Rosenbrock,500,0,-11.203925596921765,186.77679256815463,173,1535894397
sobol,SMCO_BR,Rosenbrock,500,0,-12.642369189950115,187.25260705966502,98,1535894397
sobol,GA,Rosenbrock,500,2,-352980.62042015506,1.4695888115093112,300,1881029145
sobol,PSO,Rosenbrock,500,2,-23453837.40325965,0.5477362601086497,300,1881029145
sobol,SMCO_R,Rosenbrock,500,1,-11.41866317084057,175.54187854751945,173,2139530429
sobol,SMCO_BR_EVO,Rosenbrock,500,0,-13.522631893462103,193.32730062585324,173,1535894397
sobol,DEoptim,Rastrigin,500,2,-5769.306877039261,777.2779589295387,300,1329870051
sobol,SMCO,Ackley,500,4,-0.3837367542273147,312.27493735868484,323,399951215
sobol,SMCO,Rosenbrock,500,1,-126.96409887568723,181.98589020501822,323,2139530429
sobol,DEoptim,Rastrigin,500,0,-5696.770327864717,785.4135452061892,300,647279673
sobol,DEoptim,Rastrigin,500,3,-5471.642364615935,790.7668590117246,300,1617388629
sobol,SMCO_BR,Rosenbrock,500,1,-12.903665791158438,194.59423069562763,98,2139530429
sobol,SMCO_EVO,Rosenbrock,500,1,-130.55670733224673,195.20308191794902,323,2139530429
sobol,GA,Rosenbrock,500,3,-374765.6658147375,1.5017938697710633,300,982850379
sobol,PSO,Rosenbrock,500,3,-25376404.741176795,0.5564579702913761,300,982850379
sobol,GenSA,Rosenbrock,500,2,-0.33133837807966005,61.23805180191994,300,1881029145
sobol,SMCO_R_EVO,Rosenbrock,500,1,-12.062183760086116,185.44047869276255,323,2139530429
sobol,DEoptim,Rastrigin,500,1,-5594.7809230012645,823.0752229206264,300,1677437249
sobol,SMCO_BR_EVO,Rosenbrock,500,1,-13.566439421095643,187.38812167942524,173,2139530429
sobol,GenSA,Rosenbrock,500,3,-213.9463573113118,65.87579325586557,300,982850379
sobol,SMCO_R,Ackley,500,4,-0.07542288610483938,314.4973885817453,173,399951215
sobol,SMCO,Rosenbrock,500,2,-126.77504401536447,171.68341167643666,323,1881029145
sobol,SA,Rosenbrock,500,0,-1355.6540351498043,286.5069687515497,300,1535894397
sobol,SMCO_EVO,Ackley,500,4,-0.37955911380352036,315.2099848492071,323,399951215
sobol,GA,Rosenbrock,500,4,-306757.244476485,1.4626887161284685,300,1569639165
sobol,PSO,Rosenbrock,500,4,-26625975.71406202,0.6342844078317285,300,1569639165
sobol,SMCO_R,Rosenbrock,500,2,-11.063009656815854,186.89628337696195,173,1881029145
sobol,SMCO_R_EVO,Ackley,500,4,-0.07426938094359459,331.05492863897234,323,399951215
sobol,SMCO_BR,Ackley,500,4,-0.07987503625362935,349.3365051224828,98,399951215
sobol,SMCO_BR,Rosenbrock,500,2,-12.650989656026821,182.4606109559536,98,1881029145
sobol,SMCO_BR_EVO,Ackley,500,4,-0.0784183104695022,332.84687024354935,173,399951215
sobol,SMCO_R_EVO,Rosenbrock,500,2,-11.509102769636492,166.86761287413538,323,1881029145
sobol,SMCO_EVO,Rosenbrock,500,2,-126.96525071491064,177.71857928857207,323,1881029145
sobol,GenSA,Rosenbrock,500,4,-79.78438541806848,66.0261109592393,300,1569639165
sobol,SA,Ackley,500,4,-19.44458472651637,354.6231252141297,300,399951215
sobol,GA,Zakharov,500,0,-4306.696653545549,1.205884575843811,300,1041822632
sobol,PSO,Zakharov,500,0,-4299819059000.0,0.32524477504193783,300,1041822632
sobol,SMCO_BR_EVO,Rosenbrock,500,2,-13.99051122867776,191.09663576167077,173,1881029145
sobol,SA,Rosenbrock,500,1,-1424.434689624759,281.0004053255543,300,2139530429
sobol,SMCO,Rosenbrock,500,3,-132.0248332677471,181.49305740371346,323,982850379
sobol,SMCO_EVO,Rosenbrock,500,3,-126.31863073777552,168.5114568285644,323,982850379
sobol,SMCO_R_EVO,Rosenbrock,500,3,-11.238924212716498,168.60252344980836,323,982850379
sobol,GenSA,Zakharov,500,0,-1.5620439264205181,56.51885041128844,300,1041822632
sobol,SMCO_BR,Rosenbrock,500,3,-12.756759792005546,188.73131113592535,98,982850379
sobol,SMCO_R,Rosenbrock,500,3,-10.879028191421103,193.46234670095146,173,982850379
sobol,SMCO_BR_EVO,Rosenbrock,500,3,-12.411689651934717,188.079052913934,173,982850379
sobol,SMCO_BR,Rosenbrock,500,4,-12.169163384116061,154.54668990150094,98,1569639165
sobol,PSO,Zakharov,500,1,-25335.12210091706,0.3271715212613344,300,953425888
sobol,GA,Zakharov,500,1,-4537.831745321446,1.628396407701075,300,953425888
sobol,SMCO_R,Rosenbrock,500,4,-11.308683196454709,164.8888629944995,173,1569639165
sobol,SMCO_EVO,Rosenbrock,500,4,-129.22775043540804,168.24953604862094,323,1569639165
sobol,SMCO,Rosenbrock,500,4,-128.23691607591618,186.2696720175445,323,1569639165
sobol,SMCO_R_EVO,Rosenbrock,500,4,-11.594615047581769,172.7832651603967,323,1569639165
sobol,SMCO_BR_EVO,Rosenbrock,500,4,-13.164588480584214,159.92006535548717,173,1569639165
sobol,GenSA,Zakharov,500,1,-0.06398649866264507,53.11393624544144,300,953425888
sobol,SMCO,Zakharov,500,0,-47.98115742750855,178.34286883473396,323,1041822632
sobol,DEoptim,Rastrigin,500,4,-5689.301217391271,855.6950094746426,300,1129626419
sobol,GA,Zakharov,500,2,-3834.8234093441642,1.6164206918329,300,965576252
sobol,PSO,Zakharov,500,2,-24972.291252934207,0.580715456046164,300,965576252
sobol,SA,Rosenbrock,500,3,-1045.9638318171762,276.5066143972799,300,982850379
sobol,GenSA,Zakharov,500,2,-2.048239877138746,60.66205262579024,300,965576252
sobol,SA,Rosenbrock,500,2,-3.986623862090832,320.7572986446321,300,1881029145
sobol,SMCO_R,Zakharov,500,0,-161.47108171394763,201.49876377079636,173,1041822632
sobol,SMCO_BR_EVO,Zakharov,500,0,-549.6555599074752,184.44530701823533,173,1041822632
sobol,SMCO_EVO,Zakharov,500,0,-45.96754814619808,189.78705553058535,323,1041822632
sobol,SMCO_R_EVO,Zakharov,500,0,-143.30416374629206,186.2407675627619,323,1041822632
sobol,SMCO_BR,Zakharov,500,0,-441.9042734579314,197.43917866703123,98,1041822632
sobol,DEoptim,Ackley,500,0,-13.1214699923048,876.2577008875087,300,1827744636
sobol,GA,Zakharov,500,3,-4423.8869365531755,1.8078243993222713,300,971031912
sobol,PSO,Zakharov,500,3,-24971.276376359336,0.753913382999599,300,971031912
sobol,DEoptim,Ackley,500,2,-12.884251707990027,875.885231519118,300,1219172169
sobol,DEoptim,Ackley,500,1,-13.940767269029845,887.7387584140524,300,396000478
sobol,SMCO,Zakharov,500,1,-49.410945355801665,196.43619410786778,323,953425888
sobol,SMCO_BR,Zakharov,500,1,-460.9247811696782,182.9487376511097,98,953425888
sobol,SMCO_BR_EVO,Zakharov,500,1,-490.25258499755046,182.97968555614352,173,953425888
sobol,SMCO_R_EVO,Zakharov,500,1,-121.69805579757441,187.40627977158874,323,953425888
sobol,SMCO_EVO,Zakharov,500,1,-64.31195622571983,187.98515143431723,323,953425888
sobol,SMCO_R,Zakharov,500,1,-122.62126827645572,199.01701337005943,173,953425888
sobol,GenSA,Zakharov,500,3,-0.002288313337760397,57.90715616103262,300,971031912
sobol,GA,Zakharov,500,4,-4189.090618082891,1.6282372614368796,300,330826423
sobol,PSO,Zakharov,500,4,-25748.690936142015,0.5771330874413252,300,330826423
sobol,SMCO,Zakharov,500,2,-73.13568816418557,176.55083649605513,323,965576252
sobol,SMCO_BR,Zakharov,500,2,-465.2223940347516,176.20892033912241,98,965576252
sobol,SMCO_R,Zakharov,500,2,-136.8189992992491,202.76602541841567,173,965576252
sobol,SA,Rosenbrock,500,4,-962.9455333447363,318.46559484675527,300,1569639165
sobol,SMCO_EVO,Zakharov,500,2,-57.25773072320931,194.55685431789607,323,965576252
sobol,GenSA,Zakharov,500,4,-0.002425848276595364,54.86540293227881,300,330826423
sobol,SMCO_BR_EVO,Zakharov,500,2,-465.1509983626317,188.73518205061555,173,965576252
sobol,SMCO_R_EVO,Zakharov,500,2,-131.15753337788956,206.85137371439487,323,965576252
sobol,SMCO_BR,Zakharov,500,3,-444.6627661920328,148.10435920394957,98,971031912
sobol,SA,Zakharov,500,0,-13418.219846929009,313.11992587987334,300,1041822632
sobol,DEoptim,Ackley,500,3,-12.767929523205597,818.6881295647472,300,593730822
sobol,SMCO,Zakharov,500,3,-47.9951083031388,164.3519080998376,323,971031912
sobol,SMCO_R,Zakharov,500,3,-130.2333605213138,160.53283074963838,173,971031912
sobol,SA,Zakharov,500,1,-13194.194394055385,268.3072367440909,300,953425888
sobol,SMCO_EVO,Zakharov,500,3,-147.85282961678521,159.75675400625914,323,971031912
sobol,SMCO_BR_EVO,Zakharov,500,3,-454.78842671407807,155.16637412179261,173,971031912
sobol,SMCO_R_EVO,Zakharov,500,3,-141.77954074693474,167.70758555829525,323,971031912
sobol,SMCO,Zakharov,500,4,-51.27814746723209,153.80244263168424,323,330826423
sobol,SMCO_BR_EVO,Zakharov,500,4,-3734.2067779365107,130.1030645398423,173,330826423
sobol,SMCO_R_EVO,Zakharov,500,4,-519.7647903895032,133.5301670813933,323,330826423
sobol,SMCO_EVO,Zakharov,500,4,-61.534169145092285,139.49602359719574,323,330826423
sobol,SMCO_R,Zakharov,500,4,-142.14015503672576,144.3166270898655,173,330826423
sobol,SA,Zakharov,500,2,-18549.687294834825,255.31330386921763,300,965576252
sobol,SMCO_BR,Zakharov,500,4,-465.99388830521497,153.0424419119954,98,330826423
sobol,SA,Zakharov,500,3,-16741.72826971465,227.78947989549488,300,971031912
sobol,DEoptim,Rosenbrock,500,0,-931773.8770957631,734.7306334003806,300,1535894397
sobol,SA,Zakharov,500,4,-16367.233792477133,204.9838378606364,300,330826423
sobol,DEoptim,Ackley,500,4,-13.092567946654043,784.6240313900635,300,399951215
sobol,DEoptim,Rosenbrock,500,1,-1094358.8985752142,700.4642249513417,300,2139530429
sobol,DEoptim,Rosenbrock,500,2,-797035.770161235,685.8726007435471,300,1881029145
sobol,DEoptim,Rosenbrock,500,3,-1312567.9423485175,677.9819556586444,300,982850379
sobol,DEoptim,Rosenbrock,500,4,-1107117.7734749962,615.6238387795165,300,1569639165
sobol,DEoptim,Zakharov,500,0,-5727.821748672498,608.2317570857704,300,1041822632
sobol,DEoptim,Zakharov,500,1,-4818.815426777219,595.6851539127529,300,953425888
sobol,DEoptim,Zakharov,500,2,-8965.193674237997,547.0554617298767,300,965576252
sobol,DEoptim,Zakharov,500,3,-2757183.1162818833,570.5461871027946,300,971031912
sobol,DEoptim,Zakharov,500,4,-5706.155436531531,541.8077529622242,300,330826423
sobol,PSO,Ackley,3000,0,-21.103703709840403,2.8271912541240454,300,149157482
sobol,PSO,Rastrigin,3000,1,-49172.636382486366,3.1507014725357294,300,689385103
sobol,PSO,Rastrigin,3000,0,-49938.932372018215,3.2212036652490497,300,175140159
sobol,GA,Rastrigin,3000,0,-32518.317293886936,5.05277278739959,300,175140159
sobol,GA,Rastrigin,3000,1,-32453.82281423277,5.970484892837703,300,689385103
sobol,GA,Ackley,3000,0,-17.267284053001955,6.25864105951041,300,149157482
sobol,PSO,Ackley,3000,1,-21.10608287927938,2.5638267919421196,300,349740754
sobol,GA,Ackley,3000,1,-16.51740234528996,6.136837586760521,300,349740754
sobol,SA,Rastrigin,3000,0,-47043.379737039846,888.709731977433,300,175140159
sobol,SA,Rastrigin,3000,1,-47137.55585955984,888.6856389883906,300,689385103
sobol,SA,Ackley,3000,0,-21.199314528836954,1109.7812996283174,300,149157482
sobol,SA,Ackley,3000,1,-21.240756150158663,1218.5775097170845,300,349740754
sobol,GenSA,Ackley,3000,1,-2.569121011747033,1370.7348887901753,300,349740754
sobol,GenSA,Ackley,3000,0,-2.447984572959243,1392.5427229218185,300,149157482
sobol,GenSA,Rastrigin,3000,1,-21.88909932117167,1557.421160141006,300,689385103
sobol,GenSA,Rastrigin,3000,0,-33.82860797877947,1569.5312162255868,300,175140159
sobol,GA,Rosenbrock,3000,0,-29493380.858880434,3.223891614936292,300,501798520
sobol,PSO,Rosenbrock,3000,0,-308083198.5161722,1.718783913180232,300,501798520
sobol,SA,Rosenbrock,3000,0,-5238516.744061699,388.0381809445098,300,501798520
sobol,GenSA,Rosenbrock,3000,0,-1690.0014270202469,1175.8929436719045,300,501798520
sobol,SMCO_R,Rosenbrock,3000,0,-570.225665833791,3461.6679619150236,205,501798520
sobol,SMCO,Rosenbrock,3000,0,-688.7845993985138,3669.596914644353,355,501798520
sobol,SMCO_R_EVO,Rosenbrock,3000,0,-586.631225981121,3254.8604510836303,355,501798520
sobol,SMCO_BR,Rosenbrock,3000,0,-6656.0107748703485,3596.1461528008804,130,501798520
sobol,SMCO_EVO,Rosenbrock,3000,0,-710.0524685843108,3684.174323872663,355,501798520
sobol,SMCO,Rosenbrock,3000,1,-745.2427290124281,3292.178631442599,355,371070064
sobol,SA,Rosenbrock,3000,1,-5433406.431535232,423.63249833416194,300,371070064
sobol,GA,Rosenbrock,3000,1,-31287854.472529784,4.6483546467497945,300,371070064
sobol,PSO,Rosenbrock,3000,1,-312000807.1663147,1.5335324835032225,300,371070064
sobol,SMCO_BR_EVO,Rosenbrock,3000,0,-6718.191823267353,3802.303992357105,205,501798520
sobol,SMCO_R,Rosenbrock,3000,1,-607.413890594553,3662.95980784297,205,371070064
sobol,GenSA,Rosenbrock,3000,1,-1338.3468931831126,1127.1944835558534,300,371070064
sobol,SMCO_BR,Rosenbrock,3000,1,-6845.015681407013,3683.709678672254,130,371070064
sobol,SMCO_EVO,Rosenbrock,3000,1,-760.7758588523528,3405.553933089599,355,371070064
sobol,SMCO_R_EVO,Rosenbrock,3000,1,-440.85701851670365,3507.012408540584,355,371070064
sobol,SMCO_BR_EVO,Rosenbrock,3000,1,-6748.602288859784,2900.724926023744,205,371070064
sobol,SMCO,Rastrigin,3000,1,-25158.99532635165,8601.240024704486,355,689385103
sobol,SMCO_R,Rastrigin,3000,1,-25093.428283595964,8617.597881251946,205,689385103
sobol,SMCO_R_EVO,Rastrigin,3000,1,-25092.60596527403,8980.20145246014,355,689385103
sobol,SMCO_R,Rastrigin,3000,0,-25536.41875507258,9298.070540454239,205,175140159
sobol,SMCO_EVO,Rastrigin,3000,1,-25160.6399779616,9493.415860190056,355,689385103
sobol,SMCO,Rastrigin,3000,0,-25604.00474177565,9776.217387231067,355,175140159
sobol,SMCO_R,Ackley,3000,1,-0.07383902124194153,9777.57358571142,205,349740754
sobol,SMCO_R_EVO,Rastrigin,3000,0,-25537.388971403605,10337.66380356811,355,175140159
sobol,SMCO_BR,Rastrigin,3000,1,-25190.210572538846,10425.825325279497,130,689385103
sobol,SMCO_EVO,Rastrigin,3000,0,-25602.615018504595,10558.939707889222,355,175140159
sobol,SMCO_BR_EVO,Rastrigin,3000,1,-25189.357513327293,10647.696726255119,205,689385103
sobol,SMCO_BR,Rastrigin,3000,0,-25633.220452516023,10647.83175904397,130,175140159
sobol,SMCO,Ackley,3000,0,-0.3497655023449089,10726.763477904722,355,149157482
sobol,SMCO_BR_EVO,Rastrigin,3000,0,-25636.108101665886,10994.783769944683,205,175140159
sobol,SMCO_R,Ackley,3000,0,-0.07304349239548857,11124.56892679073,205,149157482
sobol,SMCO_BR_EVO,Ackley,3000,1,-0.08008849457374412,11308.173126226291,205,349740754
sobol,SMCO,Ackley,3000,1,-0.3478607529769886,11408.270294502378,355,349740754
sobol,SMCO_BR,Ackley,3000,1,-0.07986536104980901,11487.704474783503,130,349740754
sobol,SMCO_EVO,Ackley,3000,1,-0.34917199829574175,11841.450078953989,355,349740754
sobol,SMCO_EVO,Ackley,3000,0,-0.3513303400711725,11846.400935363024,355,149157482
sobol,SMCO_BR_EVO,Ackley,3000,0,-0.07995843037905148,11897.168607255444,205,149157482
sobol,SMCO_BR,Ackley,3000,0,-0.07964856355922167,12001.852163650095,130,149157482
sobol,SMCO_R_EVO,Ackley,3000,0,-0.07361767249508988,12013.040763252415,355,149157482
sobol,SMCO_R_EVO,Ackley,3000,1,-0.07365273257424265,12053.69181277696,355,349740754
sobol,DEoptim,Rastrigin,3000,1,-35887.70629087427,16027.753951518796,300,689385103
sobol,DEoptim,Ackley,3000,0,-18.24715394647218,16391.38321172539,300,149157482
sobol,DEoptim,Rosenbrock,3000,0,-41885095.54712883,15503.120169305243,300,501798520
sobol,DEoptim,Rastrigin,3000,0,-35788.82699853767,17218.17214488052,300,175140159
sobol,DEoptim,Ackley,3000,1,-18.07401034211194,17566.88412543945,300,349740754
sobol,DEoptim,Rosenbrock,3000,1,-44279279.475199476,14614.511507592164,300,371070064
