strategy,algo,func,dim,rep,fopt,time,iterations,seed,source
rand1bin,SMCO,Rosenbrock,3000,1,-766.262745789364,4990.287,355,1003024,main
rand1bin,SMCO,Rosenbrock,3000,0,-758.705865025486,5000.246,355,3021,main
rand1bin,SMCO,Ackley,3000,1,-0.346147268068237,5289.426,355,1003024,main
rand1bin,SMCO,Ackley,3000,0,-0.346215205254488,5361.229,355,3021,main
rand1bin,SMCO,Rastrigin,3000,1,-25543.7520215102,5871.586,355,1003024,main
rand1bin,SMCO,Rastrigin,3000,0,-25151.5797537199,5871.917,355,3021,main
rand1bin,SMCO_R,Rosenbrock,3000,1,-585.24425443585,5062.655,205,1003024,main
rand1bin,SMCO_R,Rosenbrock,3000,0,-517.091175069947,5075.432,205,3021,main
rand1bin,SMCO_R,Ackley,3000,1,-0.0732453300670781,5251.051,205,1003024,main
rand1bin,SMCO_R,Ackley,3000,0,-0.073262272257502,5346.891,205,3021,main
rand1bin,SMCO_R,Rastrigin,3000,1,-25476.878869163,5866.31,205,1003024,main
rand1bin,SMCO_R,Rastrigin,3000,0,-25086.7645561459,5866.132,205,3021,main
rand1bin,SMCO_BR,Rosenbrock,3000,1,-6643.87264842418,5112.939,130,1003024,main
rand1bin,SMCO_BR,Rosenbrock,3000,0,-6896.30483193756,5136.422,130,3021,main
rand1bin,SMCO,Rosenbrock,5000,1,-1619.67857013752,15723.907,371,1005024,main
rand1bin,SMCO,Rosenbrock,5000,0,-1805.43227625361,16488.986,371,5021,main
rand1bin,SMCO_BR,Ackley,3000,1,-0.0801013298052919,6016.815,130,1003024,main
rand1bin,SMCO_BR,Ackley,3000,0,-0.0796040549753134,6104.733,130,3021,main
rand1bin,SMCO_BR,Rastrigin,3000,0,-25189.3841591052,6215.45,130,3021,main
rand1bin,SMCO_BR,Rastrigin,3000,1,-25583.6403399222,6216.182,130,1003024,main
rand1bin,SMCO,Rastrigin,5000,1,-43101.9945570609,21056.354,371,1005024,main
rand1bin,SMCO,Rastrigin,5000,0,-42436.4214981645,21061.576,371,5021,main
rand1bin,SMCO_EVO,Rosenbrock,3000,1,-680.463365255575,8080.225,185,1003024,main
rand1bin,SMCO_EVO,Rosenbrock,3000,0,-671.178149894515,8108.075,185,3021,main
rand1bin,SMCO_EVO,Ackley,3000,1,-0.343975411984733,8077.591,390,1003024,main
rand1bin,SMCO_EVO,Ackley,3000,0,-0.339198836102977,8277.355,390,3021,main
rand1bin,SMCO,Ackley,5000,1,-3.59898824102485,25263.831,371,1005024,main
rand1bin,SMCO,Ackley,5000,0,-3.60378373344047,25308.386,371,5021,main
rand1bin,SMCO_EVO,Rastrigin,3000,0,-25152.4064294119,9626.023,895,3021,main
rand1bin,SMCO_EVO,Rastrigin,3000,1,-25544.769661915,9627.114,895,1003024,main
rand1bin,SMCO_R_EVO,Rosenbrock,3000,1,-65.1378951578238,6707.409,707,1003024,main
rand1bin,SMCO_R_EVO,Rosenbrock,3000,0,-64.86490418986,6701.454,298,3021,main
rand1bin,SMCO_R_EVO,Ackley,3000,1,-0.0736763067921449,6972.326,707,1003024,main
rand1bin,SMCO_R,Rosenbrock,5000,1,-2396.24757469062,15905.202,221,1005024,main
rand1bin,SMCO_R_EVO,Ackley,3000,0,-0.0739622498486239,7104.842,298,3021,main
rand1bin,SMCO_R,Rosenbrock,5000,0,-2181.6356803266,16745.702,221,5021,main
rand1bin,SMCO_R_EVO,Rastrigin,3000,0,-25086.5795215763,7857.515,707,3021,main
rand1bin,SMCO_R_EVO,Rastrigin,3000,1,-25476.4476124768,7863.122,707,1003024,main
rand1bin,SMCO_BR_EVO,Rosenbrock,3000,1,-74.6331345920796,6808.388,464,1003024,main
rand1bin,DEoptim,Rosenbrock,3000,1,-312165401.944139,0.489000000001397,300,1003024,main
rand1bin,GA,Rosenbrock,3000,1,-19416350.1387051,4.44900000000052,300,1003024,main
rand1bin,PSO,Rosenbrock,3000,1,-45908598.8550324,5.08099999999831,300,1003024,main
rand1bin,SMCO_BR_EVO,Rosenbrock,3000,0,-74.0670678007287,6820.019,464,3021,main
rand1bin,DEoptim,Rosenbrock,3000,0,-315758142.827248,0.477999999995518,300,3021,main
rand1bin,GA,Rosenbrock,3000,0,-19595054.8041569,4.57299999999668,300,3021,main
rand1bin,PSO,Rosenbrock,3000,0,-49197904.7542722,5.07500000000437,300,3021,main
rand1bin,SMCO_BR_EVO,Ackley,3000,1,-0.0795757283585599,8083.818,204,1003024,main
rand1bin,DEoptim,Ackley,3000,1,-21.1120866190269,0.725999999995111,300,1003024,main
rand1bin,GA,Ackley,3000,1,-14.804163893937,5.21100000000297,300,1003024,main
rand1bin,PSO,Ackley,3000,1,-18.1762498380799,5.50600000000122,300,1003024,main
rand1bin,SMCO_BR_EVO,Ackley,3000,0,-0.0798782298503942,8207.901,204,3021,main
rand1bin,DEoptim,Ackley,3000,0,-21.1303678362303,0.692000000002736,300,3021,main
rand1bin,GA,Ackley,3000,0,-14.5694470645359,5.40800000000309,300,3021,main
rand1bin,PSO,Ackley,3000,0,-18.4220700558245,5.69000000000233,300,3021,main
rand1bin,SMCO_R,Rastrigin,5000,1,-43001.2497155108,21007.113,221,1005024,main
rand1bin,SMCO_R,Rastrigin,5000,0,-42335.0254457666,21024.964,221,5021,main
rand1bin,SMCO_BR_EVO,Rastrigin,3000,0,-25142.4892135518,8413.999,464,3021,main
rand1bin,DEoptim,Rastrigin,3000,0,-51768.6963757249,0.692000000002736,300,3021,main
rand1bin,GA,Rastrigin,3000,0,-28883.9384293432,4.89199999999983,300,3021,main
rand1bin,SMCO_BR_EVO,Rastrigin,3000,1,-25530.5573894994,8417.752,464,1003024,main
rand1bin,PSO,Rastrigin,3000,0,-31457.8598730014,5.56899999999587,300,3021,main
rand1bin,DEoptim,Rastrigin,3000,1,-51625.4039745546,0.688999999998487,300,1003024,main
rand1bin,GA,Rastrigin,3000,1,-28737.3541231846,4.92199999999866,300,1003024,main
rand1bin,PSO,Rastrigin,3000,1,-33654.7785924949,5.68600000000151,300,1003024,main
rand1bin,SMCO_BR,Rosenbrock,5000,1,-76019.760754975,16493.815,146,1005024,main
rand1bin,SMCO_R,Ackley,5000,1,-3.48580921553377,24576.696,221,1005024,main
rand1bin,SMCO_R,Ackley,5000,0,-3.46896531215115,24625.381,221,5021,main
rand1bin,SMCO_BR,Rosenbrock,5000,0,-76666.7185355593,17239.486,146,5021,main
rand1bin,SMCO_BR,Rastrigin,5000,1,-43297.2375602777,22871.406,146,1005024,main
rand1bin,SMCO_BR,Rastrigin,5000,0,-42593.4116532624,22916.224,146,5021,main
rand1bin,SMCO_BR,Ackley,5000,1,-11.8473284223443,23964.501,146,1005024,main
rand1bin,SMCO_BR,Ackley,5000,0,-11.6432504727588,24002.992,146,5021,main
rand1bin,SMCO_EVO,Rosenbrock,5000,1,-1024.83447371743,27910.916,217,1005024,main
rand1bin,SMCO_EVO,Rosenbrock,5000,0,-1048.73621549282,28340.681,217,5021,main
rand1bin,SMCO_EVO,Rastrigin,5000,1,-43104.6828304018,37349.297,959,1005024,main
rand1bin,SMCO_EVO,Rastrigin,5000,0,-42438.3769091849,37368.621,959,5021,main
rand1bin,SMCO_R_EVO,Rosenbrock,5000,1,-106.939104004458,28308.384,330,1005024,main
rand1bin,SMCO_R_EVO,Rosenbrock,5000,0,-106.313605992166,28583.507,330,5021,main
rand1bin,SMCO_EVO,Ackley,5000,1,-0.331912233030352,37989.315,959,1005024,main
rand1bin,SMCO_EVO,Ackley,5000,0,-0.328731697274002,38013.347,217,5021,main
rand1bin,SMCO_BR_EVO,Rosenbrock,5000,1,-122.328131412351,28386.55,528,1005024,main
rand1bin,DEoptim,Rosenbrock,5000,1,-570368657.799083,1.09700000000885,300,1005024,main
rand1bin,GA,Rosenbrock,5000,1,-35504588.5982075,11.2850000000035,300,1005024,main
rand1bin,PSO,Rosenbrock,5000,1,-88287589.1151616,9.34600000001956,300,1005024,main
rand1bin,SMCO_R_EVO,Rastrigin,5000,0,-42332.8138319831,30949.886,771,5021,main
rand1bin,SMCO_R_EVO,Rastrigin,5000,1,-43001.1666424063,31538.952,771,1005024,main
rand1bin,SMCO_BR_EVO,Rosenbrock,5000,0,-122.839371282961,28546.517,528,5021,main
rand1bin,DEoptim,Rosenbrock,5000,0,-566804167.417851,1.04999999998836,300,5021,main
rand1bin,GA,Rosenbrock,5000,0,-31356476.9314052,10.5559999999823,300,5021,main
rand1bin,PSO,Rosenbrock,5000,0,-81734327.6123184,8.94699999998556,300,5021,main
rand1bin,SMCO_R_EVO,Ackley,5000,1,-0.0726046740453339,28978.571,330,1005024,main
rand1bin,SMCO_R_EVO,Ackley,5000,0,-0.0725025050035488,28960.737,771,5021,main
rand1bin,SMCO_BR_EVO,Rastrigin,5000,0,-42406.7188717431,31895.272,528,5021,main
rand1bin,DEoptim,Rastrigin,5000,0,-88429.6022882344,1.30999999999767,300,5021,main
rand1bin,GA,Rastrigin,5000,0,-50866.7971675645,9.08900000000722,300,5021,main
rand1bin,PSO,Rastrigin,5000,0,-56107.5703526451,9.08199999999488,300,5021,main
rand1bin,SMCO_BR_EVO,Rastrigin,5000,1,-43075.1600037081,31853.397,528,1005024,main
rand1bin,DEoptim,Rastrigin,5000,1,-88423.1238088207,1.36499999999069,300,1005024,main
rand1bin,GA,Rastrigin,5000,1,-49626.3153814678,9.09999999997672,300,1005024,main
rand1bin,PSO,Rastrigin,5000,1,-54606.5142861714,9.10899999999674,300,1005024,main
rand1bin,SMCO_BR_EVO,Ackley,5000,1,-0.0782995415702747,30196.435,528,1005024,main
rand1bin,DEoptim,Ackley,5000,1,-21.1662873748633,1.38399999999092,300,1005024,main
rand1bin,GA,Ackley,5000,1,-14.9421974477315,9.08199999999488,300,1005024,main
rand1bin,PSO,Ackley,5000,1,-18.3820428926082,9.14600000000792,300,1005024,main
rand1bin,SMCO_BR_EVO,Ackley,5000,0,-0.0781187439751929,30139.913,528,5021,main
rand1bin,DEoptim,Ackley,5000,0,-21.1841199818586,1.32199999998556,300,5021,main
rand1bin,GA,Ackley,5000,0,-14.6738918701095,9.76900000000023,300,5021,main
rand1bin,PSO,Ackley,5000,0,-18.754270383017,9.29500000001281,300,5021,main
rand1bin,SMCO,Ackley,1000,0,-0.378270938625694,409.867,332,1021,1000D
rand1bin,SMCO,Ackley,1000,1,-0.379020751772867,411.164,332,1001024,1000D
rand1bin,SMCO,Ackley,1000,2,-0.37404495406847,413.646,332,2001027,1000D
rand1bin,SMCO,Ackley,1000,4,-0.378922870320232,415.67,332,4001033,1000D
rand1bin,SMCO,Ackley,1000,3,-0.375654183674865,416.028,332,3001030,1000D
rand1bin,SMCO,Rastrigin,1000,3,-8138.46641083363,452.83,332,3001030,1000D
rand1bin,SMCO,Rastrigin,1000,1,-8192.83978950082,452.846,332,1001024,1000D
rand1bin,SMCO,Rastrigin,1000,2,-8275.01181861134,453.42,332,2001027,1000D
rand1bin,SMCO,Rastrigin,1000,4,-8242.85103608616,454.377,332,4001033,1000D
rand1bin,SMCO,Rastrigin,1000,0,-8261.58935143888,454.594,332,1021,1000D
rand1bin,SMCO_R,Ackley,1000,0,-0.0744089239323888,408.243,182,1021,1000D
rand1bin,SMCO_R,Ackley,1000,1,-0.0735982163683748,409.117,182,1001024,1000D
rand1bin,SMCO_R,Ackley,1000,2,-0.0737603106649485,410.824,182,2001027,1000D
rand1bin,SMCO_R,Ackley,1000,4,-0.0729880710108124,414.764,182,4001033,1000D
rand1bin,SMCO_R,Ackley,1000,3,-0.0730336393398408,414.737,182,3001030,1000D
rand1bin,SMCO_R,Rastrigin,1000,1,-8169.51478669465,450.735,182,1001024,1000D
rand1bin,SMCO_R,Rastrigin,1000,3,-8112.81562052779,451.478,182,3001030,1000D
rand1bin,SMCO_R,Rastrigin,1000,2,-8249.22770528868,450.997,182,2001027,1000D
rand1bin,SMCO_R,Rastrigin,1000,4,-8220.51124768373,453.389,182,4001033,1000D
rand1bin,SMCO_R,Rastrigin,1000,0,-8237.4880127511,453.62,182,1021,1000D
rand1bin,SMCO_BR,Ackley,1000,0,-0.0812140023329957,487.997,107,1021,1000D
rand1bin,SMCO_BR,Ackley,1000,1,-0.0801500407440483,488.682,107,1001024,1000D
rand1bin,SMCO_BR,Ackley,1000,2,-0.0803170809704494,490.306,107,2001027,1000D
rand1bin,SMCO_BR,Ackley,1000,4,-0.0813402704639334,491.883,107,4001033,1000D
rand1bin,SMCO_BR,Ackley,1000,3,-0.0805490908263704,493.26,107,3001030,1000D
rand1bin,SMCO_BR,Rastrigin,1000,1,-8195.42981154613,454.133,107,1001024,1000D
rand1bin,SMCO_BR,Rastrigin,1000,2,-8282.15753845962,454.423,107,2001027,1000D
rand1bin,SMCO_BR,Rastrigin,1000,3,-8147.39064288873,454.569,107,3001030,1000D
rand1bin,SMCO_BR,Rastrigin,1000,0,-8268.06895667029,456.242,107,1021,1000D
rand1bin,SMCO_BR,Rastrigin,1000,4,-8254.11221477518,459.979,107,4001033,1000D
rand1bin,SMCO_EVO,Ackley,1000,1,-0.372915312426976,641.843,321,1001024,1000D
rand1bin,SMCO_EVO,Ackley,1000,0,-0.371733462538054,647.464,803,1021,1000D
rand1bin,SMCO_EVO,Ackley,1000,3,-0.368351582978921,638.668,321,3001030,1000D
rand1bin,SMCO_EVO,Ackley,1000,4,-0.3770956350495,641.678,321,4001033,1000D
rand1bin,SMCO_EVO,Ackley,1000,2,-0.377679723811764,650.869,139,2001027,1000D
rand1bin,SMCO_EVO,Rastrigin,1000,1,-8191.57362204868,737.113,803,1001024,1000D
rand1bin,SMCO_EVO,Rastrigin,1000,2,-8273.15702877259,737.096,803,2001027,1000D
rand1bin,SMCO_EVO,Rastrigin,1000,3,-8136.94973773926,738.158,803,3001030,1000D
rand1bin,SMCO_EVO,Rastrigin,1000,0,-8262.11390258224,741.183,803,1021,1000D
rand1bin,SMCO_EVO,Rastrigin,1000,4,-8243.47122297374,746.884,803,4001033,1000D
rand1bin,SMCO_R_EVO,Ackley,1000,1,-0.073869417400577,547.713,615,1001024,1000D
rand1bin,SMCO_R_EVO,Ackley,1000,0,-0.0739046397553165,547.006,252,1021,1000D
rand1bin,SMCO_R_EVO,Ackley,1000,2,-0.0732378104571123,550.683,252,2001027,1000D
rand1bin,SMCO_R_EVO,Ackley,1000,4,-0.0734035955167127,553.97,615,4001033,1000D
rand1bin,SMCO_R_EVO,Ackley,1000,3,-0.0730316710231382,556.102,252,3001030,1000D
rand1bin,SMCO_R_EVO,Rastrigin,1000,1,-8168.89792761537,598.453,615,1001024,1000D
rand1bin,SMCO_R_EVO,Rastrigin,1000,2,-8250.21578665828,598.45,615,2001027,1000D
rand1bin,SMCO_R_EVO,Rastrigin,1000,3,-8115.17901867413,598.999,615,3001030,1000D
rand1bin,SMCO_R_EVO,Rastrigin,1000,0,-8237.86762206879,603.907,615,1021,1000D
rand1bin,SMCO_R_EVO,Rastrigin,1000,4,-8220.01547730925,604.942,615,4001033,1000D
rand1bin,SMCO_BR_EVO,Ackley,1000,1,-0.080902993643559,620.693,158,1001024,1000D
rand1bin,DEoptim,Ackley,1000,1,-20.8243606657439,0.264000000000124,300,1001024,1000D
rand1bin,SMCO_BR_EVO,Ackley,1000,0,-0.0805997317036824,619.917,372,1021,1000D
rand1bin,DEoptim,Ackley,1000,0,-20.8681143123521,0.266000000000076,300,1021,1000D
rand1bin,GA,Ackley,1000,1,-14.4461243080512,1.94100000000026,300,1001024,1000D
rand1bin,GA,Ackley,1000,0,-14.3396904238357,1.96399999999994,300,1021,1000D
rand1bin,PSO,Ackley,1000,1,-17.6589500947256,2.3449999999998,300,1001024,1000D
rand1bin,PSO,Ackley,1000,0,-17.3825518907953,2.40700000000015,300,1021,1000D
rand1bin,SMCO_BR_EVO,Ackley,1000,2,-0.0812940275884881,624.683,158,2001027,1000D
rand1bin,DEoptim,Ackley,1000,2,-20.8035608080266,0.280999999999949,300,2001027,1000D
rand1bin,GA,Ackley,1000,2,-13.9727325339456,1.97800000000007,300,2001027,1000D
rand1bin,SMCO_BR_EVO,Ackley,1000,4,-0.081140837656545,626.901,372,4001033,1000D
rand1bin,DEoptim,Ackley,1000,4,-20.8627329128051,0.268000000000029,300,4001033,1000D
rand1bin,PSO,Ackley,1000,2,-17.6626032619322,2.37199999999984,300,2001027,1000D
rand1bin,SMCO_BR_EVO,Ackley,1000,3,-0.0811283330287584,627.344,372,3001030,1000D
rand1bin,DEoptim,Ackley,1000,3,-20.8735922500113,0.269000000000233,300,3001030,1000D
rand1bin,GA,Ackley,1000,4,-14.5788252329804,2.25199999999995,300,4001033,1000D
rand1bin,GA,Ackley,1000,3,-14.3268852794905,2.03999999999996,300,3001030,1000D
rand1bin,PSO,Ackley,1000,4,-17.4159638824292,2.42599999999993,300,4001033,1000D
rand1bin,PSO,Ackley,1000,3,-17.4846511501982,2.48299999999972,300,3001030,1000D
rand1bin,SMCO_BR_EVO,Rastrigin,1000,1,-8194.53696599285,612.696,372,1001024,1000D
rand1bin,DEoptim,Rastrigin,1000,1,-15228.2243234298,0.261000000000422,300,1001024,1000D
rand1bin,SMCO_BR_EVO,Rastrigin,1000,2,-8280.14967953001,613.562,372,2001027,1000D
rand1bin,DEoptim,Rastrigin,1000,2,-15204.7847995108,0.265999999999622,300,2001027,1000D
rand1bin,GA,Rastrigin,1000,1,-8383.79990176009,2.27100000000019,300,1001024,1000D
rand1bin,SMCO_BR_EVO,Rastrigin,1000,3,-8136.63590505404,613.057,372,3001030,1000D
rand1bin,DEoptim,Rastrigin,1000,3,-15397.9633924447,0.261999999999716,300,3001030,1000D
rand1bin,GA,Rastrigin,1000,2,-8359.71611831468,1.96099999999979,300,2001027,1000D
rand1bin,PSO,Rastrigin,1000,1,-10133.3826919696,2.52800000000025,300,1001024,1000D
rand1bin,GA,Rastrigin,1000,3,-8305.48223444056,2.03699999999981,300,3001030,1000D
rand1bin,PSO,Rastrigin,1000,2,-9510.05834650241,2.47699999999986,300,2001027,1000D
rand1bin,PSO,Rastrigin,1000,3,-10439.5132544868,2.60400000000027,300,3001030,1000D
rand1bin,SMCO_BR_EVO,Rastrigin,1000,0,-8264.35862210084,618.295,372,1021,1000D
rand1bin,DEoptim,Rastrigin,1000,0,-15432.1819792414,0.271000000000186,300,1021,1000D
rand1bin,GA,Rastrigin,1000,0,-8639.99445868724,2.18899999999985,300,1021,1000D
rand1bin,PSO,Rastrigin,1000,0,-9407.10415701046,2.54500000000007,300,1021,1000D
rand1bin,SMCO_BR_EVO,Rastrigin,1000,4,-8241.94558832,622.493,372,4001033,1000D
rand1bin,DEoptim,Rastrigin,1000,4,-15501.4014134128,0.275000000000091,300,4001033,1000D
rand1bin,GA,Rastrigin,1000,4,-8215.08633884154,2.11399999999958,300,4001033,1000D
rand1bin,PSO,Rastrigin,1000,4,-10031.3167830375,2.57200000000012,300,4001033,1000D
rand1bin,GenSA,Rastrigin,1000,3,-73.2836669000753,32756.989,3118788,3001030,1000D
rand1bin,SA,Rastrigin,1000,3,-6740.80823639262,38.0920000000042,300,3001030,1000D
rand1bin,GenSA,Rastrigin,1000,2,-69.3491105734156,32916.637,3136711,2001027,1000D
rand1bin,SA,Rastrigin,1000,2,-6665.19192841322,39.9459999999963,300,2001027,1000D
rand1bin,SMCO,Rosenbrock,1000,0,-247.113046535098,557.563000000002,332,1021,1000D
rand1bin,SMCO,Rosenbrock,1000,1,-242.351429058065,584.745000000003,332,1001024,1000D
rand1bin,SMCO_R,Rosenbrock,1000,0,-22.7710491292807,545.313999999998,182,1021,1000D
rand1bin,SMCO_R,Rosenbrock,1000,1,-21.7559741815064,574.011999999995,182,1001024,1000D
rand1bin,GenSA,Rastrigin,1000,4,-74.3046472531023,34230.252,3196364,4001033,1000D
rand1bin,SA,Rastrigin,1000,4,-7283.05842920438,38.0889999999999,300,4001033,1000D
rand1bin,SMCO_BR,Rosenbrock,1000,0,-95.8866691556822,538.75,107,1021,1000D
rand1bin,SMCO_BR,Rosenbrock,1000,1,-160.374969134014,566.415999999997,107,1001024,1000D
rand1bin,SMCO,Rosenbrock,1000,2,-255.131660315763,574.566999999995,332,2001027,1000D
rand1bin,SMCO_EVO,Rosenbrock,1000,0,-241.659828627623,745.199000000001,139,1021,1000D
rand1bin,SMCO_R,Rosenbrock,1000,2,-22.702104331642,563.93,182,2001027,1000D
rand1bin,SMCO_EVO,Rosenbrock,1000,1,-248.294193403679,792.078999999998,321,1001024,1000D
rand1bin,SMCO_R_EVO,Rosenbrock,1000,0,-22.3822931135506,669.498,252,1021,1000D
rand1bin,SMCO_BR,Rosenbrock,1000,2,-98.0089387334705,567.856,107,2001027,1000D
rand1bin,SMCO_R_EVO,Rosenbrock,1000,1,-22.5515879600469,707.132000000005,358,1001024,1000D
rand1bin,SMCO_BR_EVO,Rosenbrock,1000,0,-24.1260872307593,724.389999999999,158,1021,1000D
rand1bin,DEoptim,Rosenbrock,1000,0,-72053738.5604634,0.23700000000099,300,1021,1000D
rand1bin,GA,Rosenbrock,1000,0,-4488503.69187869,1.97499999999854,300,1021,1000D
rand1bin,PSO,Rosenbrock,1000,0,-8867098.1988132,2.40600000000268,300,1021,1000D
rand1bin,SMCO_EVO,Rosenbrock,1000,2,-247.8714207278,788.847999999998,321,2001027,1000D
rand1bin,GenSA,Rastrigin,1000,1,-76.5848258875303,36803.691,3467340,1001024,1000D
rand1bin,SA,Rastrigin,1000,1,-6442.32332611285,37.8419999999969,300,1001024,1000D
rand1bin,SMCO_BR_EVO,Rosenbrock,1000,1,-25.3735115842578,767.144,158,1001024,1000D
rand1bin,DEoptim,Rosenbrock,1000,1,-70673020.0730166,0.236999999993714,300,1001024,1000D
rand1bin,GA,Rosenbrock,1000,1,-4701838.93571605,2.20700000000215,300,1001024,1000D
rand1bin,PSO,Rosenbrock,1000,1,-14113651.3017974,2.53600000000006,300,1001024,1000D
rand1bin,SMCO,Rosenbrock,1000,3,-249.40506202185,569.376000000004,332,3001030,1000D
rand1bin,SMCO_R_EVO,Rosenbrock,1000,2,-23.399570411301,706.704999999994,252,2001027,1000D
rand1bin,SMCO_R,Rosenbrock,1000,3,-22.4510101002674,565.538999999997,182,3001030,1000D
rand1bin,SMCO_BR_EVO,Rosenbrock,1000,2,-24.6201254352954,767.595999999998,158,2001027,1000D
rand1bin,DEoptim,Rosenbrock,1000,2,-74185513.7283256,0.240999999994528,300,2001027,1000D
rand1bin,GA,Rosenbrock,1000,2,-5039899.8474641,2.25,300,2001027,1000D
rand1bin,PSO,Rosenbrock,1000,2,-9995115.18771205,2.49799999999959,300,2001027,1000D
rand1bin,SMCO_BR,Rosenbrock,1000,3,-94.8098556073483,569.555,107,3001030,1000D
rand1bin,GenSA,Rastrigin,1000,0,-71.4714093299463,39314.471,3581782,1021,1000D
rand1bin,SMCO_EVO,Rosenbrock,1000,3,-251.132882669238,801.269,321,3001030,1000D
rand1bin,SA,Rastrigin,1000,0,-6514.95437387734,39.7609999999986,300,1021,1000D
rand1bin,SMCO,Rosenbrock,1000,4,-243.966556470048,577.127999999997,332,4001033,1000D
rand1bin,SMCO_R_EVO,Rosenbrock,1000,3,-22.4155711499036,705.177000000003,252,3001030,1000D
rand1bin,SMCO_R,Rosenbrock,1000,4,-22.0841597647506,567.928,182,4001033,1000D
rand1bin,SMCO_BR_EVO,Rosenbrock,1000,3,-25.0281324037493,767.949000000001,158,3001030,1000D
rand1bin,DEoptim,Rosenbrock,1000,3,-73282116.2372958,0.238000000004831,300,3001030,1000D
rand1bin,GA,Rosenbrock,1000,3,-4360242.12203087,2.04000000000087,300,3001030,1000D
rand1bin,PSO,Rosenbrock,1000,3,-12088616.40046,2.56800000000658,300,3001030,1000D
rand1bin,SMCO_BR,Rosenbrock,1000,4,-168.227750464688,571.429000000004,107,4001033,1000D
rand1bin,SMCO_EVO,Rosenbrock,1000,4,-247.630233813416,804.925000000003,321,4001033,1000D
rand1bin,SMCO_R_EVO,Rosenbrock,1000,4,-21.8534844960924,705.098000000005,252,4001033,1000D
rand1bin,SMCO_BR_EVO,Rosenbrock,1000,4,-25.1828845306371,782.635000000002,372,4001033,1000D
rand1bin,DEoptim,Rosenbrock,1000,4,-72834620.7545587,0.25800000000163,300,4001033,1000D
rand1bin,GA,Rosenbrock,1000,4,-3982945.51028194,2.14600000000064,300,4001033,1000D
rand1bin,PSO,Rosenbrock,1000,4,-10219591.9174343,2.58200000000215,300,4001033,1000D
rand1bin,GenSA,Ackley,1000,0,-0.739340533459683,58052.467,5205039,1021,1000D
rand1bin,SA,Ackley,1000,0,-19.5257782678062,61.6809999999969,300,1021,1000D
rand1bin,GenSA,Ackley,1000,1,-0.801297265577898,58966.987,5307142,1001024,1000D
rand1bin,SA,Ackley,1000,1,-19.5023320419516,59.0,300,1001024,1000D
rand1bin,GenSA,Ackley,1000,2,-0.761081229201612,59182.144,5007433,2001027,1000D
rand1bin,SA,Ackley,1000,2,-19.5132405763076,59.0899999999965,300,2001027,1000D
rand1bin,GenSA,Ackley,1000,3,-0.747225723782077,61285.849,5207539,3001030,1000D
rand1bin,SA,Ackley,1000,3,-19.4860585075781,59.9709999999977,300,3001030,1000D
rand1bin,GenSA,Ackley,1000,4,-0.77104711552892,61514.27,5205839,4001033,1000D
rand1bin,SA,Ackley,1000,4,-19.5207816963891,57.0910000000003,300,4001033,1000D
rand1bin,GenSA,Rosenbrock,1000,0,-3574.12682310472,26739.679,2879285,1021,1000D
rand1bin,SA,Rosenbrock,1000,0,-3.99910215809469e-07,560.535999999993,300,1021,1000D
rand1bin,GenSA,Rosenbrock,1000,1,-3183.53551323801,30174.051,3032698,1001024,1000D
rand1bin,SA,Rosenbrock,1000,1,-4.1993208368468e-07,521.338999999993,300,1001024,1000D
rand1bin,GenSA,Rosenbrock,1000,2,-3458.05789968817,35468.609,3609491,2001027,1000D
rand1bin,SA,Rosenbrock,1000,2,-4.05155174017487e-07,544.585999999996,300,2001027,1000D
rand1bin,GenSA,Rosenbrock,1000,3,-3494.32333654656,37033.93,3911000,3001030,1000D
rand1bin,SA,Rosenbrock,1000,3,-3.97618474893821e-07,509.479999999996,300,3001030,1000D
rand1bin,GenSA,Rosenbrock,1000,4,-3307.89429144821,35254.898,3810597,4001033,1000D
rand1bin,SA,Rosenbrock,1000,4,-3.80089485489813e-07,494.467000000004,300,4001033,1000D
rand1bin,SA,Rastrigin,3000,1,-20573.6446489697,578.584,300,1003024,SA
rand1bin,SA,Rastrigin,3000,0,-22777.4588250561,602.409,300,3021,SA
rand1bin,SA,Ackley,3000,0,-19.5187575486667,1634.253,300,3021,SA
rand1bin,SA,Ackley,3000,1,-19.5313156983896,1650.436,300,1003024,SA
rand1bin,SA,Rastrigin,5000,0,-37936.5650621417,2038.032,300,5021,SA
rand1bin,SA,Rastrigin,5000,1,-37703.7454342611,2071.352,300,1005024,SA
rand1bin,SA,Rosenbrock,3000,1,-1.27860931155597e-06,8327.925,300,1003024,SA
rand1bin,SA,Rosenbrock,3000,0,-1.21222662662895e-06,8329.431,300,3021,SA
rand1bin,SA,Ackley,5000,1,-19.542012613519,8684.279,300,1005024,SA
rand1bin,SA,Ackley,5000,0,-19.5304878784332,8721.192,300,5021,SA
rand1bin,SA,Rosenbrock,5000,1,-1.28227755500702e-05,25267.5,300,1005024,SA
rand1bin,SA,Rosenbrock,5000,0,-2.12516685265529e-06,25632.811,300,5021,SA
