strategy,pair,base_algo,evo_algo,func,dim,n_reps,base_mean,evo_mean,improve_pct,evo_wins,base_wins,ties,win_rate,wilcoxon_p,significant_005
best1bin,SMCO_vs_SMCO_EVO,SMCO,SMCO_EVO,Ackley,100,15,21.535213676492056,22.14155916807938,2.8156000711022093,15,0,0,100.0,6.103515625e-05,1
best1bin,SMCO_vs_SMCO_EVO,SMCO,SMCO_EVO,Ackley,1000,5,21.356747941768013,22.099389528701984,3.4773158767377916,5,0,0,100.0,0.0625,0
best1bin,SMCO_vs_SMCO_EVO,SMCO,SMCO_EVO,Ackley,200,10,21.418222373910474,22.11058018401592,3.232564299774971,10,0,0,100.0,0.001953125,1
best1bin,SMCO_vs_SMCO_EVO,SMCO,SMCO_EVO,Ackley,2000,3,21.412231167680464,22.10455869910525,3.2333273725803213,3,0,0,100.0,nan,0
best1bin,SMCO_vs_SMCO_EVO,SMCO,SMCO_EVO,Ackley,3000,2,21.532214189963604,22.079895295901025,2.543542903231482,2,0,0,100.0,nan,0
best1bin,SMCO_vs_SMCO_EVO,SMCO,SMCO_EVO,Ackley,4000,2,21.664995317854874,22.089218252554286,1.95810305276085,2,0,0,100.0,nan,0
best1bin,SMCO_vs_SMCO_EVO,SMCO,SMCO_EVO,Ackley,50,20,21.636996277748196,22.162611203958978,2.429241653802621,20,0,0,100.0,1.9073486328125e-06,1
best1bin,SMCO_vs_SMCO_EVO,SMCO,SMCO_EVO,Ackley,500,5,21.367733334983296,22.096366885358627,3.409971188579048,5,0,0,100.0,0.0625,0
best1bin,SMCO_vs_SMCO_EVO,SMCO,SMCO_EVO,Ackley,5000,2,21.697044955860562,22.099187971841268,1.8534460190261208,2,0,0,100.0,nan,0
best1bin,SMCO_vs_SMCO_EVO,SMCO,SMCO_EVO,Griewank,100,15,8740.096300027286,8741.076816904968,0.011218604967532908,8,7,0,53.333333333333336,0.389404296875,0
best1bin,SMCO_vs_SMCO_EVO,SMCO,SMCO_EVO,Griewank,200,10,17226.592423761675,17224.22871924248,-0.013721254099755453,5,5,0,50.0,0.556640625,0
best1bin,SMCO_vs_SMCO_EVO,SMCO,SMCO_EVO,Griewank,50,20,4400.892005055721,4400.544985503507,-0.007885209448798659,10,10,0,50.0,0.5705966949462891,0
best1bin,SMCO_vs_SMCO_EVO,SMCO,SMCO_EVO,Rastrigin,100,15,3268.528225672207,3261.576605448482,-0.21268349984327836,2,13,0,13.333333333333334,0.012451171875,1
best1bin,SMCO_vs_SMCO_EVO,SMCO,SMCO_EVO,Rastrigin,1000,5,29109.966169755517,29109.53341967424,-0.0014866045489453099,1,4,0,20.0,0.3125,0
best1bin,SMCO_vs_SMCO_EVO,SMCO,SMCO_EVO,Rastrigin,200,10,6337.6980985074515,6337.65098984277,-0.0007433087526260119,5,5,0,50.0,0.6953125,0
best1bin,SMCO_vs_SMCO_EVO,SMCO,SMCO_EVO,Rastrigin,2000,3,57881.35493030282,57883.29476627167,0.0033514004141492492,2,1,0,66.66666666666666,nan,0
best1bin,SMCO_vs_SMCO_EVO,SMCO,SMCO_EVO,Rastrigin,3000,2,86021.13959544411,86028.14017521989,0.008138208594655123,1,1,0,50.0,nan,0
best1bin,SMCO_vs_SMCO_EVO,SMCO,SMCO_EVO,Rastrigin,4000,2,114310.4567734591,114314.91250137634,0.003897918040931683,2,0,0,100.0,nan,0
best1bin,SMCO_vs_SMCO_EVO,SMCO,SMCO_EVO,Rastrigin,50,20,1711.6274719223056,1713.5395153071302,0.1117090848440951,11,9,0,55.00000000000001,0.6742229461669922,0
best1bin,SMCO_vs_SMCO_EVO,SMCO,SMCO_EVO,Rastrigin,500,5,14779.85184274863,14779.682412667546,-0.0011463584539796153,1,4,0,20.0,0.625,0
best1bin,SMCO_vs_SMCO_EVO,SMCO,SMCO_EVO,Rastrigin,5000,2,142458.32504618834,142432.29777746001,-0.01827009317980538,0,2,0,0.0,nan,0
best1bin,SMCO_vs_SMCO_EVO,SMCO,SMCO_EVO,Rosenbrock,100,15,54630111.708190724,54780042.299413875,0.27444679597949884,11,4,0,73.33333333333333,0.072998046875,0
best1bin,SMCO_vs_SMCO_EVO,SMCO,SMCO_EVO,Rosenbrock,1000,5,463389064.8849098,463443829.07431805,0.011818187686807905,4,1,0,80.0,0.4375,0
best1bin,SMCO_vs_SMCO_EVO,SMCO,SMCO_EVO,Rosenbrock,200,10,103124528.56873003,103140206.49786988,0.015202909877453218,6,4,0,60.0,0.625,0
best1bin,SMCO_vs_SMCO_EVO,SMCO,SMCO_EVO,Rosenbrock,2000,3,869247612.9724323,869037289.3809952,-0.024196050503709772,0,3,0,0.0,nan,0
best1bin,SMCO_vs_SMCO_EVO,SMCO,SMCO_EVO,Rosenbrock,3000,2,1239722873.845387,1239385157.2331452,-0.027241298790770203,0,2,0,0.0,nan,0
best1bin,SMCO_vs_SMCO_EVO,SMCO,SMCO_EVO,Rosenbrock,4000,2,1601610810.9908462,1607755773.5210905,0.3836738918141251,2,0,0,100.0,nan,0
best1bin,SMCO_vs_SMCO_EVO,SMCO,SMCO_EVO,Rosenbrock,50,20,28590556.089247297,28787769.69336406,0.6897858282334514,16,4,0,80.0,0.0001049041748046875,1
best1bin,SMCO_vs_SMCO_EVO,SMCO,SMCO_EVO,Rosenbrock,500,5,243714058.24041504,243705721.84840137,-0.0034205626355150462,2,3,0,40.0,0.8125,0
best1bin,SMCO_vs_SMCO_EVO,SMCO,SMCO_EVO,Rosenbrock,5000,2,1953961917.8469486,2043895340.43962,4.6026190055826754,2,0,0,100.0,nan,0
best1bin,SMCO_vs_SMCO_EVO,SMCO,SMCO_EVO,Zakharov,100,15,3.726719113127506e+17,3.73584180255514e+17,0.24479144123040852,14,1,0,93.33333333333333,0.0001220703125,1
best1bin,SMCO_vs_SMCO_EVO,SMCO,SMCO_EVO,Zakharov,200,10,8.905104024024446e+19,8.921407920290211e+19,0.18308484911327888,9,1,0,90.0,0.00390625,1
best1bin,SMCO_vs_SMCO_EVO,SMCO,SMCO_EVO,Zakharov,50,20,1544460382804846.5,1552340893079979.5,0.5102436011224484,20,0,0,100.0,1.9073486328125e-06,1
best1bin,SMCO_vs_SMCO_EVO,SMCO,SMCO_EVO,Zakharov,500,5,1.2530257290868337e+23,1.2552496853334794e+23,0.1774868779643084,5,0,0,100.0,0.0625,0
best1bin,SMCO_R_vs_SMCO_R_EVO,SMCO_R,SMCO_R_EVO,Ackley,100,15,22.038464384055786,22.178202246899527,0.6340635191662356,15,0,0,100.0,6.103515625e-05,1
best1bin,SMCO_R_vs_SMCO_R_EVO,SMCO_R,SMCO_R_EVO,Ackley,1000,5,21.949291370787886,22.167871895335647,0.9958431953692494,5,0,0,100.0,0.0625,0
best1bin,SMCO_R_vs_SMCO_R_EVO,SMCO_R,SMCO_R_EVO,Ackley,200,10,21.953281028416214,22.160184130811867,0.942470066901795,10,0,0,100.0,0.001953125,1
best1bin,SMCO_R_vs_SMCO_R_EVO,SMCO_R,SMCO_R_EVO,Ackley,2000,3,21.90054567102072,22.15840880027198,1.1774278738290649,3,0,0,100.0,nan,0
best1bin,SMCO_R_vs_SMCO_R_EVO,SMCO_R,SMCO_R_EVO,Ackley,3000,2,21.563667434577347,22.155912042043262,2.7464929574838948,2,0,0,100.0,nan,0
best1bin,SMCO_R_vs_SMCO_R_EVO,SMCO_R,SMCO_R_EVO,Ackley,4000,2,21.696596470859426,22.118838400144877,1.946120580951775,2,0,0,100.0,nan,0
best1bin,SMCO_R_vs_SMCO_R_EVO,SMCO_R,SMCO_R_EVO,Ackley,50,20,22.073093951668508,22.198633243846,0.5687435230075808,20,0,0,100.0,1.9073486328125e-06,1
best1bin,SMCO_R_vs_SMCO_R_EVO,SMCO_R,SMCO_R_EVO,Ackley,500,5,21.94761009790387,22.162918151906574,0.9810091077901373,5,0,0,100.0,0.0625,0
best1bin,SMCO_R_vs_SMCO_R_EVO,SMCO_R,SMCO_R_EVO,Ackley,5000,2,21.72570270016472,22.131356276340014,1.867159749784377,2,0,0,100.0,nan,0
best1bin,SMCO_R_vs_SMCO_R_EVO,SMCO_R,SMCO_R_EVO,Griewank,100,15,8565.920689918476,8568.602155483679,0.031303880368157434,10,5,0,66.66666666666666,0.05535888671875,0
best1bin,SMCO_R_vs_SMCO_R_EVO,SMCO_R,SMCO_R_EVO,Griewank,200,10,16732.057540605165,16723.826077770987,-0.049195759781493376,2,8,0,20.0,0.064453125,0
best1bin,SMCO_R_vs_SMCO_R_EVO,SMCO_R,SMCO_R_EVO,Griewank,50,20,4332.10767341113,4331.015265778967,-0.025216539257975477,6,14,0,30.0,0.082550048828125,0
best1bin,SMCO_R_vs_SMCO_R_EVO,SMCO_R,SMCO_R_EVO,Rastrigin,100,15,3268.939245656806,3269.6019230890042,0.020271940908002547,5,10,0,33.33333333333333,0.846923828125,0
best1bin,SMCO_R_vs_SMCO_R_EVO,SMCO_R,SMCO_R_EVO,Rastrigin,1000,5,29138.03230207167,29138.02210024288,-3.501207180011239e-05,2,3,0,40.0,1.0,0
best1bin,SMCO_R_vs_SMCO_R_EVO,SMCO_R,SMCO_R_EVO,Rastrigin,200,10,6344.19993499377,6344.197927569635,-3.164188006819824e-05,4,6,0,40.0,0.845703125,0
best1bin,SMCO_R_vs_SMCO_R_EVO,SMCO_R,SMCO_R_EVO,Rastrigin,2000,3,57929.57599256033,57943.735655981036,0.024442891524922322,3,0,0,100.0,nan,0
best1bin,SMCO_R_vs_SMCO_R_EVO,SMCO_R,SMCO_R_EVO,Rastrigin,3000,2,86068.11548491748,86094.5555976759,0.030719985687453804,2,0,0,100.0,nan,0
best1bin,SMCO_R_vs_SMCO_R_EVO,SMCO_R,SMCO_R_EVO,Rastrigin,4000,2,114374.76422763668,114380.51305935602,0.00502631131802202,2,0,0,100.0,nan,0
best1bin,SMCO_R_vs_SMCO_R_EVO,SMCO_R,SMCO_R_EVO,Rastrigin,50,20,1711.4007428417149,1712.2078616511637,0.04716129830051823,11,9,0,55.00000000000001,0.6215133666992188,0
best1bin,SMCO_R_vs_SMCO_R_EVO,SMCO_R,SMCO_R_EVO,Rastrigin,500,5,14794.53924205436,14794.53721475739,-1.3703008491810832e-05,3,2,0,60.0,1.0,0
best1bin,SMCO_R_vs_SMCO_R_EVO,SMCO_R,SMCO_R_EVO,Rastrigin,5000,2,142512.25069086358,142540.83638789976,0.02005841385396837,2,0,0,100.0,nan,0
best1bin,SMCO_R_vs_SMCO_R_EVO,SMCO_R,SMCO_R_EVO,Rosenbrock,100,15,52616803.95826252,52844982.57099104,0.433661103607738,14,1,0,93.33333333333333,0.0001220703125,1
best1bin,SMCO_R_vs_SMCO_R_EVO,SMCO_R,SMCO_R_EVO,Rosenbrock,1000,5,422712947.9742657,431293381.85747737,2.029848842892326,4,1,0,80.0,0.125,0
best1bin,SMCO_R_vs_SMCO_R_EVO,SMCO_R,SMCO_R_EVO,Rosenbrock,200,10,98101461.91474606,99538918.13996622,1.4652750297129755,7,3,0,70.0,0.048828125,1
best1bin,SMCO_R_vs_SMCO_R_EVO,SMCO_R,SMCO_R_EVO,Rosenbrock,2000,3,775822748.1332974,794743124.1546808,2.4387498390460465,3,0,0,100.0,nan,0
best1bin,SMCO_R_vs_SMCO_R_EVO,SMCO_R,SMCO_R_EVO,Rosenbrock,3000,2,1094303115.940483,1135294516.5534573,3.745890879397222,2,0,0,100.0,nan,0
best1bin,SMCO_R_vs_SMCO_R_EVO,SMCO_R,SMCO_R_EVO,Rosenbrock,4000,2,1399385030.0219135,1449626148.1335459,3.590228352724739,2,0,0,100.0,nan,0
best1bin,SMCO_R_vs_SMCO_R_EVO,SMCO_R,SMCO_R_EVO,Rosenbrock,50,20,27764812.00991679,28090671.579043888,1.1736422670922824,17,3,0,85.0,0.000133514404296875,1
best1bin,SMCO_R_vs_SMCO_R_EVO,SMCO_R,SMCO_R_EVO,Rosenbrock,500,5,226905423.53129023,227239253.18552732,0.14712281841560143,5,0,0,100.0,0.0625,0
best1bin,SMCO_R_vs_SMCO_R_EVO,SMCO_R,SMCO_R_EVO,Rosenbrock,5000,2,1699574361.5793362,1768504356.366383,4.055721029057737,2,0,0,100.0,nan,0
best1bin,SMCO_R_vs_SMCO_R_EVO,SMCO_R,SMCO_R_EVO,Zakharov,100,15,3.507362018341597e+17,3.526370052594049e+17,0.5419467438220176,15,0,0,100.0,6.103515625e-05,1
best1bin,SMCO_R_vs_SMCO_R_EVO,SMCO_R,SMCO_R_EVO,Zakharov,200,10,8.126408086905999e+19,8.181832060656183e+19,0.6820230187490639,10,0,0,100.0,0.001953125,1
best1bin,SMCO_R_vs_SMCO_R_EVO,SMCO_R,SMCO_R_EVO,Zakharov,50,20,1472185536847872.8,1481389278501526.8,0.6251753887869544,20,0,0,100.0,1.9073486328125e-06,1
best1bin,SMCO_R_vs_SMCO_R_EVO,SMCO_R,SMCO_R_EVO,Zakharov,500,5,1.0966824087560668e+23,1.0992078040645922e+23,0.2302759019714715,4,1,0,80.0,0.125,0
best1bin,SMCO_BR_vs_SMCO_BR_EVO,SMCO_BR,SMCO_BR_EVO,Ackley,100,15,22.034128689829085,22.20076069701455,0.7562450484478807,15,0,0,100.0,6.103515625e-05,1
best1bin,SMCO_BR_vs_SMCO_BR_EVO,SMCO_BR,SMCO_BR_EVO,Ackley,1000,5,21.941297712620617,22.178927202078803,1.0830238601680418,5,0,0,100.0,0.0625,0
best1bin,SMCO_BR_vs_SMCO_BR_EVO,SMCO_BR,SMCO_BR_EVO,Ackley,200,10,21.972329805821822,22.201450691782878,1.042770102150694,10,0,0,100.0,0.001953125,1
best1bin,SMCO_BR_vs_SMCO_BR_EVO,SMCO_BR,SMCO_BR_EVO,Ackley,2000,3,21.921569244123116,22.174916810804092,1.1556999586099195,3,0,0,100.0,nan,0
best1bin,SMCO_BR_vs_SMCO_BR_EVO,SMCO_BR,SMCO_BR_EVO,Ackley,3000,2,21.90992625267647,22.169782121666714,1.186018912128925,2,0,0,100.0,nan,0
best1bin,SMCO_BR_vs_SMCO_BR_EVO,SMCO_BR,SMCO_BR_EVO,Ackley,4000,2,21.90941466516003,22.16507421915107,1.1668935838691596,2,0,0,100.0,nan,0
best1bin,SMCO_BR_vs_SMCO_BR_EVO,SMCO_BR,SMCO_BR_EVO,Ackley,50,20,22.069994570511763,22.210129268347746,0.6349557422330306,20,0,0,100.0,1.9073486328125e-06,1
best1bin,SMCO_BR_vs_SMCO_BR_EVO,SMCO_BR,SMCO_BR_EVO,Ackley,500,5,21.947773314504367,22.176199579191717,1.0407719335081371,5,0,0,100.0,0.0625,0
best1bin,SMCO_BR_vs_SMCO_BR_EVO,SMCO_BR,SMCO_BR_EVO,Ackley,5000,2,21.912597619812423,22.170896217000973,1.1787675823290196,2,0,0,100.0,nan,0
best1bin,SMCO_BR_vs_SMCO_BR_EVO,SMCO_BR,SMCO_BR_EVO,Griewank,100,15,8146.543018494601,8155.948591811584,0.11545477996777974,11,4,0,73.33333333333333,0.041259765625,1
best1bin,SMCO_BR_vs_SMCO_BR_EVO,SMCO_BR,SMCO_BR_EVO,Griewank,200,10,15582.821648537065,15606.131335277043,0.149585789183222,7,3,0,70.0,0.375,0
best1bin,SMCO_BR_vs_SMCO_BR_EVO,SMCO_BR,SMCO_BR_EVO,Griewank,50,20,4161.670565996322,4160.607519261439,-0.02554375023262679,10,10,0,50.0,0.40909767150878906,0
best1bin,SMCO_BR_vs_SMCO_BR_EVO,SMCO_BR,SMCO_BR_EVO,Rastrigin,100,15,3259.3106226103496,3261.2838911405443,0.06054251216517381,9,6,0,60.0,0.30279541015625,0
best1bin,SMCO_BR_vs_SMCO_BR_EVO,SMCO_BR,SMCO_BR_EVO,Rastrigin,1000,5,29126.310254371823,29125.55358527581,-0.0025978886079415834,3,2,0,60.0,0.8125,0
best1bin,SMCO_BR_vs_SMCO_BR_EVO,SMCO_BR,SMCO_BR_EVO,Rastrigin,200,10,6336.63125564698,6336.711421792165,0.0012651224594087279,7,3,0,70.0,0.76953125,0
best1bin,SMCO_BR_vs_SMCO_BR_EVO,SMCO_BR,SMCO_BR_EVO,Rastrigin,2000,3,57911.78566871155,57911.57064659148,-0.00037129250564273234,1,2,0,33.33333333333333,nan,0
best1bin,SMCO_BR_vs_SMCO_BR_EVO,SMCO_BR,SMCO_BR_EVO,Rastrigin,3000,2,86027.36301720096,86031.64588793849,0.004978498221169264,2,0,0,100.0,nan,0
best1bin,SMCO_BR_vs_SMCO_BR_EVO,SMCO_BR,SMCO_BR_EVO,Rastrigin,4000,2,114314.06385418148,114319.86604742098,0.00507566002280574,1,1,0,50.0,nan,0
best1bin,SMCO_BR_vs_SMCO_BR_EVO,SMCO_BR,SMCO_BR_EVO,Rastrigin,50,20,1713.6892572955308,1713.201467752166,-0.02846429370366002,11,9,0,55.00000000000001,0.7285060882568359,0
best1bin,SMCO_BR_vs_SMCO_BR_EVO,SMCO_BR,SMCO_BR_EVO,Rastrigin,500,5,14784.424196097865,14784.72336393406,0.0020235339045064893,2,3,0,40.0,0.8125,0
best1bin,SMCO_BR_vs_SMCO_BR_EVO,SMCO_BR,SMCO_BR_EVO,Rastrigin,5000,2,142460.14573842997,142458.4895438425,-0.0011625669613674905,1,1,0,50.0,nan,0
best1bin,SMCO_BR_vs_SMCO_BR_EVO,SMCO_BR,SMCO_BR_EVO,Rosenbrock,100,15,47986687.78786815,48362434.75989135,0.7830233536522586,13,2,0,86.66666666666667,0.0006103515625,1
best1bin,SMCO_BR_vs_SMCO_BR_EVO,SMCO_BR,SMCO_BR_EVO,Rosenbrock,1000,5,348193067.76848793,372046389.76400423,6.8506022099717025,5,0,0,100.0,0.0625,0
best1bin,SMCO_BR_vs_SMCO_BR_EVO,SMCO_BR,SMCO_BR_EVO,Rosenbrock,200,10,87336134.89183861,90204671.6443634,3.28447870526596,10,0,0,100.0,0.001953125,1
best1bin,SMCO_BR_vs_SMCO_BR_EVO,SMCO_BR,SMCO_BR_EVO,Rosenbrock,2000,3,618155929.2741712,685824638.2370745,10.946867247938359,3,0,0,100.0,nan,0
best1bin,SMCO_BR_vs_SMCO_BR_EVO,SMCO_BR,SMCO_BR_EVO,Rosenbrock,3000,2,859724697.6735848,955288955.6197197,11.115681357617365,2,0,0,100.0,nan,0
best1bin,SMCO_BR_vs_SMCO_BR_EVO,SMCO_BR,SMCO_BR_EVO,Rosenbrock,4000,2,1091605069.4387069,1273971153.476194,16.706232789048695,2,0,0,100.0,nan,0
best1bin,SMCO_BR_vs_SMCO_BR_EVO,SMCO_BR,SMCO_BR_EVO,Rosenbrock,50,20,25826421.53841371,26589262.67881824,2.9537237254100224,20,0,0,100.0,1.9073486328125e-06,1
best1bin,SMCO_BR_vs_SMCO_BR_EVO,SMCO_BR,SMCO_BR_EVO,Rosenbrock,500,5,194451615.14885083,203191321.91407928,4.49454058714724,5,0,0,100.0,0.0625,0
best1bin,SMCO_BR_vs_SMCO_BR_EVO,SMCO_BR,SMCO_BR_EVO,Rosenbrock,5000,2,1318276891.8457017,1530155403.464967,16.07238304258046,2,0,0,100.0,nan,0
best1bin,SMCO_BR_vs_SMCO_BR_EVO,SMCO_BR,SMCO_BR_EVO,Zakharov,100,15,3.007640369869115e+17,3.0560302856305363e+17,1.6088996625459995,15,0,0,100.0,6.103515625e-05,1
best1bin,SMCO_BR_vs_SMCO_BR_EVO,SMCO_BR,SMCO_BR_EVO,Zakharov,200,10,6.463198018702149e+19,6.5499903812275495e+19,1.3428702365957947,10,0,0,100.0,0.001953125,1
best1bin,SMCO_BR_vs_SMCO_BR_EVO,SMCO_BR,SMCO_BR_EVO,Zakharov,50,20,1302651618260598.8,1326654041450706.8,1.8425819193437072,20,0,0,100.0,1.9073486328125e-06,1
best1bin,SMCO_BR_vs_SMCO_BR_EVO,SMCO_BR,SMCO_BR_EVO,Zakharov,500,5,7.947977905345289e+22,7.997779138805418e+22,0.6265899836817133,5,0,0,100.0,0.0625,0
current-to-best1bin,SMCO_vs_SMCO_EVO,SMCO,SMCO_EVO,Ackley,100,15,21.535213676492056,22.114090433550665,2.6880474266689705,15,0,0,100.0,6.103515625e-05,1
current-to-best1bin,SMCO_vs_SMCO_EVO,SMCO,SMCO_EVO,Ackley,1000,5,21.356747941768013,22.0873450658542,3.4209193556915,5,0,0,100.0,0.0625,0
current-to-best1bin,SMCO_vs_SMCO_EVO,SMCO,SMCO_EVO,Ackley,200,10,21.418222373910474,22.099522129390447,3.180935110235216,10,0,0,100.0,0.001953125,1
current-to-best1bin,SMCO_vs_SMCO_EVO,SMCO,SMCO_EVO,Ackley,2000,3,21.412231167680464,22.08847638848768,3.1582193163874464,3,0,0,100.0,nan,0
current-to-best1bin,SMCO_vs_SMCO_EVO,SMCO,SMCO_EVO,Ackley,3000,2,21.532214189963604,22.032317199690624,2.3225805080469786,2,0,0,100.0,nan,0
current-to-best1bin,SMCO_vs_SMCO_EVO,SMCO,SMCO_EVO,Ackley,4000,2,21.664995317854874,22.06464569086828,1.84468248042518,2,0,0,100.0,nan,0
current-to-best1bin,SMCO_vs_SMCO_EVO,SMCO,SMCO_EVO,Ackley,50,20,21.636996277748196,22.15062549222014,2.373847126831407,20,0,0,100.0,1.9073486328125e-06,1
current-to-best1bin,SMCO_vs_SMCO_EVO,SMCO,SMCO_EVO,Ackley,500,5,21.367733334983296,22.083419985599527,3.349380298772764,5,0,0,100.0,0.0625,0
current-to-best1bin,SMCO_vs_SMCO_EVO,SMCO,SMCO_EVO,Ackley,5000,2,21.697044955860562,22.060942772029435,1.6771768547706338,2,0,0,100.0,nan,0
current-to-best1bin,SMCO_vs_SMCO_EVO,SMCO,SMCO_EVO,Griewank,100,15,8740.096300027286,8741.076816904968,0.011218604967532908,8,7,0,53.333333333333336,0.389404296875,0
current-to-best1bin,SMCO_vs_SMCO_EVO,SMCO,SMCO_EVO,Griewank,200,10,17226.592423761675,17224.22871924248,-0.013721254099755453,5,5,0,50.0,0.556640625,0
current-to-best1bin,SMCO_vs_SMCO_EVO,SMCO,SMCO_EVO,Griewank,50,20,4400.892005055721,4400.2584367756845,-0.014396360540283723,9,11,0,45.0,0.20244979858398438,0
current-to-best1bin,SMCO_vs_SMCO_EVO,SMCO,SMCO_EVO,Rastrigin,100,15,3268.528225672207,3261.576605448482,-0.21268349984327836,2,13,0,13.333333333333334,0.012451171875,1
current-to-best1bin,SMCO_vs_SMCO_EVO,SMCO,SMCO_EVO,Rastrigin,1000,5,29109.966169755517,29109.53341967424,-0.0014866045489453099,1,4,0,20.0,0.3125,0
current-to-best1bin,SMCO_vs_SMCO_EVO,SMCO,SMCO_EVO,Rastrigin,200,10,6337.6980985074515,6337.65098984277,-0.0007433087526260119,5,5,0,50.0,0.6953125,0
current-to-best1bin,SMCO_vs_SMCO_EVO,SMCO,SMCO_EVO,Rastrigin,2000,3,57881.35493030282,57883.29476627167,0.0033514004141492492,2,1,0,66.66666666666666,nan,0
current-to-best1bin,SMCO_vs_SMCO_EVO,SMCO,SMCO_EVO,Rastrigin,3000,2,86021.13959544411,86028.14017521989,0.008138208594655123,1,1,0,50.0,nan,0
current-to-best1bin,SMCO_vs_SMCO_EVO,SMCO,SMCO_EVO,Rastrigin,4000,2,114310.4567734591,114314.91250137634,0.003897918040931683,2,0,0,100.0,nan,0
current-to-best1bin,SMCO_vs_SMCO_EVO,SMCO,SMCO_EVO,Rastrigin,50,20,1711.6274719223056,1713.4561988222533,0.10684140853931715,10,10,0,50.0,0.7841262817382812,0
current-to-best1bin,SMCO_vs_SMCO_EVO,SMCO,SMCO_EVO,Rastrigin,500,5,14779.85184274863,14779.682412667546,-0.0011463584539796153,1,4,0,20.0,0.625,0
current-to-best1bin,SMCO_vs_SMCO_EVO,SMCO,SMCO_EVO,Rastrigin,5000,2,142458.32504618834,142432.29777746001,-0.01827009317980538,0,2,0,0.0,nan,0
current-to-best1bin,SMCO_vs_SMCO_EVO,SMCO,SMCO_EVO,Rosenbrock,100,15,54630111.708190724,54630038.65914772,-0.0001337157123115359,9,6,0,60.0,0.846923828125,0
current-to-best1bin,SMCO_vs_SMCO_EVO,SMCO,SMCO_EVO,Rosenbrock,1000,5,463389064.8849098,463443829.07431805,0.011818187686807905,4,1,0,80.0,0.4375,0
current-to-best1bin,SMCO_vs_SMCO_EVO,SMCO,SMCO_EVO,Rosenbrock,200,10,103124528.56873003,103140206.49786988,0.015202909877453218,6,4,0,60.0,0.625,0
current-to-best1bin,SMCO_vs_SMCO_EVO,SMCO,SMCO_EVO,Rosenbrock,2000,3,869247612.9724323,869037289.3809952,-0.024196050503709772,0,3,0,0.0,nan,0
current-to-best1bin,SMCO_vs_SMCO_EVO,SMCO,SMCO_EVO,Rosenbrock,3000,2,1239722873.845387,1239385157.2331452,-0.027241298790770203,0,2,0,0.0,nan,0
current-to-best1bin,SMCO_vs_SMCO_EVO,SMCO,SMCO_EVO,Rosenbrock,4000,2,1601610810.9908462,1601826824.5663753,0.013487270068779096,1,1,0,50.0,nan,0
current-to-best1bin,SMCO_vs_SMCO_EVO,SMCO,SMCO_EVO,Rosenbrock,50,20,28590556.089247297,28580313.2879377,-0.0358258205178772,6,14,0,30.0,0.3299827575683594,0
current-to-best1bin,SMCO_vs_SMCO_EVO,SMCO,SMCO_EVO,Rosenbrock,500,5,243714058.24041504,243705721.84840137,-0.0034205626355150462,2,3,0,40.0,0.8125,0
current-to-best1bin,SMCO_vs_SMCO_EVO,SMCO,SMCO_EVO,Rosenbrock,5000,2,1953961917.8469486,1953906656.3506606,-0.0028281767307396267,1,1,0,50.0,nan,0
current-to-best1bin,SMCO_vs_SMCO_EVO,SMCO,SMCO_EVO,Zakharov,100,15,3.726719113127506e+17,3.7389354628040806e+17,0.32780441202402877,14,1,0,93.33333333333333,0.0001220703125,1
current-to-best1bin,SMCO_vs_SMCO_EVO,SMCO,SMCO_EVO,Zakharov,200,10,8.905104024024446e+19,8.92076331233532e+19,0.17584621435783382,10,0,0,100.0,0.001953125,1
current-to-best1bin,SMCO_vs_SMCO_EVO,SMCO,SMCO_EVO,Zakharov,50,20,1544460382804846.5,1547233201559311.5,0.1795331745207585,20,0,0,100.0,1.9073486328125e-06,1
current-to-best1bin,SMCO_vs_SMCO_EVO,SMCO,SMCO_EVO,Zakharov,500,5,1.2530257290868337e+23,1.2564853484884616e+23,0.27610122612160215,4,1,0,80.0,0.125,0
current-to-best1bin,SMCO_R_vs_SMCO_R_EVO,SMCO_R,SMCO_R_EVO,Ackley,100,15,22.038464384055786,22.171520604488144,0.6037454248791531,15,0,0,100.0,6.103515625e-05,1
current-to-best1bin,SMCO_R_vs_SMCO_R_EVO,SMCO_R,SMCO_R_EVO,Ackley,1000,5,21.949291370787886,22.161197404367336,0.9654345099335335,5,0,0,100.0,0.0625,0
current-to-best1bin,SMCO_R_vs_SMCO_R_EVO,SMCO_R,SMCO_R_EVO,Ackley,200,10,21.953281028416214,22.1573011487096,0.9293377150745858,10,0,0,100.0,0.001953125,1
current-to-best1bin,SMCO_R_vs_SMCO_R_EVO,SMCO_R,SMCO_R_EVO,Ackley,2000,3,21.90054567102072,22.136668196331595,1.0781581831694638,3,0,0,100.0,nan,0
current-to-best1bin,SMCO_R_vs_SMCO_R_EVO,SMCO_R,SMCO_R_EVO,Ackley,3000,2,21.563667434577347,22.139990298307886,2.6726569841566237,2,0,0,100.0,nan,0
current-to-best1bin,SMCO_R_vs_SMCO_R_EVO,SMCO_R,SMCO_R_EVO,Ackley,4000,2,21.696596470859426,22.093498174791154,1.8293270304621512,2,0,0,100.0,nan,0
current-to-best1bin,SMCO_R_vs_SMCO_R_EVO,SMCO_R,SMCO_R_EVO,Ackley,50,20,22.073093951668508,22.188633158409765,0.5234391109567286,20,0,0,100.0,1.9073486328125e-06,1
current-to-best1bin,SMCO_R_vs_SMCO_R_EVO,SMCO_R,SMCO_R_EVO,Ackley,500,5,21.94761009790387,22.1432472958291,0.8913826929334514,5,0,0,100.0,0.0625,0
current-to-best1bin,SMCO_R_vs_SMCO_R_EVO,SMCO_R,SMCO_R_EVO,Ackley,5000,2,21.72570270016472,22.112141453355903,1.7787169350718053,2,0,0,100.0,nan,0
current-to-best1bin,SMCO_R_vs_SMCO_R_EVO,SMCO_R,SMCO_R_EVO,Griewank,100,15,8565.920689918476,8568.602155483679,0.031303880368157434,10,5,0,66.66666666666666,0.05535888671875,0
current-to-best1bin,SMCO_R_vs_SMCO_R_EVO,SMCO_R,SMCO_R_EVO,Griewank,200,10,16732.057540605165,16723.826077770987,-0.049195759781493376,2,8,0,20.0,0.064453125,0
current-to-best1bin,SMCO_R_vs_SMCO_R_EVO,SMCO_R,SMCO_R_EVO,Griewank,50,20,4332.10767341113,4330.996752577502,-0.02564388785733074,7,13,0,35.0,0.058258056640625,0
current-to-best1bin,SMCO_R_vs_SMCO_R_EVO,SMCO_R,SMCO_R_EVO,Rastrigin,100,15,3268.939245656806,3269.6019230890042,0.020271940908002547,5,10,0,33.33333333333333,0.846923828125,0
current-to-best1bin,SMCO_R_vs_SMCO_R_EVO,SMCO_R,SMCO_R_EVO,Rastrigin,1000,5,29138.03230207167,29138.02210024288,-3.501207180011239e-05,2,3,0,40.0,1.0,0
current-to-best1bin,SMCO_R_vs_SMCO_R_EVO,SMCO_R,SMCO_R_EVO,Rastrigin,200,10,6344.19993499377,6344.197927569635,-3.164188006819824e-05,4,6,0,40.0,0.845703125,0
current-to-best1bin,SMCO_R_vs_SMCO_R_EVO,SMCO_R,SMCO_R_EVO,Rastrigin,2000,3,57929.57599256033,57943.735655981036,0.024442891524922322,3,0,0,100.0,nan,0
current-to-best1bin,SMCO_R_vs_SMCO_R_EVO,SMCO_R,SMCO_R_EVO,Rastrigin,3000,2,86068.11548491748,86094.5555976759,0.030719985687453804,2,0,0,100.0,nan,0
current-to-best1bin,SMCO_R_vs_SMCO_R_EVO,SMCO_R,SMCO_R_EVO,Rastrigin,4000,2,114374.76422763668,114380.51305935602,0.00502631131802202,2,0,0,100.0,nan,0
current-to-best1bin,SMCO_R_vs_SMCO_R_EVO,SMCO_R,SMCO_R_EVO,Rastrigin,50,20,1711.4007428417149,1712.1992136185731,0.04665597933143564,9,11,0,45.0,0.7841262817382812,0
current-to-best1bin,SMCO_R_vs_SMCO_R_EVO,SMCO_R,SMCO_R_EVO,Rastrigin,500,5,14794.53924205436,14794.53721475739,-1.3703008491810832e-05,3,2,0,60.0,1.0,0
current-to-best1bin,SMCO_R_vs_SMCO_R_EVO,SMCO_R,SMCO_R_EVO,Rastrigin,5000,2,142512.25069086358,142540.83638789976,0.02005841385396837,2,0,0,100.0,nan,0
current-to-best1bin,SMCO_R_vs_SMCO_R_EVO,SMCO_R,SMCO_R_EVO,Rosenbrock,100,15,52616803.95826252,52615451.99542574,-0.002569450698396805,7,8,0,46.666666666666664,0.846923828125,0
current-to-best1bin,SMCO_R_vs_SMCO_R_EVO,SMCO_R,SMCO_R_EVO,Rosenbrock,1000,5,422712947.9742657,422659750.85499537,-0.012584691224921571,2,3,0,40.0,0.625,0
current-to-best1bin,SMCO_R_vs_SMCO_R_EVO,SMCO_R,SMCO_R_EVO,Rosenbrock,200,10,98101461.91474606,98481818.87810409,0.3877179360370537,5,5,0,50.0,0.431640625,0
current-to-best1bin,SMCO_R_vs_SMCO_R_EVO,SMCO_R,SMCO_R_EVO,Rosenbrock,2000,3,775822748.1332974,775870948.4175621,0.006212795948643959,2,1,0,66.66666666666666,nan,0
current-to-best1bin,SMCO_R_vs_SMCO_R_EVO,SMCO_R,SMCO_R_EVO,Rosenbrock,3000,2,1094303115.940483,1110555709.568077,1.4852003426514908,2,0,0,100.0,nan,0
current-to-best1bin,SMCO_R_vs_SMCO_R_EVO,SMCO_R,SMCO_R_EVO,Rosenbrock,4000,2,1399385030.0219135,1433132239.4677372,2.411574278831267,2,0,0,100.0,nan,0
current-to-best1bin,SMCO_R_vs_SMCO_R_EVO,SMCO_R,SMCO_R_EVO,Rosenbrock,50,20,27764812.00991679,27768828.65318396,0.01446666833449103,10,10,0,50.0,0.956329345703125,0
current-to-best1bin,SMCO_R_vs_SMCO_R_EVO,SMCO_R,SMCO_R_EVO,Rosenbrock,500,5,226905423.53129023,227000486.48482817,0.041895408253576544,5,0,0,100.0,0.0625,0
current-to-best1bin,SMCO_R_vs_SMCO_R_EVO,SMCO_R,SMCO_R_EVO,Rosenbrock,5000,2,1699574361.5793362,1767633840.916448,4.004501413746169,2,0,0,100.0,nan,0
current-to-best1bin,SMCO_R_vs_SMCO_R_EVO,SMCO_R,SMCO_R_EVO,Zakharov,100,15,3.507362018341597e+17,3.519512055367801e+17,0.3464152534772878,15,0,0,100.0,6.103515625e-05,1
current-to-best1bin,SMCO_R_vs_SMCO_R_EVO,SMCO_R,SMCO_R_EVO,Zakharov,200,10,8.126408086905999e+19,8.182450588926933e+19,0.6896343553215791,10,0,0,100.0,0.001953125,1
current-to-best1bin,SMCO_R_vs_SMCO_R_EVO,SMCO_R,SMCO_R_EVO,Zakharov,50,20,1472185536847872.8,1481998819953021.5,0.6665792360764646,20,0,0,100.0,1.9073486328125e-06,1
current-to-best1bin,SMCO_R_vs_SMCO_R_EVO,SMCO_R,SMCO_R_EVO,Zakharov,500,5,1.0966824087560668e+23,1.098959045083418e+23,0.20759303779966243,3,2,0,60.0,0.3125,0
current-to-best1bin,SMCO_BR_vs_SMCO_BR_EVO,SMCO_BR,SMCO_BR_EVO,Ackley,100,15,22.034128689829085,22.1844646372467,0.6822867812649552,15,0,0,100.0,6.103515625e-05,1
current-to-best1bin,SMCO_BR_vs_SMCO_BR_EVO,SMCO_BR,SMCO_BR_EVO,Ackley,1000,5,21.941297712620617,22.15998727312036,0.9967029451223106,5,0,0,100.0,0.0625,0
current-to-best1bin,SMCO_BR_vs_SMCO_BR_EVO,SMCO_BR,SMCO_BR_EVO,Ackley,200,10,21.972329805821822,22.187228125557585,0.9780406612994823,10,0,0,100.0,0.001953125,1
current-to-best1bin,SMCO_BR_vs_SMCO_BR_EVO,SMCO_BR,SMCO_BR_EVO,Ackley,2000,3,21.921569244123116,22.15386391177425,1.0596625864884528,3,0,0,100.0,nan,0
current-to-best1bin,SMCO_BR_vs_SMCO_BR_EVO,SMCO_BR,SMCO_BR_EVO,Ackley,3000,2,21.90992625267647,22.149006089907154,1.0911941668515557,2,0,0,100.0,nan,0
current-to-best1bin,SMCO_BR_vs_SMCO_BR_EVO,SMCO_BR,SMCO_BR_EVO,Ackley,4000,2,21.90941466516003,22.140270553761873,1.0536835060634806,2,0,0,100.0,nan,0
current-to-best1bin,SMCO_BR_vs_SMCO_BR_EVO,SMCO_BR,SMCO_BR_EVO,Ackley,50,20,22.069994570511763,22.18122964385055,0.5040104245762259,20,0,0,100.0,1.9073486328125e-06,1
current-to-best1bin,SMCO_BR_vs_SMCO_BR_EVO,SMCO_BR,SMCO_BR_EVO,Ackley,500,5,21.947773314504367,22.161660407780513,0.9745275304752514,5,0,0,100.0,0.0625,0
current-to-best1bin,SMCO_BR_vs_SMCO_BR_EVO,SMCO_BR,SMCO_BR_EVO,Ackley,5000,2,21.912597619812423,22.15204416815449,1.0927346565501153,2,0,0,100.0,nan,0
current-to-best1bin,SMCO_BR_vs_SMCO_BR_EVO,SMCO_BR,SMCO_BR_EVO,Griewank,100,15,8146.543018494601,8149.5389890726765,0.036775974438164945,11,4,0,73.33333333333333,0.10699462890625,0
current-to-best1bin,SMCO_BR_vs_SMCO_BR_EVO,SMCO_BR,SMCO_BR_EVO,Griewank,200,10,15582.821648537065,15579.361840127973,-0.022202708130314504,7,3,0,70.0,1.0,0
current-to-best1bin,SMCO_BR_vs_SMCO_BR_EVO,SMCO_BR,SMCO_BR_EVO,Griewank,50,20,4161.670565996322,4160.105177307595,-0.03761443064515872,9,11,0,45.0,0.15364646911621094,0
current-to-best1bin,SMCO_BR_vs_SMCO_BR_EVO,SMCO_BR,SMCO_BR_EVO,Rastrigin,100,15,3259.3106226103496,3261.2838911405443,0.06054251216517381,9,6,0,60.0,0.30279541015625,0
current-to-best1bin,SMCO_BR_vs_SMCO_BR_EVO,SMCO_BR,SMCO_BR_EVO,Rastrigin,1000,5,29126.310254371823,29125.55358527581,-0.0025978886079415834,3,2,0,60.0,0.8125,0
current-to-best1bin,SMCO_BR_vs_SMCO_BR_EVO,SMCO_BR,SMCO_BR_EVO,Rastrigin,200,10,6336.63125564698,6336.711421792165,0.0012651224594087279,7,3,0,70.0,0.76953125,0
current-to-best1bin,SMCO_BR_vs_SMCO_BR_EVO,SMCO_BR,SMCO_BR_EVO,Rastrigin,2000,3,57911.78566871155,57911.57064659148,-0.00037129250564273234,1,2,0,33.33333333333333,nan,0
current-to-best1bin,SMCO_BR_vs_SMCO_BR_EVO,SMCO_BR,SMCO_BR_EVO,Rastrigin,3000,2,86027.36301720096,86031.64588793849,0.004978498221169264,2,0,0,100.0,nan,0
current-to-best1bin,SMCO_BR_vs_SMCO_BR_EVO,SMCO_BR,SMCO_BR_EVO,Rastrigin,4000,2,114314.06385418148,114319.86604742098,0.00507566002280574,1,1,0,50.0,nan,0
current-to-best1bin,SMCO_BR_vs_SMCO_BR_EVO,SMCO_BR,SMCO_BR_EVO,Rastrigin,50,20,1713.6892572955308,1712.8256597242357,-0.05039405876056684,10,10,0,50.0,0.9272785186767578,0
current-to-best1bin,SMCO_BR_vs_SMCO_BR_EVO,SMCO_BR,SMCO_BR_EVO,Rastrigin,500,5,14784.424196097865,14784.72336393406,0.0020235339045064893,2,3,0,40.0,0.8125,0
current-to-best1bin,SMCO_BR_vs_SMCO_BR_EVO,SMCO_BR,SMCO_BR_EVO,Rastrigin,5000,2,142460.14573842997,142458.4895438425,-0.0011625669613674905,1,1,0,50.0,nan,0
current-to-best1bin,SMCO_BR_vs_SMCO_BR_EVO,SMCO_BR,SMCO_BR_EVO,Rosenbrock,100,15,47986687.78786815,48026755.33157219,0.08349720631097632,7,8,0,46.666666666666664,0.803955078125,0
current-to-best1bin,SMCO_BR_vs_SMCO_BR_EVO,SMCO_BR,SMCO_BR_EVO,Rosenbrock,1000,5,348193067.76848793,361314025.7828686,3.7682996098890635,5,0,0,100.0,0.0625,0
current-to-best1bin,SMCO_BR_vs_SMCO_BR_EVO,SMCO_BR,SMCO_BR_EVO,Rosenbrock,200,10,87336134.89183861,88751492.55925763,1.6205865638224835,9,1,0,90.0,0.009765625,1
current-to-best1bin,SMCO_BR_vs_SMCO_BR_EVO,SMCO_BR,SMCO_BR_EVO,Rosenbrock,2000,3,618155929.2741712,667858608.950692,8.040476087462416,3,0,0,100.0,nan,0
current-to-best1bin,SMCO_BR_vs_SMCO_BR_EVO,SMCO_BR,SMCO_BR_EVO,Rosenbrock,3000,2,859724697.6735848,928660317.1534901,8.0183365287103,2,0,0,100.0,nan,0
current-to-best1bin,SMCO_BR_vs_SMCO_BR_EVO,SMCO_BR,SMCO_BR_EVO,Rosenbrock,4000,2,1091605069.4387069,1239822826.0694354,13.577965216572387,2,0,0,100.0,nan,0
current-to-best1bin,SMCO_BR_vs_SMCO_BR_EVO,SMCO_BR,SMCO_BR_EVO,Rosenbrock,50,20,25826421.53841371,25824113.64158541,-0.008936185080339259,9,11,0,45.0,0.5705966949462891,0
current-to-best1bin,SMCO_BR_vs_SMCO_BR_EVO,SMCO_BR,SMCO_BR_EVO,Rosenbrock,500,5,194451615.14885083,198440396.8431847,2.051297795228138,5,0,0,100.0,0.0625,0
current-to-best1bin,SMCO_BR_vs_SMCO_BR_EVO,SMCO_BR,SMCO_BR_EVO,Rosenbrock,5000,2,1318276891.8457017,1529914988.3765254,16.05414597190671,2,0,0,100.0,nan,0
current-to-best1bin,SMCO_BR_vs_SMCO_BR_EVO,SMCO_BR,SMCO_BR_EVO,Zakharov,100,15,3.007640369869115e+17,3.043287825154569e+17,1.1852299777119089,15,0,0,100.0,6.103515625e-05,1
current-to-best1bin,SMCO_BR_vs_SMCO_BR_EVO,SMCO_BR,SMCO_BR_EVO,Zakharov,200,10,6.463198018702149e+19,6.5618726300327985e+19,1.5267149644049398,10,0,0,100.0,0.001953125,1
current-to-best1bin,SMCO_BR_vs_SMCO_BR_EVO,SMCO_BR,SMCO_BR_EVO,Zakharov,50,20,1302651618260598.8,1321579327789853.5,1.4530139343417463,20,0,0,100.0,1.9073486328125e-06,1
current-to-best1bin,SMCO_BR_vs_SMCO_BR_EVO,SMCO_BR,SMCO_BR_EVO,Zakharov,500,5,7.947977905345289e+22,8.054490557151366e+22,1.3401226459681497,5,0,0,100.0,0.0625,0
rand1bin,SMCO_vs_SMCO_EVO,SMCO,SMCO_EVO,Ackley,100,15,21.535213676492056,22.14788470029005,2.844973042764782,15,0,0,100.0,6.103515625e-05,1
rand1bin,SMCO_vs_SMCO_EVO,SMCO,SMCO_EVO,Ackley,1000,5,21.356747941768013,22.11808487114355,3.5648542158732393,5,0,0,100.0,0.0625,0
rand1bin,SMCO_vs_SMCO_EVO,SMCO,SMCO_EVO,Ackley,200,10,21.418222373910474,22.11989292319844,3.2760447484319193,10,0,0,100.0,0.001953125,1
rand1bin,SMCO_vs_SMCO_EVO,SMCO,SMCO_EVO,Ackley,2000,3,21.412231167680464,22.115831469475065,3.2859737795873087,3,0,0,100.0,nan,0
rand1bin,SMCO_vs_SMCO_EVO,SMCO,SMCO_EVO,Ackley,3000,2,21.532214189963604,22.086193578036344,2.5727934117010407,2,0,0,100.0,nan,0
rand1bin,SMCO_vs_SMCO_EVO,SMCO,SMCO_EVO,Ackley,4000,2,21.664995317854874,22.105049083661097,2.0311740637375495,2,0,0,100.0,nan,0
rand1bin,SMCO_vs_SMCO_EVO,SMCO,SMCO_EVO,Ackley,50,20,21.636996277748196,22.161752258880856,2.4252718556518267,20,0,0,100.0,1.9073486328125e-06,1
rand1bin,SMCO_vs_SMCO_EVO,SMCO,SMCO_EVO,Ackley,500,5,21.367733334983296,22.1089496723529,3.4688580475500554,5,0,0,100.0,0.0625,0
rand1bin,SMCO_vs_SMCO_EVO,SMCO,SMCO_EVO,Ackley,5000,2,21.697044955860562,22.11147899382847,1.910094387558365,2,0,0,100.0,nan,0
rand1bin,SMCO_vs_SMCO_EVO,SMCO,SMCO_EVO,Griewank,100,15,8740.096300027286,8741.118463550123,0.011695105954771079,8,7,0,53.333333333333336,0.389404296875,0
rand1bin,SMCO_vs_SMCO_EVO,SMCO,SMCO_EVO,Griewank,200,10,17226.592423761675,17224.570127769693,-0.011739384912779427,5,5,0,50.0,0.625,0
rand1bin,SMCO_vs_SMCO_EVO,SMCO,SMCO_EVO,Griewank,50,20,4400.892005055721,4400.65907896001,-0.005292701921400708,11,9,0,55.00000000000001,0.5705966949462891,0
rand1bin,SMCO_vs_SMCO_EVO,SMCO,SMCO_EVO,Rastrigin,100,15,3268.528225672207,3261.5339802891676,-0.21398760849314769,2,13,0,13.333333333333334,0.01025390625,1
rand1bin,SMCO_vs_SMCO_EVO,SMCO,SMCO_EVO,Rastrigin,1000,5,29109.966169755517,29110.286556162835,0.0011006072815409544,3,2,0,60.0,0.625,0
rand1bin,SMCO_vs_SMCO_EVO,SMCO,SMCO_EVO,Rastrigin,200,10,6337.6980985074515,6337.617591544433,-0.0012702871258204293,4,6,0,40.0,0.4921875,0
rand1bin,SMCO_vs_SMCO_EVO,SMCO,SMCO_EVO,Rastrigin,2000,3,57881.35493030282,57883.78753974486,0.00420275137817453,2,1,0,66.66666666666666,nan,0
rand1bin,SMCO_vs_SMCO_EVO,SMCO,SMCO_EVO,Rastrigin,3000,2,86021.13959544411,86027.41694922576,0.007297454801431467,1,1,0,50.0,nan,0
rand1bin,SMCO_vs_SMCO_EVO,SMCO,SMCO_EVO,Rastrigin,4000,2,114310.4567734591,114316.99141115976,0.005716570369073786,2,0,0,100.0,nan,0
rand1bin,SMCO_vs_SMCO_EVO,SMCO,SMCO_EVO,Rastrigin,50,20,1711.6274719223056,1713.471725245879,0.10774852319366877,11,9,0,55.00000000000001,0.7561664581298828,0
rand1bin,SMCO_vs_SMCO_EVO,SMCO,SMCO_EVO,Rastrigin,500,5,14779.85184274863,14779.580012106691,-0.0018391973399422064,3,2,0,60.0,0.8125,0
rand1bin,SMCO_vs_SMCO_EVO,SMCO,SMCO_EVO,Rastrigin,5000,2,142458.32504618834,142431.5465032895,-0.018797457354756228,0,2,0,0.0,nan,0
rand1bin,SMCO_vs_SMCO_EVO,SMCO,SMCO_EVO,Rosenbrock,100,15,54630111.708190724,54636047.608281635,0.010865619537110559,8,7,0,53.333333333333336,0.7197265625,0
rand1bin,SMCO_vs_SMCO_EVO,SMCO,SMCO_EVO,Rosenbrock,1000,5,463389064.8849098,463431517.42857647,0.009161317537176791,4,1,0,80.0,0.4375,0
rand1bin,SMCO_vs_SMCO_EVO,SMCO,SMCO_EVO,Rosenbrock,200,10,103124528.56873003,103132153.02411373,0.007393445079966205,5,5,0,50.0,0.6953125,0
rand1bin,SMCO_vs_SMCO_EVO,SMCO,SMCO_EVO,Rosenbrock,2000,3,869247612.9724323,869043776.6301566,-0.02344974426545639,0,3,0,0.0,nan,0
rand1bin,SMCO_vs_SMCO_EVO,SMCO,SMCO_EVO,Rosenbrock,3000,2,1239722873.845387,1239484708.4143791,-0.019211183082322083,0,2,0,0.0,nan,0
rand1bin,SMCO_vs_SMCO_EVO,SMCO,SMCO_EVO,Rosenbrock,4000,2,1601610810.9908462,1601772804.8045106,0.010114430581560441,1,1,0,50.0,nan,0
rand1bin,SMCO_vs_SMCO_EVO,SMCO,SMCO_EVO,Rosenbrock,50,20,28590556.089247297,28834998.964027822,0.8549776856997116,17,3,0,85.0,6.29425048828125e-05,1
rand1bin,SMCO_vs_SMCO_EVO,SMCO,SMCO_EVO,Rosenbrock,500,5,243714058.24041504,243665078.33402482,-0.02009728398265111,1,4,0,20.0,0.4375,0
rand1bin,SMCO_vs_SMCO_EVO,SMCO,SMCO_EVO,Rosenbrock,5000,2,1953961917.8469486,1953822312.2048445,-0.0071447473376543055,1,1,0,50.0,nan,0
rand1bin,SMCO_vs_SMCO_EVO,SMCO,SMCO_EVO,Zakharov,100,15,3.726719113127506e+17,3.730718501511657e+17,0.10731660376718617,15,0,0,100.0,6.103515625e-05,1
rand1bin,SMCO_vs_SMCO_EVO,SMCO,SMCO_EVO,Zakharov,200,10,8.905104024024446e+19,8.927761864045684e+19,0.2544365563850979,10,0,0,100.0,0.001953125,1
rand1bin,SMCO_vs_SMCO_EVO,SMCO,SMCO_EVO,Zakharov,50,20,1544460382804846.5,1547305404807156.8,0.18420815671189272,18,2,0,90.0,0.0003223419189453125,1
rand1bin,SMCO_vs_SMCO_EVO,SMCO,SMCO_EVO,Zakharov,500,5,1.2530257290868337e+23,1.252860354262846e+23,-0.013198038966703952,2,3,0,40.0,0.8125,0
rand1bin,SMCO_R_vs_SMCO_R_EVO,SMCO_R,SMCO_R_EVO,Ackley,100,15,22.038464384055786,22.19577538249232,0.7138019949808575,15,0,0,100.0,6.103515625e-05,1
rand1bin,SMCO_R_vs_SMCO_R_EVO,SMCO_R,SMCO_R_EVO,Ackley,1000,5,21.949291370787886,22.178027911537946,1.0421135556771681,5,0,0,100.0,0.0625,0
rand1bin,SMCO_R_vs_SMCO_R_EVO,SMCO_R,SMCO_R_EVO,Ackley,200,10,21.953281028416214,22.17540888347349,1.0118207605038891,10,0,0,100.0,0.001953125,1
rand1bin,SMCO_R_vs_SMCO_R_EVO,SMCO_R,SMCO_R_EVO,Ackley,2000,3,21.90054567102072,22.177979438278655,1.2667892911227419,3,0,0,100.0,nan,0
rand1bin,SMCO_R_vs_SMCO_R_EVO,SMCO_R,SMCO_R_EVO,Ackley,3000,2,21.563667434577347,22.176596880481366,2.8424174494603194,2,0,0,100.0,nan,0
rand1bin,SMCO_R_vs_SMCO_R_EVO,SMCO_R,SMCO_R_EVO,Ackley,4000,2,21.696596470859426,22.14593543425402,2.071011294320286,2,0,0,100.0,nan,0
rand1bin,SMCO_R_vs_SMCO_R_EVO,SMCO_R,SMCO_R_EVO,Ackley,50,20,22.073093951668508,22.200242013243383,0.5760318959058472,20,0,0,100.0,1.9073486328125e-06,1
rand1bin,SMCO_R_vs_SMCO_R_EVO,SMCO_R,SMCO_R_EVO,Ackley,500,5,21.94761009790387,22.16470133872907,0.9891338503682231,5,0,0,100.0,0.0625,0
rand1bin,SMCO_R_vs_SMCO_R_EVO,SMCO_R,SMCO_R_EVO,Ackley,5000,2,21.72570270016472,22.152934041512637,1.9664788165617164,2,0,0,100.0,nan,0
rand1bin,SMCO_R_vs_SMCO_R_EVO,SMCO_R,SMCO_R_EVO,Griewank,100,15,8565.920689918476,8568.841352200292,0.034096303100890284,10,5,0,66.66666666666666,0.041259765625,1
rand1bin,SMCO_R_vs_SMCO_R_EVO,SMCO_R,SMCO_R_EVO,Griewank,200,10,16732.057540605165,16723.670490141812,-0.05012563722661576,2,8,0,20.0,0.064453125,0
rand1bin,SMCO_R_vs_SMCO_R_EVO,SMCO_R,SMCO_R_EVO,Griewank,50,20,4332.10767341113,4331.1985112902385,-0.02098660027477799,7,13,0,35.0,0.0758514404296875,0
rand1bin,SMCO_R_vs_SMCO_R_EVO,SMCO_R,SMCO_R_EVO,Rastrigin,100,15,3268.939245656806,3269.609149475543,0.02049300303230498,6,9,0,40.0,0.890380859375,0
rand1bin,SMCO_R_vs_SMCO_R_EVO,SMCO_R,SMCO_R_EVO,Rastrigin,1000,5,29138.03230207167,29138.036899599665,1.5778443602326747e-05,3,2,0,60.0,1.0,0
rand1bin,SMCO_R_vs_SMCO_R_EVO,SMCO_R,SMCO_R_EVO,Rastrigin,200,10,6344.19993499377,6344.20440790264,7.050390776210652e-05,6,4,0,60.0,0.556640625,0
rand1bin,SMCO_R_vs_SMCO_R_EVO,SMCO_R,SMCO_R_EVO,Rastrigin,2000,3,57929.57599256033,57944.88808556363,0.026432254579716274,3,0,0,100.0,nan,0
rand1bin,SMCO_R_vs_SMCO_R_EVO,SMCO_R,SMCO_R_EVO,Rastrigin,3000,2,86068.11548491748,86094.04443348976,0.030126079124885238,2,0,0,100.0,nan,0
rand1bin,SMCO_R_vs_SMCO_R_EVO,SMCO_R,SMCO_R_EVO,Rastrigin,4000,2,114374.76422763668,114388.86054100702,0.012324670975739058,2,0,0,100.0,nan,0
rand1bin,SMCO_R_vs_SMCO_R_EVO,SMCO_R,SMCO_R_EVO,Rastrigin,50,20,1711.4007428417149,1712.2016359836718,0.046797522164628964,9,11,0,45.0,0.8983173370361328,0
rand1bin,SMCO_R_vs_SMCO_R_EVO,SMCO_R,SMCO_R_EVO,Rastrigin,500,5,14794.53924205436,14794.55983702558,0.00013920657401323276,3,2,0,60.0,1.0,0
rand1bin,SMCO_R_vs_SMCO_R_EVO,SMCO_R,SMCO_R_EVO,Rastrigin,5000,2,142512.25069086358,142539.93391220184,0.01942515201609496,2,0,0,100.0,nan,0
rand1bin,SMCO_R_vs_SMCO_R_EVO,SMCO_R,SMCO_R_EVO,Rosenbrock,100,15,52616803.95826252,52699529.12167533,0.1572219465827492,9,6,0,60.0,0.207763671875,0
rand1bin,SMCO_R_vs_SMCO_R_EVO,SMCO_R,SMCO_R_EVO,Rosenbrock,1000,5,422712947.9742657,422691334.4917344,-0.005113040098460607,3,2,0,60.0,0.8125,0
rand1bin,SMCO_R_vs_SMCO_R_EVO,SMCO_R,SMCO_R_EVO,Rosenbrock,200,10,98101461.91474606,98068775.47649369,-0.0333190123922723,4,6,0,40.0,0.4921875,0
rand1bin,SMCO_R_vs_SMCO_R_EVO,SMCO_R,SMCO_R_EVO,Rosenbrock,2000,3,775822748.1332974,781450086.1351376,0.7253381027277197,3,0,0,100.0,nan,0
rand1bin,SMCO_R_vs_SMCO_R_EVO,SMCO_R,SMCO_R_EVO,Rosenbrock,3000,2,1094303115.940483,1096805777.1641424,0.22869908594826588,1,1,0,50.0,nan,0
rand1bin,SMCO_R_vs_SMCO_R_EVO,SMCO_R,SMCO_R_EVO,Rosenbrock,4000,2,1399385030.0219135,1458666064.155912,4.236220401262266,2,0,0,100.0,nan,0
rand1bin,SMCO_R_vs_SMCO_R_EVO,SMCO_R,SMCO_R_EVO,Rosenbrock,50,20,27764812.00991679,27998607.69056036,0.8420574955092965,17,3,0,85.0,4.76837158203125e-05,1
rand1bin,SMCO_R_vs_SMCO_R_EVO,SMCO_R,SMCO_R_EVO,Rosenbrock,500,5,226905423.53129023,227030141.56131354,0.05496476376912516,5,0,0,100.0,0.0625,0
rand1bin,SMCO_R_vs_SMCO_R_EVO,SMCO_R,SMCO_R_EVO,Rosenbrock,5000,2,1699574361.5793362,1763579913.2363734,3.765975358533877,2,0,0,100.0,nan,0
rand1bin,SMCO_R_vs_SMCO_R_EVO,SMCO_R,SMCO_R_EVO,Zakharov,100,15,3.507362018341597e+17,3.518469888496278e+17,0.3167015579399229,15,0,0,100.0,6.103515625e-05,1
rand1bin,SMCO_R_vs_SMCO_R_EVO,SMCO_R,SMCO_R_EVO,Zakharov,200,10,8.126408086905999e+19,8.148645008091346e+19,0.2736377615736195,8,2,0,80.0,0.013671875,1
rand1bin,SMCO_R_vs_SMCO_R_EVO,SMCO_R,SMCO_R_EVO,Zakharov,50,20,1472185536847872.8,1479474019474247.5,0.4950790809954751,20,0,0,100.0,1.9073486328125e-06,1
rand1bin,SMCO_R_vs_SMCO_R_EVO,SMCO_R,SMCO_R_EVO,Zakharov,500,5,1.0966824087560668e+23,1.1005364578881726e+23,0.35142800699040583,4,1,0,80.0,0.125,0
rand1bin,SMCO_BR_vs_SMCO_BR_EVO,SMCO_BR,SMCO_BR_EVO,Ackley,100,15,22.034128689829085,22.20386099384759,0.7703154792631045,15,0,0,100.0,6.103515625e-05,1
rand1bin,SMCO_BR_vs_SMCO_BR_EVO,SMCO_BR,SMCO_BR_EVO,Ackley,1000,5,21.941297712620617,22.1929794868774,1.147068772108303,5,0,0,100.0,0.0625,0
rand1bin,SMCO_BR_vs_SMCO_BR_EVO,SMCO_BR,SMCO_BR_EVO,Ackley,200,10,21.972329805821822,22.197534455156624,1.0249466093264812,10,0,0,100.0,0.001953125,1
rand1bin,SMCO_BR_vs_SMCO_BR_EVO,SMCO_BR,SMCO_BR_EVO,Ackley,2000,3,21.921569244123116,22.188212044925752,1.2163490571010067,3,0,0,100.0,nan,0
rand1bin,SMCO_BR_vs_SMCO_BR_EVO,SMCO_BR,SMCO_BR_EVO,Ackley,3000,2,21.90992625267647,22.177831256865552,1.2227563027801387,2,0,0,100.0,nan,0
rand1bin,SMCO_BR_vs_SMCO_BR_EVO,SMCO_BR,SMCO_BR_EVO,Ackley,4000,2,21.90941466516003,22.181003810305604,1.239600186934489,2,0,0,100.0,nan,0
rand1bin,SMCO_BR_vs_SMCO_BR_EVO,SMCO_BR,SMCO_BR_EVO,Ackley,50,20,22.069994570511763,22.211725991554353,0.6421905569109653,20,0,0,100.0,1.9073486328125e-06,1
rand1bin,SMCO_BR_vs_SMCO_BR_EVO,SMCO_BR,SMCO_BR_EVO,Ackley,500,5,21.947773314504367,22.18415327008472,1.0770111035552759,5,0,0,100.0,0.0625,0
rand1bin,SMCO_BR_vs_SMCO_BR_EVO,SMCO_BR,SMCO_BR_EVO,Ackley,5000,2,21.912597619812423,22.184909932388898,1.2427203625108387,2,0,0,100.0,nan,0
rand1bin,SMCO_BR_vs_SMCO_BR_EVO,SMCO_BR,SMCO_BR_EVO,Griewank,100,15,8146.543018494601,8149.343281343913,0.034373633613116746,11,4,0,73.33333333333333,0.12054443359375,0
rand1bin,SMCO_BR_vs_SMCO_BR_EVO,SMCO_BR,SMCO_BR_EVO,Griewank,200,10,15582.821648537065,15579.653692324453,-0.020329798312934615,7,3,0,70.0,1.0,0
rand1bin,SMCO_BR_vs_SMCO_BR_EVO,SMCO_BR,SMCO_BR_EVO,Griewank,50,20,4161.670565996322,4160.226366534248,-0.03470239749089952,9,11,0,45.0,0.26109886169433594,0
rand1bin,SMCO_BR_vs_SMCO_BR_EVO,SMCO_BR,SMCO_BR_EVO,Rastrigin,100,15,3259.3106226103496,3261.5056611485406,0.06734671199988518,9,6,0,60.0,0.22930908203125,0
rand1bin,SMCO_BR_vs_SMCO_BR_EVO,SMCO_BR,SMCO_BR_EVO,Rastrigin,1000,5,29126.310254371823,29126.299182316616,-3.8013930054240955e-05,2,3,0,40.0,1.0,0
rand1bin,SMCO_BR_vs_SMCO_BR_EVO,SMCO_BR,SMCO_BR_EVO,Rastrigin,200,10,6336.63125564698,6337.263046792132,0.009970457797879282,7,3,0,70.0,0.232421875,0
rand1bin,SMCO_BR_vs_SMCO_BR_EVO,SMCO_BR,SMCO_BR_EVO,Rastrigin,2000,3,57911.78566871155,57914.65963310521,0.004962658913860688,2,1,0,66.66666666666666,nan,0
rand1bin,SMCO_BR_vs_SMCO_BR_EVO,SMCO_BR,SMCO_BR_EVO,Rastrigin,3000,2,86027.36301720096,86030.44584423266,0.003583542402762368,2,0,0,100.0,nan,0
rand1bin,SMCO_BR_vs_SMCO_BR_EVO,SMCO_BR,SMCO_BR_EVO,Rastrigin,4000,2,114314.06385418148,114315.02117795529,0.0008374505651630823,1,1,0,50.0,nan,0
rand1bin,SMCO_BR_vs_SMCO_BR_EVO,SMCO_BR,SMCO_BR_EVO,Rastrigin,50,20,1713.6892572955308,1713.1417710463134,-0.031947813577440434,11,9,0,55.00000000000001,0.7561664581298828,0
rand1bin,SMCO_BR_vs_SMCO_BR_EVO,SMCO_BR,SMCO_BR_EVO,Rastrigin,500,5,14784.424196097865,14784.195515481697,-0.00154676714584957,3,2,0,60.0,1.0,0
rand1bin,SMCO_BR_vs_SMCO_BR_EVO,SMCO_BR,SMCO_BR_EVO,Rastrigin,5000,2,142460.14573842997,142458.56569411245,-0.0011091132255515081,1,1,0,50.0,nan,0
rand1bin,SMCO_BR_vs_SMCO_BR_EVO,SMCO_BR,SMCO_BR_EVO,Rosenbrock,100,15,47986687.78786815,48148821.41426232,0.33787209300817317,11,4,0,73.33333333333333,0.05535888671875,0
rand1bin,SMCO_BR_vs_SMCO_BR_EVO,SMCO_BR,SMCO_BR_EVO,Rosenbrock,1000,5,348193067.76848793,367745225.4843525,5.615320787737436,5,0,0,100.0,0.0625,0
rand1bin,SMCO_BR_vs_SMCO_BR_EVO,SMCO_BR,SMCO_BR_EVO,Rosenbrock,200,10,87336134.89183861,87656387.0616571,0.36668919481622,9,1,0,90.0,0.048828125,1
rand1bin,SMCO_BR_vs_SMCO_BR_EVO,SMCO_BR,SMCO_BR_EVO,Rosenbrock,2000,3,618155929.2741712,681642200.328956,10.270268074485564,3,0,0,100.0,nan,0
rand1bin,SMCO_BR_vs_SMCO_BR_EVO,SMCO_BR,SMCO_BR_EVO,Rosenbrock,3000,2,859724697.6735848,984001031.0391653,14.455363874257912,2,0,0,100.0,nan,0
rand1bin,SMCO_BR_vs_SMCO_BR_EVO,SMCO_BR,SMCO_BR_EVO,Rosenbrock,4000,2,1091605069.4387069,1284332464.5678978,17.65541408013885,2,0,0,100.0,nan,0
rand1bin,SMCO_BR_vs_SMCO_BR_EVO,SMCO_BR,SMCO_BR_EVO,Rosenbrock,50,20,25826421.53841371,26245254.527442556,1.621722887183116,19,1,0,95.0,3.814697265625e-06,1
rand1bin,SMCO_BR_vs_SMCO_BR_EVO,SMCO_BR,SMCO_BR_EVO,Rosenbrock,500,5,194451615.14885083,201857043.123427,3.8083653709471075,4,1,0,80.0,0.125,0
rand1bin,SMCO_BR_vs_SMCO_BR_EVO,SMCO_BR,SMCO_BR_EVO,Rosenbrock,5000,2,1318276891.8457017,1571387343.601668,19.200097742864145,2,0,0,100.0,nan,0
rand1bin,SMCO_BR_vs_SMCO_BR_EVO,SMCO_BR,SMCO_BR_EVO,Zakharov,100,15,3.007640369869115e+17,3.0262312051554906e+17,0.6181202870070768,15,0,0,100.0,6.103515625e-05,1
rand1bin,SMCO_BR_vs_SMCO_BR_EVO,SMCO_BR,SMCO_BR_EVO,Zakharov,200,10,6.463198018702149e+19,6.520086193040036e+19,0.8801861582033057,10,0,0,100.0,0.001953125,1
rand1bin,SMCO_BR_vs_SMCO_BR_EVO,SMCO_BR,SMCO_BR_EVO,Zakharov,50,20,1302651618260598.8,1321042363222150.5,1.4117930461030321,20,0,0,100.0,1.9073486328125e-06,1
rand1bin,SMCO_BR_vs_SMCO_BR_EVO,SMCO_BR,SMCO_BR_EVO,Zakharov,500,5,7.947977905345289e+22,7.98763530022454e+22,0.4989620674785829,3,2,0,60.0,0.3125,0
sobol,SMCO_vs_SMCO_EVO,SMCO,SMCO_EVO,Ackley,100,15,21.535213676492056,21.954805245776093,1.9483975203926835,15,0,0,100.0,6.103515625e-05,1
sobol,SMCO_vs_SMCO_EVO,SMCO,SMCO_EVO,Ackley,1000,5,21.356747941768013,21.897164392188305,2.5304248188619747,5,0,0,100.0,0.0625,0
sobol,SMCO_vs_SMCO_EVO,SMCO,SMCO_EVO,Ackley,200,10,21.418222373910474,21.924710407115896,2.364752892949577,10,0,0,100.0,0.001953125,1
sobol,SMCO_vs_SMCO_EVO,SMCO,SMCO_EVO,Ackley,2000,3,21.412231167680464,21.88740662555111,2.2191776940456167,3,0,0,100.0,nan,0
sobol,SMCO_vs_SMCO_EVO,SMCO,SMCO_EVO,Ackley,3000,2,21.532214189963604,21.879182063349567,1.6113896616711592,2,0,0,100.0,nan,0
sobol,SMCO_vs_SMCO_EVO,SMCO,SMCO_EVO,Ackley,4000,2,21.664995317854874,21.892276107563664,1.0490691845267994,2,0,0,100.0,nan,0
sobol,SMCO_vs_SMCO_EVO,SMCO,SMCO_EVO,Ackley,50,20,21.636996277748196,21.97752662828942,1.5738337529383966,20,0,0,100.0,1.9073486328125e-06,1
sobol,SMCO_vs_SMCO_EVO,SMCO,SMCO_EVO,Ackley,500,5,21.367733334983296,21.90080949475208,2.4947716793902175,5,0,0,100.0,0.0625,0
sobol,SMCO_vs_SMCO_EVO,SMCO,SMCO_EVO,Ackley,5000,2,21.697044955860562,21.879627250224026,0.8415076556964332,2,0,0,100.0,nan,0
sobol,SMCO_vs_SMCO_EVO,SMCO,SMCO_EVO,Griewank,100,15,8740.096300027286,8741.086568282002,0.011330175557827577,8,7,0,53.333333333333336,0.389404296875,0
sobol,SMCO_vs_SMCO_EVO,SMCO,SMCO_EVO,Griewank,200,10,17226.592423761675,17224.01728074365,-0.014948650056132644,5,5,0,50.0,0.275390625,0
sobol,SMCO_vs_SMCO_EVO,SMCO,SMCO_EVO,Griewank,50,20,4400.892005055721,4400.689981855542,-0.004590505741713671,11,9,0,55.00000000000001,0.4523754119873047,0
sobol,SMCO_vs_SMCO_EVO,SMCO,SMCO_EVO,Rastrigin,100,15,3268.528225672207,3261.5427037359227,-0.21372071629724843,2,13,0,13.333333333333334,0.01025390625,1
sobol,SMCO_vs_SMCO_EVO,SMCO,SMCO_EVO,Rastrigin,1000,5,29109.966169755517,29110.274251319264,0.0010583370724345956,3,2,0,60.0,0.625,0
sobol,SMCO_vs_SMCO_EVO,SMCO,SMCO_EVO,Rastrigin,200,10,6337.6980985074515,6337.623829577928,-0.001171859693685735,5,5,0,50.0,0.76953125,0
sobol,SMCO_vs_SMCO_EVO,SMCO,SMCO_EVO,Rastrigin,2000,3,57881.35493030282,57882.646100563295,0.0022307187902405067,2,1,0,66.66666666666666,nan,0
sobol,SMCO_vs_SMCO_EVO,SMCO,SMCO_EVO,Rastrigin,3000,2,86021.13959544411,86027.19083698816,0.007034598207493051,1,1,0,50.0,nan,0
sobol,SMCO_vs_SMCO_EVO,SMCO,SMCO_EVO,Rastrigin,4000,2,114310.4567734591,114305.59268591848,-0.004255155370651995,0,2,0,0.0,nan,0
sobol,SMCO_vs_SMCO_EVO,SMCO,SMCO_EVO,Rastrigin,50,20,1711.6274719223056,1713.4903609439014,0.1088372938711678,10,10,0,50.0,0.7285060882568359,0
sobol,SMCO_vs_SMCO_EVO,SMCO,SMCO_EVO,Rastrigin,500,5,14779.85184274863,14779.988411030416,0.0009240165817494764,2,3,0,40.0,1.0,0
sobol,SMCO_vs_SMCO_EVO,SMCO,SMCO_EVO,Rastrigin,5000,2,142458.32504618834,142433.69305262546,-0.017290666273732373,0,2,0,0.0,nan,0
sobol,SMCO_vs_SMCO_EVO,SMCO,SMCO_EVO,Rosenbrock,100,15,54630111.708190724,54642365.27886496,0.022430067029125172,9,6,0,60.0,0.33026123046875,0
sobol,SMCO_vs_SMCO_EVO,SMCO,SMCO_EVO,Rosenbrock,1000,5,463389064.8849098,463390623.2464468,0.0003362965712984012,3,2,0,60.0,0.8125,0
sobol,SMCO_vs_SMCO_EVO,SMCO,SMCO_EVO,Rosenbrock,200,10,103124528.56873003,103161790.56746574,0.036133012439302205,8,2,0,80.0,0.130859375,0
sobol,SMCO_vs_SMCO_EVO,SMCO,SMCO_EVO,Rosenbrock,2000,3,869247612.9724323,869118998.1604986,-0.014796107577889388,1,2,0,33.33333333333333,nan,0
sobol,SMCO_vs_SMCO_EVO,SMCO,SMCO_EVO,Rosenbrock,3000,2,1239722873.845387,1239270944.6241322,-0.03645405201349768,0,2,0,0.0,nan,0
sobol,SMCO_vs_SMCO_EVO,SMCO,SMCO_EVO,Rosenbrock,4000,2,1601610810.9908462,1601691257.611319,0.005022856983784921,1,1,0,50.0,nan,0
sobol,SMCO_vs_SMCO_EVO,SMCO,SMCO_EVO,Rosenbrock,50,20,28590556.089247297,28580814.58439665,-0.03407245672396017,6,14,0,30.0,0.2305126190185547,0
sobol,SMCO_vs_SMCO_EVO,SMCO,SMCO_EVO,Rosenbrock,500,5,243714058.24041504,243643057.98942876,-0.029132603797618808,2,3,0,40.0,0.3125,0
sobol,SMCO_vs_SMCO_EVO,SMCO,SMCO_EVO,Rosenbrock,5000,2,1953961917.8469486,1954076967.4365642,0.005888015962069283,1,1,0,50.0,nan,0
sobol,SMCO_vs_SMCO_EVO,SMCO,SMCO_EVO,Zakharov,100,15,3.726719113127506e+17,3.726256176222943e+17,-0.01242210347789528,4,11,0,26.666666666666668,0.5614013671875,0
sobol,SMCO_vs_SMCO_EVO,SMCO,SMCO_EVO,Zakharov,200,10,8.905104024024446e+19,8.907148913005376e+19,0.02296311166510576,7,3,0,70.0,0.275390625,0
sobol,SMCO_vs_SMCO_EVO,SMCO,SMCO_EVO,Zakharov,50,20,1544460382804846.5,1542792371747628.0,-0.10799960140054074,2,18,0,10.0,0.000209808349609375,1
sobol,SMCO_vs_SMCO_EVO,SMCO,SMCO_EVO,Zakharov,500,5,1.2530257290868337e+23,1.252906110152591e+23,-0.009546406866675104,2,3,0,40.0,0.625,0
sobol,SMCO_R_vs_SMCO_R_EVO,SMCO_R,SMCO_R_EVO,Ackley,100,15,22.038464384055786,22.044535445492144,0.027547570150808005,9,5,1,60.0,0.1094211588192293,0
sobol,SMCO_R_vs_SMCO_R_EVO,SMCO_R,SMCO_R_EVO,Ackley,1000,5,21.949291370787886,21.96176293308859,0.05681988584516102,5,0,0,100.0,0.0625,0
sobol,SMCO_R_vs_SMCO_R_EVO,SMCO_R,SMCO_R_EVO,Ackley,200,10,21.953281028416214,21.985677462094753,0.14756989461668601,10,0,0,100.0,0.001953125,1
sobol,SMCO_R_vs_SMCO_R_EVO,SMCO_R,SMCO_R_EVO,Ackley,2000,3,21.90054567102072,21.94555813762914,0.20553125609094192,3,0,0,100.0,nan,0
sobol,SMCO_R_vs_SMCO_R_EVO,SMCO_R,SMCO_R_EVO,Ackley,3000,2,21.563667434577347,21.93947284370111,1.7427713085630316,2,0,0,100.0,nan,0
sobol,SMCO_R_vs_SMCO_R_EVO,SMCO_R,SMCO_R_EVO,Ackley,4000,2,21.696596470859426,21.920824851229398,1.0334726032773478,2,0,0,100.0,nan,0
sobol,SMCO_R_vs_SMCO_R_EVO,SMCO_R,SMCO_R_EVO,Ackley,50,20,22.073093951668508,22.075298714792073,0.009988464364772218,12,7,1,60.0,0.17123878524909952,0
sobol,SMCO_R_vs_SMCO_R_EVO,SMCO_R,SMCO_R_EVO,Ackley,500,5,21.94761009790387,21.94876387186661,0.005256945779493338,3,2,0,60.0,0.625,0
sobol,SMCO_R_vs_SMCO_R_EVO,SMCO_R,SMCO_R_EVO,Ackley,5000,2,21.72570270016472,21.917239177362987,0.8816123457162733,2,0,0,100.0,nan,0
sobol,SMCO_R_vs_SMCO_R_EVO,SMCO_R,SMCO_R_EVO,Griewank,100,15,8565.920689918476,8568.88278303861,0.03457997368130479,11,4,0,73.33333333333333,0.02557373046875,1
sobol,SMCO_R_vs_SMCO_R_EVO,SMCO_R,SMCO_R_EVO,Griewank,200,10,16732.057540605165,16725.696456805395,-0.03801734355940624,3,7,0,30.0,0.193359375,0
sobol,SMCO_R_vs_SMCO_R_EVO,SMCO_R,SMCO_R_EVO,Griewank,50,20,4332.10767341113,4331.926942177353,-0.004171900779063215,10,10,0,50.0,0.6742229461669922,0
sobol,SMCO_R_vs_SMCO_R_EVO,SMCO_R,SMCO_R_EVO,Rastrigin,100,15,3268.939245656806,3269.6094024771432,0.020500742594939836,6,9,0,40.0,0.93408203125,0
sobol,SMCO_R_vs_SMCO_R_EVO,SMCO_R,SMCO_R_EVO,Rastrigin,1000,5,29138.03230207167,29137.99021096876,-0.00014445417066648455,1,4,0,20.0,0.125,0
sobol,SMCO_R_vs_SMCO_R_EVO,SMCO_R,SMCO_R_EVO,Rastrigin,200,10,6344.19993499377,6344.189812264756,-0.0001595587957042606,4,6,0,40.0,0.375,0
sobol,SMCO_R_vs_SMCO_R_EVO,SMCO_R,SMCO_R_EVO,Rastrigin,2000,3,57929.57599256033,57943.79006554603,0.02453681516248458,3,0,0,100.0,nan,0
sobol,SMCO_R_vs_SMCO_R_EVO,SMCO_R,SMCO_R_EVO,Rastrigin,3000,2,86068.11548491748,86092.23625254838,0.028025207122288547,2,0,0,100.0,nan,0
sobol,SMCO_R_vs_SMCO_R_EVO,SMCO_R,SMCO_R_EVO,Rastrigin,4000,2,114374.76422763668,114382.16282779281,0.0064687347826157945,2,0,0,100.0,nan,0
sobol,SMCO_R_vs_SMCO_R_EVO,SMCO_R,SMCO_R_EVO,Rastrigin,50,20,1711.4007428417149,1712.199669926243,0.0466826421496957,9,11,0,45.0,0.8408222198486328,0
sobol,SMCO_R_vs_SMCO_R_EVO,SMCO_R,SMCO_R_EVO,Rastrigin,500,5,14794.53924205436,14794.522483959812,-0.00011327216260679199,2,3,0,40.0,0.625,0
sobol,SMCO_R_vs_SMCO_R_EVO,SMCO_R,SMCO_R_EVO,Rastrigin,5000,2,142512.25069086358,142537.52309274464,0.017733494319639696,2,0,0,100.0,nan,0
sobol,SMCO_R_vs_SMCO_R_EVO,SMCO_R,SMCO_R_EVO,Rosenbrock,100,15,52616803.95826252,52599687.935977176,-0.03252957420013432,5,10,0,33.33333333333333,0.42120361328125,0
sobol,SMCO_R_vs_SMCO_R_EVO,SMCO_R,SMCO_R_EVO,Rosenbrock,1000,5,422712947.9742657,422669231.59769547,-0.010341858885497438,3,2,0,60.0,1.0,0
sobol,SMCO_R_vs_SMCO_R_EVO,SMCO_R,SMCO_R_EVO,Rosenbrock,200,10,98101461.91474606,98056452.7760003,-0.045880191657969,3,7,0,30.0,0.275390625,0
sobol,SMCO_R_vs_SMCO_R_EVO,SMCO_R,SMCO_R_EVO,Rosenbrock,2000,3,775822748.1332974,776076535.7725593,0.032712064691642354,2,1,0,66.66666666666666,nan,0
sobol,SMCO_R_vs_SMCO_R_EVO,SMCO_R,SMCO_R_EVO,Rosenbrock,3000,2,1094303115.940483,1094196173.155689,-0.009772683933389127,1,1,0,50.0,nan,0
sobol,SMCO_R_vs_SMCO_R_EVO,SMCO_R,SMCO_R_EVO,Rosenbrock,4000,2,1399385030.0219135,1399514464.6951823,0.009249396734418986,1,1,0,50.0,nan,0
sobol,SMCO_R_vs_SMCO_R_EVO,SMCO_R,SMCO_R_EVO,Rosenbrock,50,20,27764812.00991679,27724937.108590327,-0.14361668039466813,7,13,0,35.0,0.04844093322753906,1
sobol,SMCO_R_vs_SMCO_R_EVO,SMCO_R,SMCO_R_EVO,Rosenbrock,500,5,226905423.53129023,226988996.31012806,0.03683154749551641,5,0,0,100.0,0.0625,0
sobol,SMCO_R_vs_SMCO_R_EVO,SMCO_R,SMCO_R_EVO,Rosenbrock,5000,2,1699574361.5793362,1699732400.7509954,0.00929875004188535,1,1,0,50.0,nan,0
sobol,SMCO_R_vs_SMCO_R_EVO,SMCO_R,SMCO_R_EVO,Zakharov,100,15,3.507362018341597e+17,3.5052787329684006e+17,-0.059397500523233976,4,11,0,26.666666666666668,0.10699462890625,0
sobol,SMCO_R_vs_SMCO_R_EVO,SMCO_R,SMCO_R_EVO,Zakharov,200,10,8.126408086905999e+19,8.123722670750595e+19,-0.03304554886592569,3,7,0,30.0,0.232421875,0
sobol,SMCO_R_vs_SMCO_R_EVO,SMCO_R,SMCO_R_EVO,Zakharov,50,20,1472185536847872.8,1472665333633579.2,0.03259078245896933,11,9,0,55.00000000000001,0.15364646911621094,0
sobol,SMCO_R_vs_SMCO_R_EVO,SMCO_R,SMCO_R_EVO,Zakharov,500,5,1.0966824087560668e+23,1.0970032264928559e+23,0.029253477052942727,2,3,0,40.0,0.8125,0
sobol,SMCO_BR_vs_SMCO_BR_EVO,SMCO_BR,SMCO_BR_EVO,Ackley,100,15,22.034128689829085,22.03352600314452,-0.002735241738168056,8,7,0,53.333333333333336,0.7197265625,0
sobol,SMCO_BR_vs_SMCO_BR_EVO,SMCO_BR,SMCO_BR_EVO,Ackley,1000,5,21.941297712620617,21.940277777418867,-0.004648472552120188,2,3,0,40.0,1.0,0
sobol,SMCO_BR_vs_SMCO_BR_EVO,SMCO_BR,SMCO_BR_EVO,Ackley,200,10,21.972329805821822,21.97709027936711,0.02166576593087529,10,0,0,100.0,0.001953125,1
sobol,SMCO_BR_vs_SMCO_BR_EVO,SMCO_BR,SMCO_BR_EVO,Ackley,2000,3,21.921569244123116,21.922234039284636,0.003032607538794316,3,0,0,100.0,nan,0
sobol,SMCO_BR_vs_SMCO_BR_EVO,SMCO_BR,SMCO_BR_EVO,Ackley,3000,2,21.90992625267647,21.91459007869124,0.021286361081204002,2,0,0,100.0,nan,0
sobol,SMCO_BR_vs_SMCO_BR_EVO,SMCO_BR,SMCO_BR_EVO,Ackley,4000,2,21.90941466516003,21.928384262571953,0.08658194525885594,2,0,0,100.0,nan,0
sobol,SMCO_BR_vs_SMCO_BR_EVO,SMCO_BR,SMCO_BR_EVO,Ackley,50,20,22.069994570511763,22.07273105347012,0.012399110247242858,17,3,0,85.0,0.029575347900390625,1
sobol,SMCO_BR_vs_SMCO_BR_EVO,SMCO_BR,SMCO_BR_EVO,Ackley,500,5,21.947773314504367,21.96493899287028,0.07821148013483907,5,0,0,100.0,0.0625,0
sobol,SMCO_BR_vs_SMCO_BR_EVO,SMCO_BR,SMCO_BR_EVO,Ackley,5000,2,21.912597619812423,21.936770067208492,0.11031301635463354,2,0,0,100.0,nan,0
sobol,SMCO_BR_vs_SMCO_BR_EVO,SMCO_BR,SMCO_BR_EVO,Griewank,100,15,8146.543018494601,8151.741849932147,0.06381641176807373,12,3,0,80.0,0.00537109375,1
sobol,SMCO_BR_vs_SMCO_BR_EVO,SMCO_BR,SMCO_BR_EVO,Griewank,200,10,15582.821648537065,15580.618599428515,-0.014137677746934706,6,4,0,60.0,0.845703125,0
sobol,SMCO_BR_vs_SMCO_BR_EVO,SMCO_BR,SMCO_BR_EVO,Griewank,50,20,4161.670565996322,4161.4192680616925,-0.006038390849159645,9,11,0,45.0,0.6215133666992188,0
sobol,SMCO_BR_vs_SMCO_BR_EVO,SMCO_BR,SMCO_BR_EVO,Rastrigin,100,15,3259.3106226103496,3260.9297372052747,0.049676596753100793,9,6,0,60.0,0.48870849609375,0
sobol,SMCO_BR_vs_SMCO_BR_EVO,SMCO_BR,SMCO_BR_EVO,Rastrigin,1000,5,29126.310254371823,29126.721814035474,0.0014130168224427194,3,2,0,60.0,0.625,0
sobol,SMCO_BR_vs_SMCO_BR_EVO,SMCO_BR,SMCO_BR_EVO,Rastrigin,200,10,6336.63125564698,6337.235311425414,0.009532758875550208,5,5,0,50.0,0.375,0
sobol,SMCO_BR_vs_SMCO_BR_EVO,SMCO_BR,SMCO_BR_EVO,Rastrigin,2000,3,57911.78566871155,57912.088181982086,0.0005223690947254989,1,2,0,33.33333333333333,nan,0
sobol,SMCO_BR_vs_SMCO_BR_EVO,SMCO_BR,SMCO_BR_EVO,Rastrigin,3000,2,86027.36301720096,86022.92131761616,-0.005163124184002258,0,2,0,0.0,nan,0
sobol,SMCO_BR_vs_SMCO_BR_EVO,SMCO_BR,SMCO_BR_EVO,Rastrigin,4000,2,114314.06385418148,114318.86136905075,0.0041967844616071625,1,1,0,50.0,nan,0
sobol,SMCO_BR_vs_SMCO_BR_EVO,SMCO_BR,SMCO_BR_EVO,Rastrigin,50,20,1713.6892572955308,1713.224868855566,-0.02709875422208271,11,9,0,55.00000000000001,0.8123550415039062,0
sobol,SMCO_BR_vs_SMCO_BR_EVO,SMCO_BR,SMCO_BR_EVO,Rastrigin,500,5,14784.424196097865,14783.661394713059,-0.005159493360637496,1,4,0,20.0,0.3125,0
sobol,SMCO_BR_vs_SMCO_BR_EVO,SMCO_BR,SMCO_BR_EVO,Rastrigin,5000,2,142460.14573842997,142460.96411804718,0.0005744621507768696,1,1,0,50.0,nan,0
sobol,SMCO_BR_vs_SMCO_BR_EVO,SMCO_BR,SMCO_BR_EVO,Rosenbrock,100,15,47986687.78786815,47962537.3003713,-0.05032747332679737,5,10,0,33.33333333333333,0.389404296875,0
sobol,SMCO_BR_vs_SMCO_BR_EVO,SMCO_BR,SMCO_BR_EVO,Rosenbrock,1000,5,348193067.76848793,348019751.24023837,-0.04977598473178082,1,4,0,20.0,0.3125,0
sobol,SMCO_BR_vs_SMCO_BR_EVO,SMCO_BR,SMCO_BR_EVO,Rosenbrock,200,10,87336134.89183861,87256989.45341034,-0.0906216407747898,3,7,0,30.0,0.193359375,0
sobol,SMCO_BR_vs_SMCO_BR_EVO,SMCO_BR,SMCO_BR_EVO,Rosenbrock,2000,3,618155929.2741712,618377998.3766528,0.03592444753257541,3,0,0,100.0,nan,0
sobol,SMCO_BR_vs_SMCO_BR_EVO,SMCO_BR,SMCO_BR_EVO,Rosenbrock,3000,2,859724697.6735848,860040440.1750121,0.03672600104215827,2,0,0,100.0,nan,0
sobol,SMCO_BR_vs_SMCO_BR_EVO,SMCO_BR,SMCO_BR_EVO,Rosenbrock,4000,2,1091605069.4387069,1091360785.0485091,-0.022378458751878338,0,2,0,0.0,nan,0
sobol,SMCO_BR_vs_SMCO_BR_EVO,SMCO_BR,SMCO_BR_EVO,Rosenbrock,50,20,25826421.53841371,25777195.21691478,-0.19060449944918692,7,13,0,35.0,0.023950576782226562,1
sobol,SMCO_BR_vs_SMCO_BR_EVO,SMCO_BR,SMCO_BR_EVO,Rosenbrock,500,5,194451615.14885083,194307656.8873442,-0.07403294716601783,1,4,0,20.0,0.125,0
sobol,SMCO_BR_vs_SMCO_BR_EVO,SMCO_BR,SMCO_BR_EVO,Rosenbrock,5000,2,1318276891.8457017,1318443378.4286544,0.01262910576545434,1,1,0,50.0,nan,0
sobol,SMCO_BR_vs_SMCO_BR_EVO,SMCO_BR,SMCO_BR_EVO,Zakharov,100,15,3.007640369869115e+17,3.008164305279718e+17,0.01742014822821654,7,8,0,46.666666666666664,0.803955078125,0
sobol,SMCO_BR_vs_SMCO_BR_EVO,SMCO_BR,SMCO_BR_EVO,Zakharov,200,10,6.463198018702149e+19,6.463244383320888e+19,0.0007173634260428107,4,6,0,40.0,0.845703125,0
sobol,SMCO_BR_vs_SMCO_BR_EVO,SMCO_BR,SMCO_BR_EVO,Zakharov,50,20,1302651618260598.8,1302917253201241.2,0.020391863558822915,7,13,0,35.0,0.7841262817382812,0
sobol,SMCO_BR_vs_SMCO_BR_EVO,SMCO_BR,SMCO_BR_EVO,Zakharov,500,5,7.947977905345289e+22,7.951359634206635e+22,0.04254829217720178,3,2,0,60.0,1.0,0
