label,algo,baseline_strategy,strategy,baseline_gap,strategy_gap,gap_improvement_vs_baseline,winner
table1_Ackley_d2_max,SMCO_EVO,rand1bin,current-to-best1bin,0.1651281901597237,0.1711961015992678,-0.006067911439544105,rand1bin
table1_Ackley_d2_max,SMCO_EVO,rand1bin,best1bin,0.1651281901597237,0.1711961015992678,-0.006067911439544105,rand1bin
table1_Ackley_d2_max,SMCO_EVO,rand1bin,sobol,0.1651281901597237,0.1711961015992678,-0.006067911439544105,rand1bin
table1_Ackley_d2_max,SMCO_R_EVO,rand1bin,current-to-best1bin,0.10419231776717908,0.10449563284895191,-0.00030331508177283695,rand1bin
table1_Ackley_d2_max,SMCO_R_EVO,rand1bin,best1bin,0.10419231776717908,0.10449563284895191,-0.00030331508177283695,rand1bin
table1_Ackley_d2_max,SMCO_R_EVO,rand1bin,sobol,0.10419231776717908,0.10449563284895191,-0.00030331508177283695,rand1bin
table1_Ackley_d2_max,SMCO_BR_EVO,rand1bin,current-to-best1bin,0.09396648484839076,0.09859888044745801,-0.004632395599067252,rand1bin
table1_Ackley_d2_max,SMCO_BR_EVO,rand1bin,best1bin,0.09396648484839076,0.09859888044745801,-0.004632395599067252,rand1bin
table1_Ackley_d2_max,SMCO_BR_EVO,rand1bin,sobol,0.09396648484839076,0.09859888044745801,-0.004632395599067252,rand1bin
table1_Ackley_d2_min,SMCO_EVO,rand1bin,current-to-best1bin,0.033058970281130924,0.03159732185321061,0.0014616484279203132,current-to-best1bin
table1_Ackley_d2_min,SMCO_EVO,rand1bin,best1bin,0.033058970281130924,0.03159732185321061,0.0014616484279203132,best1bin
table1_Ackley_d2_min,SMCO_EVO,rand1bin,sobol,0.033058970281130924,0.03159732185321061,0.0014616484279203132,sobol
table1_Ackley_d2_min,SMCO_R_EVO,rand1bin,current-to-best1bin,0.03860527343145986,0.03954022249717131,-0.0009349490657114476,rand1bin
table1_Ackley_d2_min,SMCO_R_EVO,rand1bin,best1bin,0.03860527343145986,0.03954022249717131,-0.0009349490657114476,rand1bin
table1_Ackley_d2_min,SMCO_R_EVO,rand1bin,sobol,0.03860527343145986,0.03954022249717131,-0.0009349490657114476,rand1bin
table1_Ackley_d2_min,SMCO_BR_EVO,rand1bin,current-to-best1bin,0.04405389944286213,0.045226693680361904,-0.0011727942374997746,rand1bin
table1_Ackley_d2_min,SMCO_BR_EVO,rand1bin,best1bin,0.04405389944286213,0.045226693680361904,-0.0011727942374997746,rand1bin
table1_Ackley_d2_min,SMCO_BR_EVO,rand1bin,sobol,0.04405389944286213,0.045226693680361904,-0.0011727942374997746,rand1bin
table1_Griewank_d2_max,SMCO_EVO,rand1bin,current-to-best1bin,0.5016611768960786,0.49809086396587077,0.0035703129302078196,current-to-best1bin
table1_Griewank_d2_max,SMCO_EVO,rand1bin,best1bin,0.5016611768960786,0.49809086396587077,0.0035703129302078196,best1bin
table1_Griewank_d2_max,SMCO_EVO,rand1bin,sobol,0.5016611768960786,0.49809086396587077,0.0035703129302078196,sobol
table1_Griewank_d2_max,SMCO_R_EVO,rand1bin,current-to-best1bin,0.10421584568211983,0.1102310148021104,-0.00601516911999056,rand1bin
table1_Griewank_d2_max,SMCO_R_EVO,rand1bin,best1bin,0.10421584568211983,0.1102310148021104,-0.00601516911999056,rand1bin
table1_Griewank_d2_max,SMCO_R_EVO,rand1bin,sobol,0.10421584568211983,0.1102310148021104,-0.00601516911999056,rand1bin
table1_Griewank_d2_max,SMCO_BR_EVO,rand1bin,current-to-best1bin,0.1457886361273495,0.14395138244461236,0.0018372536827371277,current-to-best1bin
table1_Griewank_d2_max,SMCO_BR_EVO,rand1bin,best1bin,0.1457886361273495,0.14395138244461236,0.0018372536827371277,best1bin
table1_Griewank_d2_max,SMCO_BR_EVO,rand1bin,sobol,0.1457886361273495,0.14395138244461236,0.0018372536827371277,sobol
table1_Griewank_d2_min,SMCO_EVO,rand1bin,current-to-best1bin,0.012152078072715001,0.012860974633683915,-0.0007088965609689142,rand1bin
table1_Griewank_d2_min,SMCO_EVO,rand1bin,best1bin,0.012152078072715001,0.012860974633683915,-0.0007088965609689142,rand1bin
table1_Griewank_d2_min,SMCO_EVO,rand1bin,sobol,0.012152078072715001,0.012860974633683915,-0.0007088965609689142,rand1bin
table1_Griewank_d2_min,SMCO_R_EVO,rand1bin,current-to-best1bin,0.014653769122595833,0.01436117203989478,0.00029259708270105295,current-to-best1bin
table1_Griewank_d2_min,SMCO_R_EVO,rand1bin,best1bin,0.014653769122595833,0.01436117203989478,0.00029259708270105295,best1bin
table1_Griewank_d2_min,SMCO_R_EVO,rand1bin,sobol,0.014653769122595833,0.01436117203989478,0.00029259708270105295,sobol
table1_Griewank_d2_min,SMCO_BR_EVO,rand1bin,current-to-best1bin,0.026817928834341587,0.02528632502032005,0.0015316038140215371,current-to-best1bin
table1_Griewank_d2_min,SMCO_BR_EVO,rand1bin,best1bin,0.026817928834341587,0.02528632502032005,0.0015316038140215371,best1bin
table1_Griewank_d2_min,SMCO_BR_EVO,rand1bin,sobol,0.026817928834341587,0.02528632502032005,0.0015316038140215371,sobol
table1_Michalewicz_d2_max,SMCO_EVO,rand1bin,current-to-best1bin,2.767900776458986e-41,4.938746703491313e-39,-4.911067695726723e-39,rand1bin
table1_Michalewicz_d2_max,SMCO_EVO,rand1bin,best1bin,2.767900776458986e-41,4.938746703491313e-39,-4.911067695726723e-39,rand1bin
table1_Michalewicz_d2_max,SMCO_EVO,rand1bin,sobol,2.767900776458986e-41,4.938746703491313e-39,-4.911067695726723e-39,rand1bin
table1_Michalewicz_d2_max,SMCO_R_EVO,rand1bin,current-to-best1bin,1.025901394553262e-37,1.7005946322164117e-41,1.0257313350900404e-37,current-to-best1bin
table1_Michalewicz_d2_max,SMCO_R_EVO,rand1bin,best1bin,1.025901394553262e-37,1.7005946322164117e-41,1.0257313350900404e-37,best1bin
table1_Michalewicz_d2_max,SMCO_R_EVO,rand1bin,sobol,1.025901394553262e-37,1.7005946322164117e-41,1.0257313350900404e-37,sobol
table1_Michalewicz_d2_max,SMCO_BR_EVO,rand1bin,current-to-best1bin,4.193326252415732e-35,2.7409333520066233e-33,-2.699000089482466e-33,rand1bin
table1_Michalewicz_d2_max,SMCO_BR_EVO,rand1bin,best1bin,4.193326252415732e-35,2.7409333520066233e-33,-2.699000089482466e-33,rand1bin
table1_Michalewicz_d2_max,SMCO_BR_EVO,rand1bin,sobol,4.193326252415732e-35,2.7409333520066233e-33,-2.699000089482466e-33,rand1bin
table1_Michalewicz_d2_min,SMCO_EVO,rand1bin,current-to-best1bin,2.2757165927256295e-06,2.0658634498627038e-06,2.0985314286292578e-07,current-to-best1bin
table1_Michalewicz_d2_min,SMCO_EVO,rand1bin,best1bin,2.2757165927256295e-06,2.0658634498627038e-06,2.0985314286292578e-07,best1bin
table1_Michalewicz_d2_min,SMCO_EVO,rand1bin,sobol,2.2757165927256295e-06,2.0658634498627038e-06,2.0985314286292578e-07,sobol
table1_Michalewicz_d2_min,SMCO_R_EVO,rand1bin,current-to-best1bin,4.071649529979737e-06,4.544189867283777e-06,-4.725403373040393e-07,rand1bin
table1_Michalewicz_d2_min,SMCO_R_EVO,rand1bin,best1bin,4.071649529979737e-06,4.544189867283777e-06,-4.725403373040393e-07,rand1bin
table1_Michalewicz_d2_min,SMCO_R_EVO,rand1bin,sobol,4.071649529979737e-06,4.544189867283777e-06,-4.725403373040393e-07,rand1bin
table1_Michalewicz_d2_min,SMCO_BR_EVO,rand1bin,current-to-best1bin,5.403013679128321e-06,5.229449006938225e-06,1.735646721900963e-07,current-to-best1bin
table1_Michalewicz_d2_min,SMCO_BR_EVO,rand1bin,best1bin,5.403013679128321e-06,5.229449006938225e-06,1.735646721900963e-07,best1bin
table1_Michalewicz_d2_min,SMCO_BR_EVO,rand1bin,sobol,5.403013679128321e-06,5.229449006938225e-06,1.735646721900963e-07,sobol
table1_Rastrigin_d2_max,SMCO_EVO,rand1bin,current-to-best1bin,1.0286449157303394,0.8313029667578036,0.19734194897253587,current-to-best1bin
table1_Rastrigin_d2_max,SMCO_EVO,rand1bin,best1bin,1.0286449157303394,0.8313029667578036,0.19734194897253587,best1bin
table1_Rastrigin_d2_max,SMCO_EVO,rand1bin,sobol,1.0286449157303394,0.8313029667578036,0.19734194897253587,sobol
table1_Rastrigin_d2_max,SMCO_R_EVO,rand1bin,current-to-best1bin,0.7362784048767992,0.8889094855551605,-0.15263108067836129,rand1bin
table1_Rastrigin_d2_max,SMCO_R_EVO,rand1bin,best1bin,0.7362784048767992,0.8889094855551605,-0.15263108067836129,rand1bin
table1_Rastrigin_d2_max,SMCO_R_EVO,rand1bin,sobol,0.7362784048767992,0.8889094855551605,-0.15263108067836129,rand1bin
table1_Rastrigin_d2_max,SMCO_BR_EVO,rand1bin,current-to-best1bin,0.7286147602502098,0.9079285673074935,-0.17931380705728373,rand1bin
table1_Rastrigin_d2_max,SMCO_BR_EVO,rand1bin,best1bin,0.7286147602502098,0.9079285673074935,-0.17931380705728373,rand1bin
table1_Rastrigin_d2_max,SMCO_BR_EVO,rand1bin,sobol,0.7286147602502098,0.9079285673074935,-0.17931380705728373,rand1bin
table1_Rastrigin_d2_min,SMCO_EVO,rand1bin,current-to-best1bin,0.022612240548659592,0.016686439270163375,0.005925801278496217,current-to-best1bin
table1_Rastrigin_d2_min,SMCO_EVO,rand1bin,best1bin,0.022612240548659592,0.016686439270163375,0.005925801278496217,best1bin
table1_Rastrigin_d2_min,SMCO_EVO,rand1bin,sobol,0.022612240548659592,0.016686439270163375,0.005925801278496217,sobol
table1_Rastrigin_d2_min,SMCO_R_EVO,rand1bin,current-to-best1bin,0.01486070827394932,0.026719917183811424,-0.011859208909862104,rand1bin
table1_Rastrigin_d2_min,SMCO_R_EVO,rand1bin,best1bin,0.01486070827394932,0.026719917183811424,-0.011859208909862104,rand1bin
table1_Rastrigin_d2_min,SMCO_R_EVO,rand1bin,sobol,0.01486070827394932,0.026719917183811424,-0.011859208909862104,rand1bin
table1_Rastrigin_d2_min,SMCO_BR_EVO,rand1bin,current-to-best1bin,0.01527196543543571,0.013231884369643261,0.0020400810657924488,current-to-best1bin
table1_Rastrigin_d2_min,SMCO_BR_EVO,rand1bin,best1bin,0.01527196543543571,0.013231884369643261,0.0020400810657924488,best1bin
table1_Rastrigin_d2_min,SMCO_BR_EVO,rand1bin,sobol,0.01527196543543571,0.013231884369643261,0.0020400810657924488,sobol
table2_Ackley_d200_max,SMCO_EVO,rand1bin,current-to-best1bin,0.1743672801256757,0.16959731010688373,0.00476997001879198,current-to-best1bin
table2_Ackley_d200_max,SMCO_EVO,rand1bin,best1bin,0.1743672801256757,0.1557196095408706,0.0186476705848051,best1bin
table2_Ackley_d200_max,SMCO_EVO,rand1bin,sobol,0.1743672801256757,0.3591823016487048,-0.1848150215230291,rand1bin
table2_Ackley_d200_max,SMCO_R_EVO,rand1bin,current-to-best1bin,0.1402763861684022,0.14696820408386913,-0.006691817915466913,rand1bin
table2_Ackley_d200_max,SMCO_R_EVO,rand1bin,best1bin,0.1402763861684022,0.12798029556673995,0.012296090601662257,best1bin
table2_Ackley_d200_max,SMCO_R_EVO,rand1bin,sobol,0.1402763861684022,0.3310311619715769,-0.19075477580317468,rand1bin
table2_Ackley_d200_max,SMCO_BR_EVO,rand1bin,current-to-best1bin,0.13192810851505854,0.15959919648474497,-0.027671087969686425,rand1bin
table2_Ackley_d200_max,SMCO_BR_EVO,rand1bin,best1bin,0.13192810851505854,0.12682512332010987,0.005102985194948673,best1bin
table2_Ackley_d200_max,SMCO_BR_EVO,rand1bin,sobol,0.13192810851505854,0.3051652738193553,-0.17323716530429678,rand1bin
table2_Ackley_d200_min,SMCO_EVO,rand1bin,current-to-best1bin,0.1994894886375782,0.20020305405144506,-0.0007135654138668568,rand1bin
table2_Ackley_d200_min,SMCO_EVO,rand1bin,best1bin,0.1994894886375782,0.20003772747937204,-0.0005482388417938355,rand1bin
table2_Ackley_d200_min,SMCO_EVO,rand1bin,sobol,0.1994894886375782,0.20219840653073112,-0.002708917893152918,rand1bin
table2_Ackley_d200_min,SMCO_R_EVO,rand1bin,current-to-best1bin,0.06591994611994671,0.06541120245540846,0.0005087436645382498,current-to-best1bin
table2_Ackley_d200_min,SMCO_R_EVO,rand1bin,best1bin,0.06591994611994671,0.0651568614589241,0.0007630846610226089,best1bin
table2_Ackley_d200_min,SMCO_R_EVO,rand1bin,sobol,0.06591994611994671,0.06501298322343345,0.0009069628965132637,sobol
table2_Ackley_d200_min,SMCO_BR_EVO,rand1bin,current-to-best1bin,0.07466899776030296,0.07558116042138607,-0.000912162661083113,rand1bin
table2_Ackley_d200_min,SMCO_BR_EVO,rand1bin,best1bin,0.07466899776030296,0.0736960628783482,0.000972934881954754,best1bin
table2_Ackley_d200_min,SMCO_BR_EVO,rand1bin,sobol,0.07466899776030296,0.07514213755944858,-0.0004731397991456221,rand1bin
table2_Griewank_d200_max,SMCO_EVO,rand1bin,current-to-best1bin,16.23707511354587,16.453687608976907,-0.21661249543103622,rand1bin
table2_Griewank_d200_max,SMCO_EVO,rand1bin,best1bin,16.23707511354587,16.453687608976907,-0.21661249543103622,rand1bin
table2_Griewank_d200_max,SMCO_EVO,rand1bin,sobol,16.23707511354587,16.474215860325785,-0.23714074677991448,rand1bin
table2_Griewank_d200_max,SMCO_R_EVO,rand1bin,current-to-best1bin,257.7415069764429,257.1324942370993,0.6090127393435978,current-to-best1bin
table2_Griewank_d200_max,SMCO_R_EVO,rand1bin,best1bin,257.7415069764429,257.1324942370993,0.6090127393435978,best1bin
table2_Griewank_d200_max,SMCO_R_EVO,rand1bin,sobol,257.7415069764429,258.1823941302209,-0.44088715377802146,rand1bin
table2_Griewank_d200_max,SMCO_BR_EVO,rand1bin,current-to-best1bin,995.5177100236833,995.4777681715241,0.03994185215924517,current-to-best1bin
table2_Griewank_d200_max,SMCO_BR_EVO,rand1bin,best1bin,995.5177100236833,995.4777681715241,0.03994185215924517,best1bin
table2_Griewank_d200_max,SMCO_BR_EVO,rand1bin,sobol,995.5177100236833,994.3187440198344,1.1989660038489092,sobol
table2_Griewank_d200_min,SMCO_EVO,rand1bin,current-to-best1bin,0.47516809196116094,0.47150003047109645,0.0036680614900644892,current-to-best1bin
table2_Griewank_d200_min,SMCO_EVO,rand1bin,best1bin,0.47516809196116094,0.4765035815267038,-0.0013354895655428578,rand1bin
table2_Griewank_d200_min,SMCO_EVO,rand1bin,sobol,0.47516809196116094,0.49617227315930634,-0.0210041811981454,rand1bin
table2_Griewank_d200_min,SMCO_R_EVO,rand1bin,current-to-best1bin,0.020959895977576887,0.0221919738173198,-0.0012320778397429122,rand1bin
table2_Griewank_d200_min,SMCO_R_EVO,rand1bin,best1bin,0.020959895977576887,0.0184985362628457,0.002461359714731187,best1bin
table2_Griewank_d200_min,SMCO_R_EVO,rand1bin,sobol,0.020959895977576887,0.02794187105790355,-0.006981975080326663,rand1bin
table2_Griewank_d200_min,SMCO_BR_EVO,rand1bin,current-to-best1bin,0.02341102769059164,0.022630766617690146,0.0007802610729014947,current-to-best1bin
table2_Griewank_d200_min,SMCO_BR_EVO,rand1bin,best1bin,0.02341102769059164,0.021104815658081838,0.0023062120325098023,best1bin
table2_Griewank_d200_min,SMCO_BR_EVO,rand1bin,sobol,0.02341102769059164,0.026875348179940528,-0.0034643204893488877,rand1bin
table2_Michalewicz_d200_max,SMCO_EVO,rand1bin,current-to-best1bin,4.99091020891326e-07,7.647702340998889e-07,-2.6567921320856284e-07,rand1bin
table2_Michalewicz_d200_max,SMCO_EVO,rand1bin,best1bin,4.99091020891326e-07,7.479330696370475e-07,-2.4884204874572147e-07,rand1bin
table2_Michalewicz_d200_max,SMCO_EVO,rand1bin,sobol,4.99091020891326e-07,6.7750352211164e-07,-1.78412501220314e-07,rand1bin
table2_Michalewicz_d200_max,SMCO_R_EVO,rand1bin,current-to-best1bin,1.0111825766816888e-13,1.2775422946195339e-13,-2.6635971793784508e-14,rand1bin
table2_Michalewicz_d200_max,SMCO_R_EVO,rand1bin,best1bin,1.0111825766816888e-13,8.001022562467606e-14,2.1108032043492816e-14,best1bin
table2_Michalewicz_d200_max,SMCO_R_EVO,rand1bin,sobol,1.0111825766816888e-13,1.091374580107978e-13,-8.019200342628916e-15,rand1bin
table2_Michalewicz_d200_max,SMCO_BR_EVO,rand1bin,current-to-best1bin,1.1589055102916174e-12,1.7501975500876674e-12,-5.9129203979605e-13,rand1bin
table2_Michalewicz_d200_max,SMCO_BR_EVO,rand1bin,best1bin,1.1589055102916174e-12,1.7501975500876674e-12,-5.9129203979605e-13,rand1bin
table2_Michalewicz_d200_max,SMCO_BR_EVO,rand1bin,sobol,1.1589055102916174e-12,9.577980627909074e-13,2.0110744750071e-13,sobol
table2_Michalewicz_d200_min,SMCO_EVO,rand1bin,current-to-best1bin,33.59139272591807,33.89562723051327,-0.3042345045952004,rand1bin
table2_Michalewicz_d200_min,SMCO_EVO,rand1bin,best1bin,33.59139272591807,33.18769448464164,0.4036982412764303,best1bin
table2_Michalewicz_d200_min,SMCO_EVO,rand1bin,sobol,33.59139272591807,33.2193594486279,0.3720332772901713,sobol
table2_Michalewicz_d200_min,SMCO_R_EVO,rand1bin,current-to-best1bin,0.7115596403895665,1.1068829957847015,-0.39532335539513497,rand1bin
table2_Michalewicz_d200_min,SMCO_R_EVO,rand1bin,best1bin,0.7115596403895665,1.0385165049230238,-0.3269568645334573,rand1bin
table2_Michalewicz_d200_min,SMCO_R_EVO,rand1bin,sobol,0.7115596403895665,0.8193353800298269,-0.10777573964026033,rand1bin
table2_Michalewicz_d200_min,SMCO_BR_EVO,rand1bin,current-to-best1bin,3.892204110781279,4.081229274102441,-0.18902516332116193,rand1bin
table2_Michalewicz_d200_min,SMCO_BR_EVO,rand1bin,best1bin,3.892204110781279,4.199150048864169,-0.3069459380828903,rand1bin
table2_Michalewicz_d200_min,SMCO_BR_EVO,rand1bin,sobol,3.892204110781279,3.72970082900801,0.16250328177326878,sobol
table2_Rastrigin_d200_max,SMCO_EVO,rand1bin,current-to-best1bin,1745.3200514724258,1738.9684918316325,6.351559640793312,current-to-best1bin
table2_Rastrigin_d200_max,SMCO_EVO,rand1bin,best1bin,1745.3200514724258,1738.9684918316325,6.351559640793312,best1bin
table2_Rastrigin_d200_max,SMCO_EVO,rand1bin,sobol,1745.3200514724258,1739.0548149191509,6.265236553274917,sobol
table2_Rastrigin_d200_max,SMCO_R_EVO,rand1bin,current-to-best1bin,1743.0798241820576,1736.8334185832773,6.246405598780257,current-to-best1bin
table2_Rastrigin_d200_max,SMCO_R_EVO,rand1bin,best1bin,1743.0798241820576,1736.8334185832773,6.246405598780257,best1bin
table2_Rastrigin_d200_max,SMCO_R_EVO,rand1bin,sobol,1743.0798241820576,1736.8381535178614,6.2416706641961355,sobol
table2_Rastrigin_d200_max,SMCO_BR_EVO,rand1bin,current-to-best1bin,1743.1738859466313,1736.933413180337,6.2404727662942605,current-to-best1bin
table2_Rastrigin_d200_max,SMCO_BR_EVO,rand1bin,best1bin,1743.1738859466313,1736.933413180337,6.2404727662942605,best1bin
table2_Rastrigin_d200_max,SMCO_BR_EVO,rand1bin,sobol,1743.1738859466313,1736.9286083262377,6.245277620393608,sobol
table2_Rastrigin_d200_min,SMCO_EVO,rand1bin,current-to-best1bin,324.2390541234037,314.37445150198,9.864602621423728,current-to-best1bin
table2_Rastrigin_d200_min,SMCO_EVO,rand1bin,best1bin,324.2390541234037,314.37445150198,9.864602621423728,best1bin
table2_Rastrigin_d200_min,SMCO_EVO,rand1bin,sobol,324.2390541234037,314.36290843163675,9.876145691766965,sobol
table2_Rastrigin_d200_min,SMCO_R_EVO,rand1bin,current-to-best1bin,322.29012583063707,316.3204742569354,5.96965157370164,current-to-best1bin
table2_Rastrigin_d200_min,SMCO_R_EVO,rand1bin,best1bin,322.29012583063707,316.3204742569354,5.96965157370164,best1bin
table2_Rastrigin_d200_min,SMCO_R_EVO,rand1bin,sobol,322.29012583063707,316.3169916164357,5.973134214201366,sobol
table2_Rastrigin_d200_min,SMCO_BR_EVO,rand1bin,current-to-best1bin,322.39039351774875,318.6775402213557,3.712853296393064,current-to-best1bin
table2_Rastrigin_d200_min,SMCO_BR_EVO,rand1bin,best1bin,322.39039351774875,318.6775402213557,3.712853296393064,best1bin
table2_Rastrigin_d200_min,SMCO_BR_EVO,rand1bin,sobol,322.39039351774875,318.6922936099402,3.698099907808569,sobol
table3_EmpiricalWelfare_d10,SMCO_EVO,rand1bin,current-to-best1bin,442.242825544834,441.25322888431106,0.9895966605229205,current-to-best1bin
table3_EmpiricalWelfare_d10,SMCO_EVO,rand1bin,best1bin,442.242825544834,441.25322888431106,0.9895966605229205,best1bin
table3_EmpiricalWelfare_d10,SMCO_EVO,rand1bin,sobol,442.242825544834,441.25322888431106,0.9895966605229205,sobol
table3_EmpiricalWelfare_d10,SMCO_R_EVO,rand1bin,current-to-best1bin,414.750357801149,435.06053344898646,-20.310175647837468,rand1bin
table3_EmpiricalWelfare_d10,SMCO_R_EVO,rand1bin,best1bin,414.750357801149,435.06053344898646,-20.310175647837468,rand1bin
table3_EmpiricalWelfare_d10,SMCO_R_EVO,rand1bin,sobol,414.750357801149,435.06053344898646,-20.310175647837468,rand1bin
table3_EmpiricalWelfare_d10,SMCO_BR_EVO,rand1bin,current-to-best1bin,449.5259785319315,454.80902309443763,-5.28304456250612,rand1bin
table3_EmpiricalWelfare_d10,SMCO_BR_EVO,rand1bin,best1bin,449.5259785319315,454.80902309443763,-5.28304456250612,rand1bin
table3_EmpiricalWelfare_d10,SMCO_BR_EVO,rand1bin,sobol,449.5259785319315,454.80902309443763,-5.28304456250612,rand1bin
table3_EmpiricalWelfare_d20,SMCO_EVO,rand1bin,current-to-best1bin,327.3496302721451,352.2301138458197,-24.88048357367461,rand1bin
table3_EmpiricalWelfare_d20,SMCO_EVO,rand1bin,best1bin,327.3496302721451,341.543731974411,-14.194101702265925,rand1bin
table3_EmpiricalWelfare_d20,SMCO_EVO,rand1bin,sobol,327.3496302721451,352.2301138458197,-24.88048357367461,rand1bin
table3_EmpiricalWelfare_d20,SMCO_R_EVO,rand1bin,current-to-best1bin,277.05279410170215,278.76920524775005,-1.7164111460479035,rand1bin
table3_EmpiricalWelfare_d20,SMCO_R_EVO,rand1bin,best1bin,277.05279410170215,278.1973934728394,-1.1445993711372466,rand1bin
table3_EmpiricalWelfare_d20,SMCO_R_EVO,rand1bin,sobol,277.05279410170215,278.76920524775005,-1.7164111460479035,rand1bin
table3_EmpiricalWelfare_d20,SMCO_BR_EVO,rand1bin,current-to-best1bin,365.41876179117435,363.2781285915644,2.1406331996099652,current-to-best1bin
table3_EmpiricalWelfare_d20,SMCO_BR_EVO,rand1bin,best1bin,365.41876179117435,358.4561335790954,6.962628212078926,best1bin
table3_EmpiricalWelfare_d20,SMCO_BR_EVO,rand1bin,sobol,365.41876179117435,363.2781285915644,2.1406331996099652,sobol
table3_EmpiricalWelfare_d5,SMCO_EVO,rand1bin,current-to-best1bin,86.2470318768294,86.6362268242433,-0.38919494741389826,rand1bin
table3_EmpiricalWelfare_d5,SMCO_EVO,rand1bin,best1bin,86.2470318768294,86.6362268242433,-0.38919494741389826,rand1bin
table3_EmpiricalWelfare_d5,SMCO_EVO,rand1bin,sobol,86.2470318768294,86.6362268242433,-0.38919494741389826,rand1bin
table3_EmpiricalWelfare_d5,SMCO_R_EVO,rand1bin,current-to-best1bin,87.604817304564,89.54240160468316,-1.9375843001191697,rand1bin
table3_EmpiricalWelfare_d5,SMCO_R_EVO,rand1bin,best1bin,87.604817304564,89.54240160468316,-1.9375843001191697,rand1bin
table3_EmpiricalWelfare_d5,SMCO_R_EVO,rand1bin,sobol,87.604817304564,89.54240160468316,-1.9375843001191697,rand1bin
table3_EmpiricalWelfare_d5,SMCO_BR_EVO,rand1bin,current-to-best1bin,94.06597907405353,94.24204163504191,-0.17606256098838458,rand1bin
table3_EmpiricalWelfare_d5,SMCO_BR_EVO,rand1bin,best1bin,94.06597907405353,94.24204163504191,-0.17606256098838458,rand1bin
table3_EmpiricalWelfare_d5,SMCO_BR_EVO,rand1bin,sobol,94.06597907405353,94.24204163504191,-0.17606256098838458,rand1bin
table3_EmpiricalWelfare_d50,SMCO_EVO,rand1bin,current-to-best1bin,496.95860349127133,549.1329719180303,-52.174368426758974,rand1bin
table3_EmpiricalWelfare_d50,SMCO_EVO,rand1bin,best1bin,496.95860349127133,549.1329719180303,-52.174368426758974,rand1bin
table3_EmpiricalWelfare_d50,SMCO_EVO,rand1bin,sobol,496.95860349127133,548.6598286891458,-51.701225197874464,rand1bin
table3_EmpiricalWelfare_d50,SMCO_R_EVO,rand1bin,current-to-best1bin,406.1959503415369,469.4244226390542,-63.22847229751733,rand1bin
table3_EmpiricalWelfare_d50,SMCO_R_EVO,rand1bin,best1bin,406.1959503415369,469.4244226390542,-63.22847229751733,rand1bin
table3_EmpiricalWelfare_d50,SMCO_R_EVO,rand1bin,sobol,406.1959503415369,453.23071668654393,-47.03476634500703,rand1bin
table3_EmpiricalWelfare_d50,SMCO_BR_EVO,rand1bin,current-to-best1bin,607.5675105713972,674.4158408327003,-66.84833026130309,rand1bin
table3_EmpiricalWelfare_d50,SMCO_BR_EVO,rand1bin,best1bin,607.5675105713972,674.4158408327003,-66.84833026130309,rand1bin
table3_EmpiricalWelfare_d50,SMCO_BR_EVO,rand1bin,sobol,607.5675105713972,672.6222975170763,-65.0547869456791,rand1bin
table3_MaximumScore_d10,SMCO_EVO,rand1bin,current-to-best1bin,0.0406399999999999,0.04056000000000004,7.999999999985796e-05,current-to-best1bin
table3_MaximumScore_d10,SMCO_EVO,rand1bin,best1bin,0.0406399999999999,0.04056000000000004,7.999999999985796e-05,best1bin
table3_MaximumScore_d10,SMCO_EVO,rand1bin,sobol,0.0406399999999999,0.04056000000000004,7.999999999985796e-05,sobol
table3_MaximumScore_d10,SMCO_R_EVO,rand1bin,current-to-best1bin,0.04028000000000004,0.04079999999999989,-0.0005199999999998539,rand1bin
table3_MaximumScore_d10,SMCO_R_EVO,rand1bin,best1bin,0.04028000000000004,0.04079999999999989,-0.0005199999999998539,rand1bin
table3_MaximumScore_d10,SMCO_R_EVO,rand1bin,sobol,0.04028000000000004,0.04079999999999989,-0.0005199999999998539,rand1bin
table3_MaximumScore_d10,SMCO_BR_EVO,rand1bin,current-to-best1bin,0.045040000000000024,0.044359999999999955,0.0006800000000000694,current-to-best1bin
table3_MaximumScore_d10,SMCO_BR_EVO,rand1bin,best1bin,0.045040000000000024,0.044359999999999955,0.0006800000000000694,best1bin
table3_MaximumScore_d10,SMCO_BR_EVO,rand1bin,sobol,0.045040000000000024,0.044359999999999955,0.0006800000000000694,sobol
table3_MaximumScore_d20,SMCO_EVO,rand1bin,current-to-best1bin,0.03231999999999996,0.031039999999999957,0.0012800000000000034,current-to-best1bin
table3_MaximumScore_d20,SMCO_EVO,rand1bin,best1bin,0.03231999999999996,0.031039999999999957,0.0012800000000000034,best1bin
table3_MaximumScore_d20,SMCO_EVO,rand1bin,sobol,0.03231999999999996,0.031039999999999957,0.0012800000000000034,sobol
table3_MaximumScore_d20,SMCO_R_EVO,rand1bin,current-to-best1bin,0.035679999999999934,0.034959999999999936,0.0007199999999999984,current-to-best1bin
table3_MaximumScore_d20,SMCO_R_EVO,rand1bin,best1bin,0.035679999999999934,0.03520000000000001,0.00047999999999992493,best1bin
table3_MaximumScore_d20,SMCO_R_EVO,rand1bin,sobol,0.035679999999999934,0.034959999999999936,0.0007199999999999984,sobol
table3_MaximumScore_d20,SMCO_BR_EVO,rand1bin,current-to-best1bin,0.04239999999999999,0.04255999999999999,-0.00015999999999999348,rand1bin
table3_MaximumScore_d20,SMCO_BR_EVO,rand1bin,best1bin,0.04239999999999999,0.041599999999999915,0.0008000000000000784,best1bin
table3_MaximumScore_d20,SMCO_BR_EVO,rand1bin,sobol,0.04239999999999999,0.04255999999999999,-0.00015999999999999348,rand1bin
table3_MaximumScore_d5,SMCO_EVO,rand1bin,current-to-best1bin,0.059279999999999944,0.059319999999999984,-4.0000000000040004e-05,rand1bin
table3_MaximumScore_d5,SMCO_EVO,rand1bin,best1bin,0.059279999999999944,0.059319999999999984,-4.0000000000040004e-05,rand1bin
table3_MaximumScore_d5,SMCO_EVO,rand1bin,sobol,0.059279999999999944,0.059319999999999984,-4.0000000000040004e-05,rand1bin
table3_MaximumScore_d5,SMCO_R_EVO,rand1bin,current-to-best1bin,0.058539999999999925,0.05918000000000001,-0.0006400000000000849,rand1bin
table3_MaximumScore_d5,SMCO_R_EVO,rand1bin,best1bin,0.058539999999999925,0.05918000000000001,-0.0006400000000000849,rand1bin
table3_MaximumScore_d5,SMCO_R_EVO,rand1bin,sobol,0.058539999999999925,0.05918000000000001,-0.0006400000000000849,rand1bin
table3_MaximumScore_d5,SMCO_BR_EVO,rand1bin,current-to-best1bin,0.06217999999999996,0.061259999999999926,0.0009200000000000319,current-to-best1bin
table3_MaximumScore_d5,SMCO_BR_EVO,rand1bin,best1bin,0.06217999999999996,0.061259999999999926,0.0009200000000000319,best1bin
table3_MaximumScore_d5,SMCO_BR_EVO,rand1bin,sobol,0.06217999999999996,0.061259999999999926,0.0009200000000000319,sobol
table3_MaximumScore_d50,SMCO_EVO,rand1bin,current-to-best1bin,0.0746,0.07479999999999998,-0.00019999999999997797,rand1bin
table3_MaximumScore_d50,SMCO_EVO,rand1bin,best1bin,0.0746,0.07479999999999998,-0.00019999999999997797,rand1bin
table3_MaximumScore_d50,SMCO_EVO,rand1bin,sobol,0.0746,0.07499999999999996,-0.00039999999999995595,rand1bin
table3_MaximumScore_d50,SMCO_R_EVO,rand1bin,current-to-best1bin,0.07619999999999999,0.07140000000000002,0.004799999999999971,current-to-best1bin
table3_MaximumScore_d50,SMCO_R_EVO,rand1bin,best1bin,0.07619999999999999,0.07140000000000002,0.004799999999999971,best1bin
table3_MaximumScore_d50,SMCO_R_EVO,rand1bin,sobol,0.07619999999999999,0.07160000000000005,0.0045999999999999375,sobol
table3_MaximumScore_d50,SMCO_BR_EVO,rand1bin,current-to-best1bin,0.08039999999999997,0.07739999999999997,0.0030000000000000027,current-to-best1bin
table3_MaximumScore_d50,SMCO_BR_EVO,rand1bin,best1bin,0.08039999999999997,0.07799999999999996,0.0024000000000000132,best1bin
table3_MaximumScore_d50,SMCO_BR_EVO,rand1bin,sobol,0.08039999999999997,0.07859999999999989,0.0018000000000000793,sobol
Ackley_10d,SMCO_EVO,rand1bin,current-to-best1bin,0.23200580025049983,0.22153849604986053,0.010467304200639294,current-to-best1bin
Ackley_10d,SMCO_EVO,rand1bin,best1bin,0.23200580025049983,0.21701870872821766,0.01498709152228217,best1bin
Ackley_10d,SMCO_EVO,rand1bin,sobol,0.23200580025049983,0.2575854255292499,-0.025579625278750073,rand1bin
Ackley_10d,SMCO_R_EVO,rand1bin,current-to-best1bin,0.0539258372611016,0.05325145086622847,0.0006743863948731332,current-to-best1bin
Ackley_10d,SMCO_R_EVO,rand1bin,best1bin,0.0539258372611016,0.05614266105626466,-0.00221682379516306,rand1bin
Ackley_10d,SMCO_R_EVO,rand1bin,sobol,0.0539258372611016,0.05441530332909998,-0.0004894660679983787,rand1bin
Ackley_10d,SMCO_BR_EVO,rand1bin,current-to-best1bin,0.05614730913770973,0.05425000610701343,0.0018973030306963026,current-to-best1bin
Ackley_10d,SMCO_BR_EVO,rand1bin,best1bin,0.05614730913770973,0.05563570468678005,0.0005116044509296813,best1bin
Ackley_10d,SMCO_BR_EVO,rand1bin,sobol,0.05614730913770973,0.060768130129119594,-0.004620820991409862,rand1bin
Bukin6_2d,SMCO_EVO,rand1bin,current-to-best1bin,0.179632001660024,0.23055424497936014,-0.05092224331933615,rand1bin
Bukin6_2d,SMCO_EVO,rand1bin,best1bin,0.179632001660024,0.17404214941055848,0.00558985224946551,best1bin
Bukin6_2d,SMCO_EVO,rand1bin,sobol,0.179632001660024,0.21369480360650414,-0.03406280194648015,rand1bin
Bukin6_2d,SMCO_R_EVO,rand1bin,current-to-best1bin,0.109554012191252,0.09916240320112686,0.010391608990125145,current-to-best1bin
Bukin6_2d,SMCO_R_EVO,rand1bin,best1bin,0.109554012191252,0.1194609796106759,-0.009906967419423887,rand1bin
Bukin6_2d,SMCO_R_EVO,rand1bin,sobol,0.109554012191252,0.13234562097398966,-0.022791608782737657,rand1bin
Bukin6_2d,SMCO_BR_EVO,rand1bin,current-to-best1bin,0.12089574503252476,0.11356850108245635,0.00732724395006841,current-to-best1bin
Bukin6_2d,SMCO_BR_EVO,rand1bin,best1bin,0.12089574503252476,0.1067714776622164,0.014124267370308363,best1bin
Bukin6_2d,SMCO_BR_EVO,rand1bin,sobol,0.12089574503252476,0.1275687253398124,-0.006672980307287635,rand1bin
DixonPrice_10d,SMCO_EVO,rand1bin,current-to-best1bin,0.6710605537093445,0.6697306079194487,0.001329945789895759,current-to-best1bin
DixonPrice_10d,SMCO_EVO,rand1bin,best1bin,0.6710605537093445,0.6705761452931539,0.00048440841619057373,best1bin
DixonPrice_10d,SMCO_EVO,rand1bin,sobol,0.6710605537093445,0.6715015054438678,-0.0004409517345232983,rand1bin
DixonPrice_10d,SMCO_R_EVO,rand1bin,current-to-best1bin,0.6670999103427262,0.6670744885742469,2.5421768479305662e-05,current-to-best1bin
DixonPrice_10d,SMCO_R_EVO,rand1bin,best1bin,0.6670999103427262,0.6670880448025014,1.1865540224809124e-05,best1bin
DixonPrice_10d,SMCO_R_EVO,rand1bin,sobol,0.6670999103427262,0.6340408152397282,0.03305909510299798,sobol
DixonPrice_10d,SMCO_BR_EVO,rand1bin,current-to-best1bin,0.26979573580399324,0.1996116191953349,0.07018411660865834,current-to-best1bin
DixonPrice_10d,SMCO_BR_EVO,rand1bin,best1bin,0.26979573580399324,0.1675724343804392,0.10222330142355404,best1bin
DixonPrice_10d,SMCO_BR_EVO,rand1bin,sobol,0.26979573580399324,0.23965743063341394,0.030138305170579305,sobol
DropWave_2d,SMCO_EVO,rand1bin,current-to-best1bin,0.03699656396934614,0.032577871290662586,0.004418692678683556,current-to-best1bin
DropWave_2d,SMCO_EVO,rand1bin,best1bin,0.03699656396934614,0.029403417818607558,0.007593146150738583,best1bin
DropWave_2d,SMCO_EVO,rand1bin,sobol,0.03699656396934614,0.054958109546223155,-0.017961545576877014,rand1bin
DropWave_2d,SMCO_R_EVO,rand1bin,current-to-best1bin,0.028789957804015054,0.025593806200987168,0.003196151603027886,current-to-best1bin
DropWave_2d,SMCO_R_EVO,rand1bin,best1bin,0.028789957804015054,0.02562192952389586,0.003168028280119195,best1bin
DropWave_2d,SMCO_R_EVO,rand1bin,sobol,0.028789957804015054,0.04150733393860406,-0.012717376134589009,rand1bin
DropWave_2d,SMCO_BR_EVO,rand1bin,current-to-best1bin,0.025591295542203185,0.028819248150759202,-0.0032279526085560173,rand1bin
DropWave_2d,SMCO_BR_EVO,rand1bin,best1bin,0.025591295542203185,0.03196401260314552,-0.0063727170609423345,rand1bin
DropWave_2d,SMCO_BR_EVO,rand1bin,sobol,0.025591295542203185,0.03834024165290084,-0.012748946110697656,rand1bin
Easom_2d,SMCO_EVO,rand1bin,current-to-best1bin,0.5225186402401767,0.6516651702855855,-0.12914653004540877,rand1bin
Easom_2d,SMCO_EVO,rand1bin,best1bin,0.5225186402401767,0.5991812847340031,-0.07666264449382643,rand1bin
Easom_2d,SMCO_EVO,rand1bin,sobol,0.5225186402401767,0.6562355864334816,-0.13371694619330488,rand1bin
Easom_2d,SMCO_R_EVO,rand1bin,current-to-best1bin,0.15089415697141584,0.25052495145544007,-0.09963079448402423,rand1bin
Easom_2d,SMCO_R_EVO,rand1bin,best1bin,0.15089415697141584,0.3004927710451233,-0.14959861407370745,rand1bin
Easom_2d,SMCO_R_EVO,rand1bin,sobol,0.15089415697141584,0.3007395121293662,-0.1498453551579504,rand1bin
Easom_2d,SMCO_BR_EVO,rand1bin,current-to-best1bin,0.25142864679696175,0.25160300309934236,-0.00017435630238060718,rand1bin
Easom_2d,SMCO_BR_EVO,rand1bin,best1bin,0.25142864679696175,0.30121779752103794,-0.04978915072407619,rand1bin
Easom_2d,SMCO_BR_EVO,rand1bin,sobol,0.25142864679696175,0.4009970068130496,-0.14956836001608786,rand1bin
Eggholder_2d,SMCO_EVO,rand1bin,current-to-best1bin,126.45148696609203,87.18378122638478,39.26770573970725,current-to-best1bin
Eggholder_2d,SMCO_EVO,rand1bin,best1bin,126.45148696609203,86.2040090125206,40.24747795357143,best1bin
Eggholder_2d,SMCO_EVO,rand1bin,sobol,126.45148696609203,91.51408449011763,34.93740247597441,sobol
Eggholder_2d,SMCO_R_EVO,rand1bin,current-to-best1bin,92.02566937645543,87.27858239295495,4.7470869835004805,current-to-best1bin
Eggholder_2d,SMCO_R_EVO,rand1bin,best1bin,92.02566937645543,82.33455255050058,9.69111682595485,best1bin
Eggholder_2d,SMCO_R_EVO,rand1bin,sobol,92.02566937645543,95.38237249539509,-3.356703118939663,rand1bin
Eggholder_2d,SMCO_BR_EVO,rand1bin,current-to-best1bin,82.40106345765935,84.08556037638482,-1.684496918725472,rand1bin
Eggholder_2d,SMCO_BR_EVO,rand1bin,best1bin,82.40106345765935,82.91257565909427,-0.5115122014349254,rand1bin
Eggholder_2d,SMCO_BR_EVO,rand1bin,sobol,82.40106345765935,92.00445465347514,-9.603391195815789,rand1bin
Griewank_10d,SMCO_EVO,rand1bin,current-to-best1bin,0.3033519310919687,0.34022987745720024,-0.03687794636523156,rand1bin
Griewank_10d,SMCO_EVO,rand1bin,best1bin,0.3033519310919687,0.3279517383676453,-0.02459980727567662,rand1bin
Griewank_10d,SMCO_EVO,rand1bin,sobol,0.3033519310919687,0.3948997256861414,-0.09154779459417273,rand1bin
Griewank_10d,SMCO_R_EVO,rand1bin,current-to-best1bin,0.06904263821733206,0.07577647749173182,-0.006733839274399758,rand1bin
Griewank_10d,SMCO_R_EVO,rand1bin,best1bin,0.06904263821733206,0.0713925694273346,-0.0023499312100025427,rand1bin
Griewank_10d,SMCO_R_EVO,rand1bin,sobol,0.06904263821733206,0.07949295104826899,-0.010450312830936934,rand1bin
Griewank_10d,SMCO_BR_EVO,rand1bin,current-to-best1bin,0.09849467489925919,0.09973449855747887,-0.001239823658219688,rand1bin
Griewank_10d,SMCO_BR_EVO,rand1bin,best1bin,0.09849467489925919,0.0991954552296179,-0.0007007803303587107,rand1bin
Griewank_10d,SMCO_BR_EVO,rand1bin,sobol,0.09849467489925919,0.11751174760025411,-0.019017072700994925,rand1bin
McCormick_2d,SMCO_EVO,rand1bin,current-to-best1bin,1.3406650412051135e-07,2.018388853830544e-07,-6.777238126254304e-08,rand1bin
McCormick_2d,SMCO_EVO,rand1bin,best1bin,1.3406650412051135e-07,1.8516165534165907e-07,-5.1095151221147717e-08,rand1bin
McCormick_2d,SMCO_EVO,rand1bin,sobol,1.3406650412051135e-07,1.6777725786454312e-07,-3.371075374403176e-08,rand1bin
McCormick_2d,SMCO_R_EVO,rand1bin,current-to-best1bin,1.8473053975398557e-08,8.1946742724881e-09,1.0278379702910456e-08,current-to-best1bin
McCormick_2d,SMCO_R_EVO,rand1bin,best1bin,1.8473053975398557e-08,9.586224702928803e-09,8.886829272469754e-09,best1bin
McCormick_2d,SMCO_R_EVO,rand1bin,sobol,1.8473053975398557e-08,1.83098305406304e-08,1.6322343476815604e-10,sobol
McCormick_2d,SMCO_BR_EVO,rand1bin,current-to-best1bin,2.590216441333837e-08,1.7763145176985518e-08,8.139019236352851e-09,current-to-best1bin
McCormick_2d,SMCO_BR_EVO,rand1bin,best1bin,2.590216441333837e-08,1.819925210533313e-08,7.702912308005239e-09,best1bin
McCormick_2d,SMCO_BR_EVO,rand1bin,sobol,2.590216441333837e-08,3.371935886065103e-08,-7.817194447312659e-09,rand1bin
Michalewicz_10d,SMCO_EVO,rand1bin,current-to-best1bin,0.5827825604574812,0.6208170233121084,-0.03803446285462719,rand1bin
Michalewicz_10d,SMCO_EVO,rand1bin,best1bin,0.5827825604574812,0.6468258876175739,-0.06404332716009264,rand1bin
Michalewicz_10d,SMCO_EVO,rand1bin,sobol,0.5827825604574812,0.6838003550993221,-0.10101779464184091,rand1bin
Michalewicz_10d,SMCO_R_EVO,rand1bin,current-to-best1bin,0.6292933939211824,0.6047205336680417,0.02457286025314076,current-to-best1bin
Michalewicz_10d,SMCO_R_EVO,rand1bin,best1bin,0.6292933939211824,0.6214213502980392,0.007872043623143199,best1bin
Michalewicz_10d,SMCO_R_EVO,rand1bin,sobol,0.6292933939211824,0.6403286994723878,-0.011035305551205354,rand1bin
Michalewicz_10d,SMCO_BR_EVO,rand1bin,current-to-best1bin,0.565811468281245,0.6248371001581727,-0.059025631876927775,rand1bin
Michalewicz_10d,SMCO_BR_EVO,rand1bin,best1bin,0.565811468281245,0.6607397781791153,-0.09492830989787038,rand1bin
Michalewicz_10d,SMCO_BR_EVO,rand1bin,sobol,0.565811468281245,0.6820586876156565,-0.11624721933441151,rand1bin
Mishra6_2d,SMCO_EVO,rand1bin,current-to-best1bin,0.0374062480787094,0.042127704839133084,-0.004721456760423681,rand1bin
Mishra6_2d,SMCO_EVO,rand1bin,best1bin,0.0374062480787094,0.04263372620777783,-0.00522747812906843,rand1bin
Mishra6_2d,SMCO_EVO,rand1bin,sobol,0.0374062480787094,0.054883226230952875,-0.017476978152243472,rand1bin
Mishra6_2d,SMCO_R_EVO,rand1bin,current-to-best1bin,0.041256324375829045,0.04234738301049035,-0.0010910586346613016,rand1bin
Mishra6_2d,SMCO_R_EVO,rand1bin,best1bin,0.041256324375829045,0.04100446772639321,0.0002518566494358332,best1bin
Mishra6_2d,SMCO_R_EVO,rand1bin,sobol,0.041256324375829045,0.030048096859924378,0.011208227515904667,sobol
Mishra6_2d,SMCO_BR_EVO,rand1bin,current-to-best1bin,0.025398300762520698,0.03560212858457268,-0.01020382782205198,rand1bin
Mishra6_2d,SMCO_BR_EVO,rand1bin,best1bin,0.025398300762520698,0.041224897206273425,-0.015826596443752727,rand1bin
Mishra6_2d,SMCO_BR_EVO,rand1bin,sobol,0.025398300762520698,0.04986460301878104,-0.02446630225626034,rand1bin
NegativeSquaredNorm_10d,SMCO_EVO,rand1bin,current-to-best1bin,1.3444469803928433e-05,1.3205130061871495e-05,2.3933974205693834e-07,current-to-best1bin
NegativeSquaredNorm_10d,SMCO_EVO,rand1bin,best1bin,1.3444469803928433e-05,1.3333635421632365e-05,1.1083438229606793e-07,best1bin
NegativeSquaredNorm_10d,SMCO_EVO,rand1bin,sobol,1.3444469803928433e-05,1.564189260253763e-05,-2.1974227986091973e-06,rand1bin
NegativeSquaredNorm_10d,SMCO_R_EVO,rand1bin,current-to-best1bin,1.139290966849092e-06,1.3469424959727096e-06,-2.0765152912361765e-07,rand1bin
NegativeSquaredNorm_10d,SMCO_R_EVO,rand1bin,best1bin,1.139290966849092e-06,1.3279564904153064e-06,-1.886655235662144e-07,rand1bin
NegativeSquaredNorm_10d,SMCO_R_EVO,rand1bin,sobol,1.139290966849092e-06,1.311600155131767e-06,-1.7230918828267512e-07,rand1bin
NegativeSquaredNorm_10d,SMCO_BR_EVO,rand1bin,current-to-best1bin,1.2523285991489575e-06,1.2785889915195096e-06,-2.6260392370552103e-08,rand1bin
NegativeSquaredNorm_10d,SMCO_BR_EVO,rand1bin,best1bin,1.2523285991489575e-06,1.332058110058307e-06,-7.972951090934954e-08,rand1bin
NegativeSquaredNorm_10d,SMCO_BR_EVO,rand1bin,sobol,1.2523285991489575e-06,1.4427544107130615e-06,-1.9042581156410408e-07,rand1bin
Qing_10d,SMCO_EVO,rand1bin,current-to-best1bin,51.74610187688796,61.81332345485639,-10.067221577968425,rand1bin
Qing_10d,SMCO_EVO,rand1bin,best1bin,51.74610187688796,54.94016357810999,-3.194061701222026,rand1bin
Qing_10d,SMCO_EVO,rand1bin,sobol,51.74610187688796,60.89990753817742,-9.15380566128946,rand1bin
Qing_10d,SMCO_R_EVO,rand1bin,current-to-best1bin,5.284714274702378,4.989638437053331,0.29507583764904766,current-to-best1bin
Qing_10d,SMCO_R_EVO,rand1bin,best1bin,5.284714274702378,4.717429774179739,0.5672845005226392,best1bin
Qing_10d,SMCO_R_EVO,rand1bin,sobol,5.284714274702378,5.336767336151132,-0.052053061448753546,rand1bin
Qing_10d,SMCO_BR_EVO,rand1bin,current-to-best1bin,6.4410446404209525,5.598512360013424,0.8425322804075286,current-to-best1bin
Qing_10d,SMCO_BR_EVO,rand1bin,best1bin,6.4410446404209525,6.027280863902302,0.4137637765186506,best1bin
Qing_10d,SMCO_BR_EVO,rand1bin,sobol,6.4410446404209525,6.261788387702007,0.17925625271894585,sobol
Rastrigin_10d,SMCO_EVO,rand1bin,current-to-best1bin,4.266160078922054,4.01736938505497,0.2487906938670843,current-to-best1bin
Rastrigin_10d,SMCO_EVO,rand1bin,best1bin,4.266160078922054,4.116704092215412,0.14945598670664229,best1bin
Rastrigin_10d,SMCO_EVO,rand1bin,sobol,4.266160078922054,4.123786245999256,0.14237383292279837,sobol
Rastrigin_10d,SMCO_R_EVO,rand1bin,current-to-best1bin,4.0865226710880895,4.036489121409903,0.05003354967818652,current-to-best1bin
Rastrigin_10d,SMCO_R_EVO,rand1bin,best1bin,4.0865226710880895,4.036529634291401,0.049993036796688095,best1bin
Rastrigin_10d,SMCO_R_EVO,rand1bin,sobol,4.0865226710880895,4.1365125017414215,-0.04998983065333196,rand1bin
Rastrigin_10d,SMCO_BR_EVO,rand1bin,current-to-best1bin,4.087807746006621,3.739941012374023,0.34786673363259757,current-to-best1bin
Rastrigin_10d,SMCO_BR_EVO,rand1bin,best1bin,4.087807746006621,3.7897910512165653,0.2980166947900553,best1bin
Rastrigin_10d,SMCO_BR_EVO,rand1bin,sobol,4.087807746006621,3.789964727531938,0.29784301847468253,sobol
Rosenbrock_10d,SMCO_EVO,rand1bin,current-to-best1bin,0.7442618752487925,0.7884160847146173,-0.04415420946582482,rand1bin
Rosenbrock_10d,SMCO_EVO,rand1bin,best1bin,0.7442618752487925,0.7854723712610118,-0.041210496012219267,rand1bin
Rosenbrock_10d,SMCO_EVO,rand1bin,sobol,0.7442618752487925,0.8953688585671173,-0.15110698331832484,rand1bin
Rosenbrock_10d,SMCO_R_EVO,rand1bin,current-to-best1bin,0.14258615322627238,0.1809850604756657,-0.03839890724939332,rand1bin
Rosenbrock_10d,SMCO_R_EVO,rand1bin,best1bin,0.14258615322627238,0.17475932522019358,-0.032173171993921196,rand1bin
Rosenbrock_10d,SMCO_R_EVO,rand1bin,sobol,0.14258615322627238,0.21374990724937604,-0.07116375402310365,rand1bin
Rosenbrock_10d,SMCO_BR_EVO,rand1bin,current-to-best1bin,0.1310302765803011,0.12565696425722048,0.005373312323080637,current-to-best1bin
Rosenbrock_10d,SMCO_BR_EVO,rand1bin,best1bin,0.1310302765803011,0.1273421319995704,0.003688144580730718,best1bin
Rosenbrock_10d,SMCO_BR_EVO,rand1bin,sobol,0.1310302765803011,0.22130369247036175,-0.09027341589006063,rand1bin
Shubert_2d,SMCO_EVO,rand1bin,current-to-best1bin,2.1915650036384307,0.1287358925521005,2.06282911108633,current-to-best1bin
Shubert_2d,SMCO_EVO,rand1bin,best1bin,2.1915650036384307,3.30540561203577,-1.1138406083973393,rand1bin
Shubert_2d,SMCO_EVO,rand1bin,sobol,2.1915650036384307,6.98481490353916,-4.793249899900729,rand1bin
Shubert_2d,SMCO_R_EVO,rand1bin,current-to-best1bin,3.1578265437525204,3.1578271753931517,-6.316406313544576e-07,rand1bin
Shubert_2d,SMCO_R_EVO,rand1bin,best1bin,3.1578265437525204,3.5338517854510485,-0.37602524169852813,rand1bin
Shubert_2d,SMCO_R_EVO,rand1bin,sobol,3.1578265437525204,3.533842163039168,-0.3760156192866475,rand1bin
Shubert_2d,SMCO_BR_EVO,rand1bin,current-to-best1bin,0.00012251655653017224,3.157956001076883,-3.157833484520353,rand1bin
Shubert_2d,SMCO_BR_EVO,rand1bin,best1bin,0.00012251655653017224,3.1579322553753,-3.15780973881877,rand1bin
Shubert_2d,SMCO_BR_EVO,rand1bin,sobol,0.00012251655653017224,7.0224121707320535,-7.022289654175523,rand1bin
SixHumpCamel_2d,SMCO_EVO,rand1bin,current-to-best1bin,6.426376022439229e-07,5.589187537236029e-07,8.371884852031997e-08,current-to-best1bin
SixHumpCamel_2d,SMCO_EVO,rand1bin,best1bin,6.426376022439229e-07,4.036757661474155e-07,2.3896183609650734e-07,best1bin
SixHumpCamel_2d,SMCO_EVO,rand1bin,sobol,6.426376022439229e-07,6.29519808947876e-07,1.3117793296046898e-08,sobol
SixHumpCamel_2d,SMCO_R_EVO,rand1bin,current-to-best1bin,1.9608753509814392e-08,3.056740927043222e-08,-1.095865576061783e-08,rand1bin
SixHumpCamel_2d,SMCO_R_EVO,rand1bin,best1bin,1.9608753509814392e-08,2.034891699587149e-08,-7.401634860570994e-10,rand1bin
SixHumpCamel_2d,SMCO_R_EVO,rand1bin,sobol,1.9608753509814392e-08,2.657910003200925e-08,-6.970346522194859e-09,rand1bin
SixHumpCamel_2d,SMCO_BR_EVO,rand1bin,current-to-best1bin,2.36029029654361e-08,3.136954274118864e-08,-7.766639775752537e-09,rand1bin
SixHumpCamel_2d,SMCO_BR_EVO,rand1bin,best1bin,2.36029029654361e-08,3.4882251531698216e-08,-1.1279348566262115e-08,rand1bin
SixHumpCamel_2d,SMCO_BR_EVO,rand1bin,sobol,2.36029029654361e-08,3.5916988494477664e-08,-1.2314085529041563e-08,rand1bin
SquaredNorm_10d,SMCO_EVO,rand1bin,current-to-best1bin,0.18663748935363955,0.22400876899803812,-0.03737127964439857,rand1bin
SquaredNorm_10d,SMCO_EVO,rand1bin,best1bin,0.18663748935363955,0.20469619668119066,-0.018058707327551105,rand1bin
SquaredNorm_10d,SMCO_EVO,rand1bin,sobol,0.18663748935363955,0.2272610855376449,-0.04062359618400535,rand1bin
SquaredNorm_10d,SMCO_R_EVO,rand1bin,current-to-best1bin,0.3112560945691545,0.35195566503307774,-0.04069957046392325,rand1bin
SquaredNorm_10d,SMCO_R_EVO,rand1bin,best1bin,0.3112560945691545,0.3245787966935936,-0.01332270212443909,rand1bin
SquaredNorm_10d,SMCO_R_EVO,rand1bin,sobol,0.3112560945691545,0.3700267365296952,-0.058770641960540715,rand1bin
SquaredNorm_10d,SMCO_BR_EVO,rand1bin,current-to-best1bin,0.6225639819748672,0.7047160171227116,-0.08215203514784442,rand1bin
SquaredNorm_10d,SMCO_BR_EVO,rand1bin,best1bin,0.6225639819748672,0.6412766038270199,-0.018712621852152722,rand1bin
SquaredNorm_10d,SMCO_BR_EVO,rand1bin,sobol,0.6225639819748672,0.7542039643776199,-0.13163998240275276,rand1bin
Zakharov_10d,SMCO_EVO,rand1bin,current-to-best1bin,0.03360884764294159,0.03569776326247077,-0.0020889156195291747,rand1bin
Zakharov_10d,SMCO_EVO,rand1bin,best1bin,0.03360884764294159,0.03397716350746377,-0.00036831586452217707,rand1bin
Zakharov_10d,SMCO_EVO,rand1bin,sobol,0.03360884764294159,0.038924488176239135,-0.0053156405332975415,rand1bin
Zakharov_10d,SMCO_R_EVO,rand1bin,current-to-best1bin,0.03149499809980669,0.031213826594587386,0.0002811715052193006,current-to-best1bin
Zakharov_10d,SMCO_R_EVO,rand1bin,best1bin,0.03149499809980669,0.03102450642187151,0.0004704916779351767,best1bin
Zakharov_10d,SMCO_R_EVO,rand1bin,sobol,0.03149499809980669,0.0357818920112059,-0.004286893911399213,rand1bin
Zakharov_10d,SMCO_BR_EVO,rand1bin,current-to-best1bin,0.05997035530587166,0.06024260937656249,-0.0002722540706908347,rand1bin
Zakharov_10d,SMCO_BR_EVO,rand1bin,best1bin,0.05997035530587166,0.05826243683113825,0.001707918474733408,best1bin
Zakharov_10d,SMCO_BR_EVO,rand1bin,sobol,0.05997035530587166,0.06444656901260125,-0.004476213706729591,rand1bin
